FLAGS_clocks_per_us,FLAGS_extime,FLAGS_gc_inter_us,FLAGS_max_ope,FLAGS_pre_reserve_tmt_element,FLAGS_pre_reserve_version,FLAGS_rmw,FLAGS_rratio,FLAGS_thread_num,FLAGS_ycsb,FLAGS_ycsb_max_ope,FLAGS_ycsb_rmw,FLAGS_ycsb_rratio,FLAGS_ycsb_tuple_num,FLAGS_ycsb_zipf_skew,FLAGS_zipf_skew,abort_counts_,abort_rate,ack_latency_max_us,ack_latency_p50_us,ack_latency_p90_us,ack_latency_p95_us,ack_latency_p999_us,ack_latency_p99_us,ack_process_ns_per_tx,actual_extime,avg_batch_size,avg_ready_queue_len,avg_waitlist_len,batch_abort_counts_,batch_abort_rate,batch_commit_counts_,bytes_flushed_per_sec,commit_counts_,commits_per_fdatasync,committer_cpu_ns_per_tx,committer_event_ns_per_tx,committer_num,cycles_per_acked_tx,cycles_per_logical_tx,dep_wait_conditions_per_tx,derived_acked_commits,derived_logical_commits,durable_ack_tps,exit_code,experiment,fdatasync_ns_per_tx,fdatasync_per_sec,flush_us,flusher_cpu_ns_per_tx,frontier_alloc_count_per_tx,frontier_bytes_per_tx,frontier_collect_ns_per_tx,frontier_entries_per_tx,frontier_merge_ns_per_tx,frontier_nonzero_entries_per_tx,frontier_publish_ns_per_tx,frontier_shared_ptr_count_per_tx,global_atomic_per_tx,group_size,instructions_per_acked_tx,instructions_per_logical_tx,logger_num,logical_minus_acked,logical_tps,lsn_alloc_ns_per_tx,max_pending,max_ready_queue_len,max_waitlist_len,maxrss,mode,payload_build_ns_per_tx,pending_commits,perf_context_switches,perf_cycles,perf_instructions,perf_task_clock_ms,perfstat_log,queue_wait_us_per_acked_tx,read_frontier_updates_per_tx,read_only_frontier_collect_skipped_per_tx,ready_queue_push_ns_per_tx,repeat,skip_fdatasync,skip_read_only,stderr_log,stdout_log,straggler_logger,straggler_sleep_us,system,tx_breakdown_abort_cleanup_ns,tx_breakdown_commit_cleanup_ns,tx_breakdown_delete_ns,tx_breakdown_insert_ns,tx_breakdown_maintenance_ns,tx_breakdown_node_validation_ns,tx_breakdown_read_ns,tx_breakdown_ssn_exclusion_ns,tx_breakdown_ssn_finalize_eta_ns,tx_breakdown_ssn_finalize_pi_ns,tx_breakdown_total_accounted_ns,tx_breakdown_update_ns,tx_breakdown_version_install_ns,tx_breakdown_wal_log_ns,version_install_ns_per_tx,waiting_conditions_per_tx,waitlist_pops_per_tx,waitlist_registration_ns_per_tx,waitlist_registrations_per_tx,wal_enqueue_ns_per_tx,wal_stats_ack_latency_max_us,wal_stats_ack_latency_p50_us,wal_stats_ack_latency_p90_us,wal_stats_ack_latency_p95_us,wal_stats_ack_latency_p999_us,wal_stats_ack_latency_p99_us,wal_stats_ack_latency_samples,wal_stats_ack_process_ns,wal_stats_acked_commits,wal_stats_async_acked_commits,wal_stats_avg_accounted_ns_per_commit,wal_stats_avg_batch_size,wal_stats_avg_ready_queue_len,wal_stats_avg_waitlist_len,wal_stats_bytes,wal_stats_commits,wal_stats_committer_cpu_ns,wal_stats_committer_event_ns,wal_stats_committer_idle_wait_ns,wal_stats_committer_idle_waits,wal_stats_committer_num,wal_stats_committer_queue_wait_ns,wal_stats_dep_frontier_bytes,wal_stats_dep_frontier_entries,wal_stats_dep_frontier_nonzero_entries,wal_stats_dep_wait_conditions,wal_stats_durable_global_lsn,wal_stats_durable_lag_avg,wal_stats_durable_lag_max,wal_stats_durable_mode,wal_stats_fdatasync_count,wal_stats_fdatasync_ns,wal_stats_flushed_commits,wal_stats_flusher_batches,wal_stats_flusher_cpu_ns,wal_stats_flusher_idle_wait_ns,wal_stats_flusher_idle_waits,wal_stats_frontier_alloc_count,wal_stats_frontier_collect_ns,wal_stats_frontier_merge_ns,wal_stats_frontier_publish_ns,wal_stats_frontier_shared_ptr_count,wal_stats_global_atomic_count,wal_stats_logger_num,wal_stats_logical_commits,wal_stats_logical_minus_acked,wal_stats_lsn_alloc_ns,wal_stats_max_pending_commits,wal_stats_max_ready_queue_len,wal_stats_max_waitlist_len,wal_stats_measured_ack_latency_max_us,wal_stats_measured_ack_latency_p50_us,wal_stats_measured_ack_latency_p90_us,wal_stats_measured_ack_latency_p95_us,wal_stats_measured_ack_latency_p999_us,wal_stats_measured_ack_latency_p99_us,wal_stats_measured_acked_commits,wal_stats_measured_durable_global_lsn,wal_stats_measured_logical_commits,wal_stats_measured_logical_minus_acked,wal_stats_measurement_pending_commits,wal_stats_measurement_stop_recorded,wal_stats_mutex_wait_ns,wal_stats_notify_wait_ns,wal_stats_payload_build_ns,wal_stats_read_frontier_updates,wal_stats_read_only_commits,wal_stats_read_only_fast_path_acks,wal_stats_read_only_frontier_collect_skipped,wal_stats_ready_queue_push_ns,wal_stats_shutdown_drain_acked_commits,wal_stats_total_accounted_ns,wal_stats_version_install_ns,wal_stats_waitlist_pops,wal_stats_waitlist_registration_ns,wal_stats_waitlist_registrations,wal_stats_wal_enqueue_ns,wal_stats_worker_stall_ns,wal_stats_write_frontier_updates,wal_stats_write_ns,worker_stall_ns_per_tx,worker_threads,workload,workload_mode,write_frontier_updates_per_tx,write_ns_per_tx
2100,5,10,10,100,10000,0,50,32,1,10,0,50,100000,0,0,6634,0.0054,4390,512,1024,1024,1024,1024,198.543114,4,39,0,177,0,-nan,0,244339621.250000,1226090,1226066.000000,950.364498,827.545763,1,215335.692246,215296.702074,1.096240,1225844,1226066,306461.000000,0,cstamp,0.000000,0.000000,1000,6724.937000,5.985937,56.001096,28427.299047,7.000137,2133.640631,6.982303,31238.782483,5.985937,6.001388,64,140235.618179,140210.226147,7,222,306516.500000,1034.047128,65536,1,351,3057644 kB,async_dep_frontier_lsn,7894.041946,166,3712108,263967966325,171906991131,105150.520000,results/tidewal_diagnostic_effects_20260608_184711/logs/cstamp_ycsb_a_async_dep_frontier_lsn_str0_r0.perfstat.csv,718.585468,4.986820,0.000000,15.587224,0,1,1,results/tidewal_diagnostic_effects_20260608_184711/logs/cstamp_ycsb_a_async_dep_frontier_lsn_str0_r0.err,results/tidewal_diagnostic_effects_20260608_184711/logs/cstamp_ycsb_a_async_dep_frontier_lsn_str0_r0.out,3,0,Dep frontier + separate LSN,3813951927,401974595,0,0,390395260,225552762,21748973383,330212995,802771411,734132349,154088231830,40246803407,1147862209,84245601532,1760.623601,1.096240,1.096240,23726.007482,1.096240,457.723679,4390,512,1024,1024,1024,1024,1226090,243426961,1226090,1226090,818520,39,0,177,977358485,1226090,1165209599,1014625723,3941582386,36528,1,880873684781,68661040,8582630,8560764,1344063,7358098,27,44,async_dep_frontier_lsn,0,0,1224878,30762,8245216608,31661575034,30881,7339154,34853744833,2615984234,38300809084,7339154,7358098,7,1226090,0,1267810026,322,1,351,4390,512,1024,1024,1024,1024,1225844,7356221,1226066,222,166,1,0,0,9678616432,6114171,1212,1,0,19110965,246,1003579364977,2158640736,1344063,29089651090,1344063,561199440,0,6133220,2902060672,0.000000,32,YCSB-A,ycsb_a,5.002357,2366.969374
2100,5,10,10,100,10000,0,50,32,1,10,0,50,100000,0,0,6646,0.0054,4710,512,1024,1024,1024,1024,156.782424,4,39,0,173,0,-nan,0,250289125.000000,1222831,1222804.000000,854.361787,716.354009,1,213959.615659,213944.217896,1.094555,1222716,1222804,305679.000000,0,cstamp,0.000000,0.000000,1000,6544.958501,5.987372,56.001237,32340.662508,7.000155,2033.671185,6.982023,35549.834050,5.987372,0.000000,64,141094.711294,141084.557308,7,88,305701.000000,0.000000,65536,1,487,3052496 kB,async_dep_frontier_cstamp,5913.248293,91,3886614,261611845420,172518761014,104471.350000,results/tidewal_diagnostic_effects_20260608_184711/logs/cstamp_ycsb_a_async_dep_frontier_cstamp_str0_r0.perfstat.csv,699.949388,4.988221,0.000000,16.580660,0,1,1,results/tidewal_diagnostic_effects_20260608_184711/logs/cstamp_ycsb_a_async_dep_frontier_cstamp_str0_r0.err,results/tidewal_diagnostic_effects_20260608_184711/logs/cstamp_ycsb_a_async_dep_frontier_cstamp_str0_r0.out,3,0,Dep frontier + cstamp,3736030794,429576630,0,0,402752249,238071663,23426809142,347256394,801161863,710284900,153839869328,43415206922,1183935598,79148783173,1752.313184,1.094555,1.094555,17742.635443,1.094555,463.405387,4710,512,1024,1024,1024,1024,1222831,191714175,1222831,1222831,798745,39,0,173,1001156500,1222831,1044717010,875960548,4081856917,37914,1,855839315616,68478536,8559817,8537646,1338426,0,14,32,async_dep_frontier_cstamp,0,0,1221666,30992,8003201435,31891605917,31114,7321383,39546291478,2486781260,43470479276,7321383,0,7,1222831,0,0,442,1,487,4710,512,1024,1024,1024,1024,1222716,0,1222804,88,91,1,0,0,7230743666,6099616,1165,2,0,20274897,115,976730299089,2142735571,1338426,21695765590,1338426,566653961,0,6115506,2663583051,0.000000,32,YCSB-A,ycsb_a,5.001215,2178.258373
2100,5,10,10,100,10000,0,50,32,1,10,0,95,100000,0,0,89,0.0000,2853,32,512,1024,1024,1024,267.556440,4,23,0,92,0,-nan,0,42354793.750000,1857523,1857507.000000,505.470706,461.303115,1,147998.494623,147987.738380,0.413292,1857372,1857507,464343.000000,0,cstamp,0.000000,0.000000,1000,2746.248012,3.915622,56.000482,16748.132816,7.000060,1393.293319,6.878897,15007.464585,3.915622,0.901932,64,74727.084533,74721.653514,7,135,464376.750000,159.404769,65536,1,187,668940 kB,async_dep_frontier_lsn,1485.499604,101,3623528,274888259955,138795994454,109420.890000,results/tidewal_diagnostic_effects_20260608_184711/logs/cstamp_ycsb_b_async_dep_frontier_lsn_str0_r0.perfstat.csv,267.160133,3.514086,0.000000,11.452649,0,1,1,results/tidewal_diagnostic_effects_20260608_184711/logs/cstamp_ycsb_b_async_dep_frontier_lsn_str0_r0.err,results/tidewal_diagnostic_effects_20260608_184711/logs/cstamp_ycsb_b_async_dep_frontier_lsn_str0_r0.out,3,0,Dep frontier + separate LSN,49071793,1087951290,0,0,970098461,787082307,58020276990,870948082,1198991741,863174951,147274189808,5923890051,1694990142,75807714000,150.336777,0.413292,0.413292,19612.920635,0.413292,207.321403,2853,32,512,1024,1024,1024,1857523,496987961,1857523,1857523,323345,23,0,92,169419175,1857523,938915375,856873765,4087175228,38859,1,496215750832,104021288,13002661,12777600,767692,1675345,17,26,async_dep_frontier_lsn,0,0,745742,32191,5101174906,33259132238,32214,7273296,31109773943,2588052094,27876470518,7273296,1675345,7,1857523,0,296095475,183,1,187,2853,32,512,1024,1024,1024,1857372,1674965,1857507,135,101,1,0,0,2759325913,6527440,1111781,11975,0,21273376,151,600620871045,279251616,767692,36431137370,767692,385100958,0,929603,1304777224,0.000000,32,YCSB-B,ycsb_b,0.500457,702.434620
2100,5,10,10,100,10000,0,50,32,1,10,0,95,100000,0,0,103,0.0001,2049,32,512,1024,1024,1024,257.583716,4,23,0,93,0,-nan,0,44541032.250000,1905228,1905214.000000,457.013737,415.711183,1,151917.279513,151911.299189,0.413651,1905139,1905214,476284.750000,0,cstamp,0.000000,0.000000,1000,2578.578903,3.916742,56.000412,15409.749058,7.000051,1367.084338,6.882624,13840.078770,3.916742,0.000000,64,74938.599460,74935.649453,7,75,476303.500000,0.000000,65536,1,188,667576 kB,async_dep_frontier_cstamp,1228.166414,66,3565348,289423533974,142768448436,115037.880000,results/tidewal_diagnostic_effects_20260608_184711/logs/cstamp_ycsb_b_async_dep_frontier_cstamp_str0_r0.perfstat.csv,262.806928,3.515155,0.000000,10.360271,0,1,1,results/tidewal_diagnostic_effects_20260608_184711/logs/cstamp_ycsb_b_async_dep_frontier_cstamp_str0_r0.err,results/tidewal_diagnostic_effects_20260608_184711/logs/cstamp_ycsb_b_async_dep_frontier_cstamp_str0_r0.out,3,0,Dep frontier + cstamp,58766219,1304842048,0,0,1173319348,954985535,58814407508,1044356118,1401163289,866661659,144946478882,5897765778,1945936270,71484275110,150.219643,0.413651,0.413651,17937.759612,0.413651,187.775753,2049,32,512,1024,1024,1024,1905228,490752102,1905228,1905228,314244,23,0,93,178164129,1905228,870708969,792018765,4155486612,39570,1,500683728358,106692768,13336596,13112871,788093,0,8,14,async_dep_frontier_cstamp,0,0,765001,32326,4912744626,33372992755,32349,7462232,29358869642,2604588219,26368311833,7462232,0,7,1905228,0,0,187,1,188,2049,32,512,1024,1024,1024,1905139,0,1905214,75,66,1,0,0,2339919847,6697122,1140227,11849,0,19738533,89,598706956025,286200566,788093,34175270742,788093,357752993,0,952525,1229804425,0.000000,32,YCSB-B,ycsb_b,0.499957,645.494115
2100,5,10,10,100,10000,0,50,32,1,10,0,95,100000,0,0,101,0.0000,3880,1024,1024,1024,1024,1024,151.728011,4,62,0,482,0,-nan,0,63025543.750000,2196550,2196518.000000,597.790900,549.753287,1,123939.117536,123912.992637,0.000000,2196055,2196518,549013.750000,0,frontier,0.000000,0.000000,1000,5175.874866,0.000000,0.000000,0.000000,0.000000,0.000000,0.000000,0.000000,0.000000,1.500142,64,52959.088230,52947.925081,7,463,549129.500000,283.562737,65536,2,1009,617740 kB,async_global_lsn_prefix,1994.099618,464,2941627,272177118761,116301070503,107874.910000,results/tidewal_diagnostic_effects_20260608_184711/logs/frontier_ycsb_b_async_global_lsn_prefix_str0_r0.perfstat.csv,1121.876805,0.000000,0.000000,9.098991,0,1,1,results/tidewal_diagnostic_effects_20260608_184711/logs/frontier_ycsb_b_async_global_lsn_prefix_str0_r0.err,results/tidewal_diagnostic_effects_20260608_184711/logs/frontier_ycsb_b_async_global_lsn_prefix_str0_r0.out,3,0,Global LSN prefix,59124659,2147581940,0,0,1833188622,1647743286,28006303064,1726931204,2203058889,942104339,138778567259,2111526483,2872986550,95228018223,151.969735,0.000000,1.000015,34801.873315,1.000015,435.662553,3880,1024,1024,1024,1024,1024,2196550,333273307,2196550,2196550,1161774,62,0,482,252102175,2196550,1313058473,1207542990,3736383277,38112,1,2463703167676,0,0,0,0,3295089,32,64,async_global_lsn_prefix,0,0,2196550,35056,11368902310,30594336312,35079,0,0,0,0,0,3295089,7,2196550,0,622850655,1009,2,1009,3880,1024,1024,1024,1024,1024,2196055,3294354,2196518,463,464,1,0,0,4380075705,0,0,0,0,19986097,495,2551895633668,333804259,2196550,76442941171,2196550,956940640,0,0,3895051168,0.000000,32,YCSB-B,ycsb_b,0.000000,1773.284429
2100,5,10,10,100,10000,0,50,32,1,10,0,95,100000,0,0,88,0.0000,2157,32,512,1024,1024,1024,271.046313,4,23,0,93,0,-nan,0,42541752.500000,1870672,1870650.000000,520.698835,494.393815,1,152638.475922,152630.887449,0.412497,1870557,1870650,467639.250000,0,frontier,0.000000,0.000000,1000,2707.365186,3.906492,56.000659,12537.723353,7.000082,1367.479129,6.882209,13527.496321,3.906492,0.899571,64,73845.548577,73841.877321,7,93,467662.500000,161.223622,65536,1,183,596152 kB,async_dep_frontier_lsn,1487.454776,93,3441063,285518969606,138132307810,113334.240000,results/tidewal_diagnostic_effects_20260608_184711/logs/frontier_ycsb_b_async_dep_frontier_lsn_str0_r0.perfstat.csv,269.621965,3.505915,0.000000,10.553927,0,1,1,results/tidewal_diagnostic_effects_20260608_184711/logs/frontier_ycsb_b_async_dep_frontier_lsn_str0_r0.err,results/tidewal_diagnostic_effects_20260608_184711/logs/frontier_ycsb_b_async_dep_frontier_lsn_str0_r0.out,3,0,Dep frontier + separate LSN,48479153,1160885287,0,0,1068378799,824362014,53617933717,913036981,1257058061,875758454,146376328867,5569448972,1780777962,79260209467,141.714195,0.412497,0.412497,22567.254186,0.412497,211.758190,2157,32,512,1024,1024,1024,1870672,507032785,1870672,1870672,323085,23,0,93,170167010,1870672,974045276,924837790,4016553699,38332,1,504343253465,104757632,13094704,12874204,771638,1682783,12,20,async_dep_frontier_lsn,0,0,749224,32212,5064532686,33254573290,32224,7307680,23453692190,2558074833,25305210993,7307680,1682783,7,1870672,0,301592968,180,1,183,2157,32,512,1024,1024,1024,1870557,1682464,1870650,93,93,1,0,0,2782507276,6558339,1121448,12026,0,19742704,115,604387170043,265097659,771638,42215434043,771638,396125459,0,933559,1314567878,0.000000,32,YCSB-B,ycsb_b,0.499056,702.733209
2100,5,10,10,100,10000,0,50,32,1,10,0,95,100000,0,0,83,0.0000,3482,1024,1024,1024,1024,1024,156.140653,4,62,0,487,0,-nan,0,62863525.000000,2190640,2190609.000000,582.985179,552.629455,1,122565.160245,122536.849410,0.000000,2190103,2190609,547525.750000,0,frontier,0.000000,0.000000,1000,4990.103299,0.000000,0.000000,0.000000,0.000000,0.000000,0.000000,0.000000,0.000000,1.500231,64,52906.693561,52894.472856,7,506,547652.250000,276.075326,65536,2,989,614404 kB,async_global_lsn_prefix,2001.442188,508,2917871,268430325149,115871108288,106435.950000,results/tidewal_diagnostic_effects_20260608_184711/logs/frontier_ycsb_b_async_global_lsn_prefix_str100_r0.perfstat.csv,1137.181936,0.000000,0.000000,6.898812,0,1,1,results/tidewal_diagnostic_effects_20260608_184711/logs/frontier_ycsb_b_async_global_lsn_prefix_str100_r0.err,results/tidewal_diagnostic_effects_20260608_184711/logs/frontier_ycsb_b_async_global_lsn_prefix_str100_r0.out,3,100,Global LSN prefix,45596543,2123627865,0,0,1803404751,1640807934,27739652743,1721566301,2187183469,940080649,138932363285,2095531525,2872453982,95762457523,151.375061,0.000000,1.000014,35233.715559,1.000014,413.218987,3482,1024,1024,1024,1024,1024,2190640,342043119,2190640,2190640,1177263,62,0,487,251454100,2190640,1277092579,1210595058,3740988516,38445,1,2490545569626,0,0,0,0,3286419,40,83,async_global_lsn_prefix,0,0,2190640,35008,10931365198,30230410607,35039,0,0,0,0,0,3286419,7,2190640,0,604773093,989,2,989,3482,1024,1024,1024,1024,1024,2190103,3285608,2190609,506,508,1,0,0,4384377271,0,0,0,0,15112600,537,2578961366155,331603572,2190640,77183294406,2190640,905201231,0,0,3438796179,0.000000,32,YCSB-B,ycsb_b,0.000000,1569.790035
2100,5,10,10,100,10000,0,50,32,1,10,0,95,100000,0,0,97,0.0001,2671,32,512,1024,1024,1024,268.660179,4,23,0,95,0,-nan,0,41464847.500000,1819777,1819754.000000,478.045502,439.544466,1,149522.288397,149514.071776,0.413790,1819654,1819754,454913.500000,0,frontier,0.000000,0.000000,1000,2689.549041,3.913715,56.000708,18152.372893,7.000088,1437.389265,6.877349,15695.355263,3.913715,0.901541,64,75042.892694,75038.768901,7,100,454938.500000,153.425054,65536,1,196,634096 kB,async_dep_frontier_lsn,1509.175674,95,3633531,272078830170,136552099862,108346.110000,results/tidewal_diagnostic_effects_20260608_184711/logs/frontier_ycsb_b_async_dep_frontier_lsn_str100_r0.perfstat.csv,280.052401,3.512380,0.000000,8.931047,0,1,1,results/tidewal_diagnostic_effects_20260608_184711/logs/frontier_ycsb_b_async_dep_frontier_lsn_str100_r0.err,results/tidewal_diagnostic_effects_20260608_184711/logs/frontier_ycsb_b_async_dep_frontier_lsn_str100_r0.out,3,100,Dep frontier + separate LSN,53162541,1085185831,0,0,990028464,778424138,59258618894,860153583,1192994388,844552463,147092045822,6064992575,1697385288,74266547657,147.831670,0.413790,0.413790,19071.898170,0.413790,201.042089,2671,32,512,1024,1024,1024,1819777,488895435,1819777,1819777,337804,23,0,95,165859390,1819777,869925215,799862801,4151270594,39478,1,509598472149,101907512,12738439,12515083,752996,1640583,13,22,async_dep_frontier_lsn,0,0,730239,31669,4894317626,32727735065,31692,7121998,33032853182,2615694864,28561685521,7121998,1640583,7,1819777,0,279195855,196,1,196,2671,32,512,1024,1024,1024,1819654,1640183,1819754,100,95,1,0,0,2746328469,6391668,1089538,12010,0,16252308,123,614729340641,269017272,752996,34706162982,752996,365847146,0,910344,1249072657,0.000000,32,YCSB-B,ycsb_b,0.500257,686.396434
2100,5,10,10,100,10000,0,50,32,1,10,0,95,100000,0,0,123,0.0001,3440,1024,1024,1024,1024,1024,127.194972,4,63,0,595,0,-nan,0,66642944.500000,2321464,2321436.000000,546.731100,487.462224,1,132546.608142,132505.441336,0.000000,2320715,2321436,580178.750000,0,frontier,0.000000,0.000000,1000,4658.738294,0.000000,0.000000,0.000000,0.000000,0.000000,0.000000,0.000000,0.000000,1.500100,64,51995.883414,51979.734344,7,721,580359.000000,280.042294,65536,1,1021,653584 kB,async_global_lsn_prefix,1989.782621,724,2872768,307602901714,120667626577,121534.680000,results/tidewal_diagnostic_effects_20260608_184711/logs/frontier_ycsb_b_async_global_lsn_prefix_str500_r0.perfstat.csv,1297.676848,0.000000,0.000000,7.944923,0,1,1,results/tidewal_diagnostic_effects_20260608_184711/logs/frontier_ycsb_b_async_global_lsn_prefix_str500_r0.err,results/tidewal_diagnostic_effects_20260608_184711/logs/frontier_ycsb_b_async_global_lsn_prefix_str500_r0.out,3,500,Global LSN prefix,72934983,2645655997,0,0,2250068483,2048122750,32771269170,2130741793,2673549466,1000132165,134531585095,2398993138,3440697667,83099419483,150.906690,0.000000,1.000012,27191.850105,1.000012,418.045768,3440,1024,1024,1024,1024,1024,2321464,295274988,2321464,2321464,1329568,63,0,595,266571778,2321464,1269201257,1131612356,3811730447,38492,1,3011538125220,0,0,0,0,3482385,44,112,async_global_lsn_prefix,0,0,2321464,36666,10814962791,27459108928,36694,0,0,0,0,0,3482385,7,2321464,0,650100263,1021,1,1021,3440,1024,1024,1024,1024,1024,2320715,3481266,2321436,721,724,1,0,0,4619153009,0,0,0,0,18443630,749,3086544961164,350320223,2321464,63124139741,2321464,970466496,0,0,3847325238,0.000000,32,YCSB-B,ycsb_b,0.000000,1657.304030
2100,5,10,10,100,10000,0,50,32,1,10,0,95,100000,0,0,100,0.0001,3014,32,512,1024,2048,2048,268.021055,4,23,0,111,0,-nan,0,41381310.500000,1816553,1816535.000000,482.735585,432.136396,1,150808.307502,150799.590427,0.416132,1816430,1816535,454107.500000,0,frontier,0.000000,0.000000,1000,2602.746824,3.915606,56.000555,18312.424506,7.000069,1414.087774,6.877170,15923.913709,3.915606,0.901537,64,74730.993243,74726.673616,7,105,454133.750000,150.754892,65536,1,207,676268 kB,async_dep_frontier_lsn,1483.493604,98,3549285,273932733996,135743618057,109022.630000,results/tidewal_diagnostic_effects_20260608_184711/logs/frontier_ycsb_b_async_dep_frontier_lsn_str500_r0.perfstat.csv,321.605808,3.514104,0.000000,10.460477,0,1,1,results/tidewal_diagnostic_effects_20260608_184711/logs/frontier_ycsb_b_async_dep_frontier_lsn_str500_r0.err,results/tidewal_diagnostic_effects_20260608_184711/logs/frontier_ycsb_b_async_dep_frontier_lsn_str500_r0.out,3,500,Dep frontier + separate LSN,54802079,1150870370,0,0,1025280332,811607747,59615939275,901131202,1260345315,829259758,146510652535,5973764407,1752349571,73135302479,153.612726,0.416132,0.416132,18341.116087,0.416132,197.242899,3014,32,512,1024,2048,2048,1816553,486869628,1816553,1816553,378958,23,0,111,165525242,1816553,876906085,784990888,4165010939,38846,1,584174437341,101726968,12715871,12492620,755918,1637673,13,48,async_dep_frontier_lsn,0,0,729233,30651,4727980702,31684117678,30665,7112835,33265160050,2568739934,28926346590,7112835,1637673,7,1816553,0,273851538,203,1,207,3014,32,512,1024,2048,2048,1816430,1636972,1816535,105,98,1,0,0,2694818054,6383493,1087320,12070,0,19001823,123,688397693978,279042894,755918,33317279312,755918,358298629,0,908440,1248857297,0.000000,32,YCSB-B,ycsb_b,0.500095,687.494211
2100,5,10,10,100,10000,0,50,32,1,10,0,95,100000,0,0,98,0.0001,193315,131072,131072,131072,131072,131072,118.768161,4,55,0,61670,0,-nan,0,51441154.000000,1796019,1795987.000000,562.276782,447.137868,1,202582.807012,195189.496211,0.000000,1730442,1795987,432610.500000,0,frontier,0.000000,0.000000,1000,4560.406534,0.000000,0.000000,0.000000,0.000000,0.000000,0.000000,0.000000,0.000000,1.500628,64,182971.131952,176293.554194,7,65545,448996.750000,296.770179,65536,1,65561,554440 kB,async_global_lsn_prefix,2082.947076,65545,2179264,350557797732,316620931517,137141.440000,results/tidewal_diagnostic_effects_20260608_184711/logs/frontier_ycsb_b_async_global_lsn_prefix_str1000_r0.perfstat.csv,184978.100546,0.000000,0.000000,9.373337,0,1,1,results/tidewal_diagnostic_effects_20260608_184711/logs/frontier_ycsb_b_async_global_lsn_prefix_str1000_r0.err,results/tidewal_diagnostic_effects_20260608_184711/logs/frontier_ycsb_b_async_global_lsn_prefix_str1000_r0.out,3,1000,Global LSN prefix,54929464,2063593128,0,0,1759029017,1629915841,25245517281,1700186093,2115573300,796668023,140450068528,1866996797,2687292644,100530366940,150.404864,0.000000,1.000018,23539.296860,1.000018,399.715585,193315,131072,131072,131072,131072,131072,1796019,213306074,1796019,1796019,178300024,55,0,61670,205764616,1796019,1009841790,803053798,4338380507,40215,1,320093874265659,0,0,0,0,2695109,1516,10408,async_global_lsn_prefix,0,0,1796019,32085,8190430850,27274085730,32108,0,0,0,0,0,2695109,7,1796019,0,532995383,65561,1,65561,193315,131072,131072,131072,131072,131072,1730442,2596806,1795987,65545,65545,1,0,42504842083,3740945871,0,0,0,0,16834392,65577,320230231022348,270125181,1796019,42276271150,1796019,717883995,42504842083,0,2775656679,23666.564448,32,YCSB-B,ycsb_b,0.000000,1545.477044
2100,5,10,10,100,10000,0,50,32,1,10,0,95,100000,0,0,99,0.0001,3881,32,1024,1024,2048,2048,279.410436,4,24,0,129,0,-nan,0,41074807.750000,1806273,1806261.000000,499.339927,460.640853,1,150679.525929,150671.517544,0.418050,1806165,1806261,451541.250000,0,frontier,0.000000,0.000000,1000,2561.212090,3.908308,56.000372,17174.216729,7.000047,1360.682808,6.876035,14967.587968,3.908308,0.899947,64,74352.836550,74348.884811,7,96,451565.250000,164.672160,65536,1,235,634272 kB,async_dep_frontier_lsn,1500.790737,64,3469866,272152085950,134293491028,108219.370000,results/tidewal_diagnostic_effects_20260608_184711/logs/frontier_ycsb_b_async_dep_frontier_lsn_str1000_r0.perfstat.csv,376.695527,3.507558,0.000000,9.608665,0,1,1,results/tidewal_diagnostic_effects_20260608_184711/logs/frontier_ycsb_b_async_dep_frontier_lsn_str1000_r0.err,results/tidewal_diagnostic_effects_20260608_184711/logs/frontier_ycsb_b_async_dep_frontier_lsn_str1000_r0.out,3,1000,Dep frontier + separate LSN,64135353,1124641207,0,0,1004285441,828639384,57819801154,911181404,1241025616,834174005,146890471941,5935582976,1714651633,75412353768,149.266615,0.418050,0.418050,20661.014748,0.418050,200.102991,3881,32,1024,1024,2048,2048,1806273,504688173,1806273,1806273,434280,24,0,129,164299231,1806273,901938236,832037607,4117165913,38288,1,680374276863,101151288,12643911,12419914,755107,1625539,11,26,async_dep_frontier_lsn,0,0,723770,29962,4626217510,30962543299,29976,7059424,31021117883,2457748289,27035370411,7059424,1625539,7,1806273,0,297440901,232,1,235,3881,32,1024,1024,2048,2048,1806165,1625101,1806261,96,64,1,0,0,2710819777,6335565,1082503,11933,0,17355756,108,784428430087,269614465,755107,37319185159,755107,361438229,0,901769,1227336574,0.000000,32,YCSB-B,ycsb_b,0.499246,679.490159
2100,5,10,10,100,10000,0,50,32,1,10,0,50,100000,0,0,6645,0.0054,4300,512,1024,1024,1024,1024,197.139042,4,39,0,175,0,-nan,0,243877597.250000,1224151,1224124.000000,936.992930,817.753742,1,218587.275686,218556.026586,1.095040,1223949,1224124,305987.250000,0,cstamp,0.000000,0.000000,1000,6604.522860,5.987563,56.001235,28584.957615,7.000154,2094.744224,6.982311,31308.178869,5.987563,5.999974,64,140126.713925,140106.681498,7,175,306031.000000,1123.112744,65536,2,339,3088196 kB,async_dep_frontier_lsn,7995.161832,178,3709876,267539677488,171507951382,106468.620000,results/tidewal_diagnostic_effects_20260608_184711/logs/cstamp_ycsb_a_async_dep_frontier_lsn_str0_r1.perfstat.csv,710.562559,4.988459,0.000000,15.566246,1,1,1,results/tidewal_diagnostic_effects_20260608_184711/logs/cstamp_ycsb_a_async_dep_frontier_lsn_str0_r1.err,results/tidewal_diagnostic_effects_20260608_184711/logs/cstamp_ycsb_a_async_dep_frontier_lsn_str0_r1.out,3,0,Dep frontier + separate LSN,3535790036,461086451,0,0,426219427,265287318,22140005186,380637815,862282416,740675580,153526169359,40562940316,1208059835,82943184979,1765.447580,1.095040,1.095040,22552.847595,1.095040,463.193102,4300,512,1024,1024,1024,1024,1224151,241322633,1224151,1224151,809638,39,0,175,975510389,1224151,1146995533,1001031982,3952292526,36589,1,869692333298,68552456,8569057,8547214,1340465,7344712,26,44,async_dep_frontier_lsn,0,0,1222961,30890,8084754942,31755021324,30978,7329519,34991532656,2564226679,38325093150,7329519,7344712,7,1224151,0,1374829265,307,2,339,4300,512,1024,1024,1024,1024,1223949,7342799,1224124,175,178,1,0,0,9787069482,6106492,1190,1,0,19055015,202,991120335642,2161126753,1340465,27607482009,1340465,567005793,0,6121751,2788226927,0.000000,32,YCSB-A,ycsb_a,5.000924,2277.732425
2100,5,10,10,100,10000,0,50,32,1,10,0,50,100000,0,0,6684,0.0053,4792,512,1024,1024,1024,1024,154.506759,4,40,0,176,0,-nan,0,255038830.500000,1246231,1246217.000000,817.452180,703.229446,1,215766.341211,215731.886937,1.095788,1246018,1246217,311504.500000,0,cstamp,0.000000,0.000000,1000,6524.436936,5.989549,56.000629,29552.554451,7.000079,2055.776991,6.982314,34886.743506,5.989549,0.000000,64,140537.481203,140515.039719,7,199,311554.250000,0.000000,65536,1,392,3123616 kB,async_dep_frontier_cstamp,5837.698118,201,3872177,268848744943,175112231253,107295.970000,results/tidewal_diagnostic_effects_20260608_184711/logs/cstamp_ycsb_a_async_dep_frontier_cstamp_str0_r1.perfstat.csv,696.092670,4.990367,0.000000,12.297227,1,1,1,results/tidewal_diagnostic_effects_20260608_184711/logs/cstamp_ycsb_a_async_dep_frontier_cstamp_str0_r1.err,results/tidewal_diagnostic_effects_20260608_184711/logs/cstamp_ycsb_a_async_dep_frontier_cstamp_str0_r1.out,3,0,Dep frontier + cstamp,3730973934,476638003,0,0,434342872,269689921,23007787111,389353630,852295401,709184549,153336998526,42143460146,1245188053,80078084906,1742.760519,1.095788,1.095788,17895.667312,1.095788,477.542556,4792,512,1024,1024,1024,1024,1246231,192548950,1246231,1246231,791395,40,0,176,1020155322,1246231,1018722804,876376490,4086657469,38344,1,867343996814,69788936,8723617,8701478,1365590,0,27,45,async_dep_frontier_cstamp,0,0,1245056,31033,8130864225,31912464697,31143,7464278,36828895750,2561944234,43476452832,7464278,0,7,1246231,0,0,359,1,392,4792,512,1024,1024,1024,1024,1246018,0,1246217,199,201,1,0,0,7275038635,6219080,1175,2,0,15325013,213,986261829849,2171857786,1365590,22301884831,1365590,595121652,0,6229953,2622386862,0.000000,32,YCSB-A,ycsb_a,4.999092,2104.277876
2100,5,10,10,100,10000,0,50,32,1,10,0,95,100000,0,0,98,0.0001,2040,32,512,1024,1024,1024,267.430952,4,22,0,90,0,-nan,0,41822698.000000,1836251,1836228.000000,489.088694,445.640126,1,153674.457924,153667.009488,0.412902,1836139,1836228,459034.750000,0,cstamp,0.000000,0.000000,1000,2732.498244,3.912967,56.000701,16444.200188,7.000088,1386.788399,6.877848,15156.239965,3.912967,0.901119,64,74519.894674,74516.282774,7,89,459057.000000,154.560483,65536,1,176,652380 kB,async_dep_frontier_lsn,1484.677077,88,3527799,282167665498,136828884886,112206.270000,results/tidewal_diagnostic_effects_20260608_184711/logs/cstamp_ycsb_b_async_dep_frontier_lsn_str0_r1.perfstat.csv,264.385635,3.511722,0.000000,9.935890,1,1,1,results/tidewal_diagnostic_effects_20260608_184711/logs/cstamp_ycsb_b_async_dep_frontier_lsn_str0_r1.err,results/tidewal_diagnostic_effects_20260608_184711/logs/cstamp_ycsb_b_async_dep_frontier_lsn_str0_r1.out,3,0,Dep frontier + separate LSN,60990149,1246324194,0,0,1127802044,896967642,57873936749,985457829,1342770066,858855668,145510648069,5837915213,1863626908,73416001607,149.456838,0.412902,0.412902,18747.881216,0.412902,203.302480,2040,32,512,1024,1024,1024,1836251,491064202,1836251,1836251,319508,22,0,90,167290792,1836251,898078354,818296878,4129795107,39376,1,485448775772,102830056,12853757,12629297,758182,1654660,11,20,async_dep_frontier_lsn,0,0,736668,32246,5017489786,33315923469,32264,7185099,30195300822,2546459689,27830312198,7185099,1654660,7,1836251,0,283808286,174,1,176,2040,32,512,1024,1024,1024,1836139,1654357,1836228,89,88,1,0,0,2726205619,6448323,1099583,12121,0,18244559,112,586697719925,274436831,758182,34425384430,758182,373309706,0,917992,1266120933,0.000000,32,YCSB-B,ycsb_b,0.499934,689.522724
2100,5,10,10,100,10000,0,50,32,1,10,0,95,100000,0,0,115,0.0001,2057,32,512,1024,1024,1024,257.817478,4,23,0,94,0,-nan,0,44070263.750000,1884907,1884884.000000,466.942624,412.409655,1,149619.499615,149611.482374,0.413730,1884783,1884884,471195.750000,0,cstamp,0.000000,0.000000,1000,2798.612363,3.914513,56.000683,17413.711994,7.000085,1379.642977,6.881494,15129.417988,3.914513,0.000000,64,75591.272313,75587.221815,7,101,471221.000000,0.000000,65536,1,189,680228 kB,async_dep_frontier_cstamp,1221.383530,103,3671325,282000289343,142473145004,112307.480000,results/tidewal_diagnostic_effects_20260608_184711/logs/cstamp_ycsb_b_async_dep_frontier_cstamp_str0_r1.perfstat.csv,264.775656,3.513113,0.000000,11.253345,1,1,1,results/tidewal_diagnostic_effects_20260608_184711/logs/cstamp_ycsb_b_async_dep_frontier_cstamp_str0_r1.err,results/tidewal_diagnostic_effects_20260608_184711/logs/cstamp_ycsb_b_async_dep_frontier_cstamp_str0_r1.out,3,0,Dep frontier + cstamp,69981949,1184698742,0,0,1047574500,878081946,60024237815,961639318,1287595612,864056017,146080252173,6058861154,1791487869,71912037251,151.873481,0.413730,0.413730,17202.135297,0.413730,191.419305,2057,32,512,1024,1024,1024,1884907,485956040,1884907,1884907,318840,23,0,94,176281055,1884907,880132680,777344360,4169609378,39606,1,499044656049,105554792,13194349,12970817,779833,0,12,18,async_dep_frontier_cstamp,0,0,756495,32171,5275059665,33224780711,32196,7378402,32822827119,2600466973,28517197895,7378402,0,7,1884907,0,0,185,1,189,2057,32,512,1024,1024,1024,1884783,0,1884884,101,103,1,0,0,2302166273,6621810,1128412,12012,0,21211249,124,600983892172,286263895,779833,32424029587,779833,360803185,0,942731,1340969547,0.000000,32,YCSB-B,ycsb_b,0.500153,711.433461
2100,5,10,10,100,10000,0,50,32,1,10,0,95,100000,0,0,90,0.0000,3435,1024,1024,1024,1024,1024,159.657455,4,62,0,477,0,-nan,0,62471349.500000,2175751,2175723.000000,596.200861,559.319693,1,122341.854056,122310.533703,0.000000,2175166,2175723,543791.500000,0,frontier,0.000000,0.000000,1000,5078.786926,0.000000,0.000000,0.000000,0.000000,0.000000,0.000000,0.000000,0.000000,1.500777,64,53199.759620,53186.140117,7,557,543930.750000,293.844290,65536,2,933,607492 kB,async_global_lsn_prefix,2066.151018,562,2949625,266113841320,115718308333,105576.500000,results/tidewal_diagnostic_effects_20260608_184711/logs/frontier_ycsb_b_async_global_lsn_prefix_str0_r1.perfstat.csv,1122.282774,0.000000,0.000000,8.677527,1,1,1,results/tidewal_diagnostic_effects_20260608_184711/logs/frontier_ycsb_b_async_global_lsn_prefix_str0_r1.err,results/tidewal_diagnostic_effects_20260608_184711/logs/frontier_ycsb_b_async_global_lsn_prefix_str0_r1.out,3,0,Global LSN prefix,45931536,2045256812,0,0,1739514358,1595245379,27057467039,1677578724,2124176866,937991872,139567112285,2073181712,2783540939,97487227048,151.352309,0.000000,1.000013,36113.065599,1.000013,418.211770,3435,1024,1024,1024,1024,1024,2175751,347370396,2175751,2175751,1163413,62,0,477,249885398,2175751,1297167926,1216924720,3732461234,37849,1,2441151332071,0,0,0,0,3265275,48,75,async_global_lsn_prefix,0,0,2175751,34921,11050033527,30889557912,34943,0,0,0,0,0,3265275,7,2175751,0,639323780,933,2,933,3435,1024,1024,1024,1024,1024,2175166,3264406,2175723,557,562,1,0,0,4495372291,0,0,0,0,18879896,585,2531299125567,329300699,2175751,78572027424,2175751,909912967,0,0,3618681323,0.000000,32,YCSB-B,ycsb_b,0.000000,1663.208654
2100,5,10,10,100,10000,0,50,32,1,10,0,95,100000,0,0,104,0.0001,1923,32,512,1024,1024,1024,264.313879,4,23,0,91,0,-nan,0,42238591.500000,1856619,1856599.000000,501.574630,457.028168,1,155632.616704,155626.413527,0.412774,1856525,1856599,464131.250000,0,frontier,0.000000,0.000000,1000,2700.174544,3.909682,56.000603,14969.941975,7.000075,1401.054730,6.879200,13697.512482,3.909682,0.900112,64,73883.533980,73880.589143,7,74,464149.750000,153.626952,65536,1,192,653264 kB,async_dep_frontier_lsn,1465.170750,72,3443791,288935843727,137166627922,114668.770000,results/tidewal_diagnostic_effects_20260608_184711/logs/frontier_ycsb_b_async_dep_frontier_lsn_str0_r1.perfstat.csv,264.848364,3.508804,0.000000,9.970597,1,1,1,results/tidewal_diagnostic_effects_20260608_184711/logs/frontier_ycsb_b_async_dep_frontier_lsn_str0_r1.err,results/tidewal_diagnostic_effects_20260608_184711/logs/frontier_ycsb_b_async_dep_frontier_lsn_str0_r1.out,3,0,Dep frontier + separate LSN,56690589,1373285024,0,0,1216479871,992836673,57313574076,1091139710,1483060907,859096532,144384761191,5716092456,1990024584,72292480769,149.816987,0.412774,0.412774,19107.460071,0.412774,205.910520,1923,32,512,1024,1024,1024,1856619,490724883,1856619,1856619,317403,23,0,91,168954366,1856619,931222957,848518040,4097722006,39218,1,491697609078,103970664,12996333,12771915,766355,1671147,9,26,async_dep_frontier_lsn,0,0,744178,32241,5013141358,33307455660,32265,7258712,27793179300,2601196811,25430787976,7258712,1671147,7,1856619,0,285223646,187,1,192,1923,32,512,1024,1024,1024,1856525,1670841,1856599,74,72,1,0,0,2720234549,6514442,1112441,12082,0,18511401,94,589298224100,278150069,766355,35474891260,766355,382293265,0,926969,1276903822,0.000000,32,YCSB-B,ycsb_b,0.499283,687.765006
2100,5,10,10,100,10000,0,50,32,1,10,0,95,100000,0,0,104,0.0000,3333,1024,1024,1024,1024,1024,157.655799,4,62,0,488,0,-nan,0,61672397.000000,2151247,2151217.000000,608.130571,588.141348,1,120079.423599,120055.923675,0.000000,2150796,2151217,537699.000000,0,frontier,0.000000,0.000000,1000,4970.396579,0.000000,0.000000,0.000000,0.000000,0.000000,0.000000,0.000000,0.000000,1.499662,64,53505.550418,53495.079212,7,421,537804.250000,298.087216,65536,1,1070,597792 kB,async_global_lsn_prefix,2088.797094,422,2985999,258266343960,115079523817,102469.940000,results/tidewal_diagnostic_effects_20260608_184711/logs/frontier_ycsb_b_async_global_lsn_prefix_str100_r1.perfstat.csv,1162.520854,0.000000,0.000000,9.570946,1,1,1,results/tidewal_diagnostic_effects_20260608_184711/logs/frontier_ycsb_b_async_global_lsn_prefix_str100_r1.err,results/tidewal_diagnostic_effects_20260608_184711/logs/frontier_ycsb_b_async_global_lsn_prefix_str100_r1.out,3,100,Global LSN prefix,50837755,1876669553,0,0,1600651808,1446737147,25464291886,1523378833,1956262169,941456503,140787284975,1983059188,2581341143,101362598990,151.523931,0.000000,1.000014,38264.822148,1.000014,415.374193,3333,1024,1024,1024,1024,1024,2151247,339151835,2151247,2151247,1205866,62,0,488,246689588,2151247,1308220823,1265219666,3682808236,37328,1,2500345203540,0,0,0,0,3226099,35,57,async_global_lsn_prefix,0,0,2151247,34622,10692401618,30192951924,34651,0,0,0,0,0,3226099,7,2151247,0,641250286,1070,1,1070,3333,1024,1024,1024,1024,1024,2150796,3225413,2151217,421,422,1,0,0,4493455819,0,0,0,0,20589182,451,2594116906311,325960857,2151247,82315935907,2151247,893560026,0,0,3476579193,0.000000,32,YCSB-B,ycsb_b,0.000000,1616.098791
2100,5,10,10,100,10000,0,50,32,1,10,0,95,100000,0,0,94,0.0001,2273,32,512,1024,1024,1024,259.876040,4,23,0,96,0,-nan,0,41772408.250000,1833230,1833211.000000,474.294022,421.859296,1,155569.980353,155559.457463,0.414160,1833087,1833211,458271.750000,0,frontier,0.000000,0.000000,1000,2734.919741,3.914987,56.000580,17111.048872,7.000073,1374.263765,6.876460,15179.138723,3.914987,0.901578,64,74321.492726,74316.465555,7,124,458302.750000,164.188055,65536,1,190,657364 kB,async_dep_frontier_lsn,1512.948321,118,3508960,285173308576,136237762136,113284.170000,results/tidewal_diagnostic_effects_20260608_184711/logs/frontier_ycsb_b_async_dep_frontier_lsn_str100_r1.perfstat.csv,279.644129,3.513532,0.000000,10.410449,1,1,1,results/tidewal_diagnostic_effects_20260608_184711/logs/frontier_ycsb_b_async_dep_frontier_lsn_str100_r1.err,results/tidewal_diagnostic_effects_20260608_184711/logs/frontier_ycsb_b_async_dep_frontier_lsn_str100_r1.out,3,100,Dep frontier + separate LSN,52926313,1345073461,0,0,1202301891,970815595,59531603502,1066975280,1445660997,845354839,144646317802,5920747455,1977346890,70287511579,148.419112,0.414160,0.414160,17151.492847,0.414160,208.868058,2273,32,512,1024,1024,1024,1833230,476407615,1833230,1833230,333875,23,0,96,167089633,1833230,869481019,773357102,4176407567,39534,1,512612017609,102660880,12832610,12606003,759243,1652782,16,20,async_dep_frontier_lsn,0,0,735833,31595,5013684953,32652784791,31620,7176998,31368163014,2519315450,27826564077,7176998,1652782,7,1833230,0,300991348,189,1,190,2273,32,512,1024,1024,1024,1833087,1652430,1833211,124,118,1,0,0,2773553504,6441046,1097397,12047,0,19084550,143,612071122669,272083548,759243,31442305354,759243,382899222,0,916949,1304380276,0.000000,32,YCSB-B,ycsb_b,0.500187,711.527629
2100,5,10,10,100,10000,0,50,32,1,10,0,95,100000,0,0,130,0.0001,3038,1024,1024,1024,1024,1024,126.540126,4,63,0,602,0,-nan,0,67791415.750000,2360178,2360148.000000,536.778602,466.096707,1,131600.568013,131572.186450,0.000000,2359639,2360148,589909.750000,0,frontier,0.000000,0.000000,1000,4765.616985,0.000000,0.000000,0.000000,0.000000,0.000000,0.000000,0.000000,0.000000,1.500336,64,51627.042574,51615.908457,7,509,590037.000000,285.626959,65536,2,1074,659400 kB,async_global_lsn_prefix,1959.061016,527,2837461,310529832706,121821183112,122615.670000,results/tidewal_diagnostic_effects_20260608_184711/logs/frontier_ycsb_b_async_global_lsn_prefix_str500_r1.perfstat.csv,1290.342204,0.000000,0.000000,8.785829,1,1,1,results/tidewal_diagnostic_effects_20260608_184711/logs/frontier_ycsb_b_async_global_lsn_prefix_str500_r1.err,results/tidewal_diagnostic_effects_20260608_184711/logs/frontier_ycsb_b_async_global_lsn_prefix_str500_r1.out,3,500,Global LSN prefix,68642082,2724640658,0,0,2319214722,2118007930,33640514613,2204225300,2751457201,1006846371,133933179837,2460778603,3538689339,81100163018,150.722248,0.000000,1.000013,26015.443047,1.000013,430.339423,3038,1024,1024,1024,1024,1024,2360178,298653425,2360178,2360178,1321221,63,0,602,271165663,2360178,1266876944,1100057212,3841110312,39037,1,3044741788672,0,0,0,0,3541015,46,78,async_global_lsn_prefix,0,0,2360178,37170,11247561396,27123323861,37199,0,0,0,0,0,3541015,7,2360178,0,674121895,1074,2,1074,3038,1024,1024,1024,1024,1024,2359639,3540206,2360148,509,527,1,0,0,4623673938,0,0,0,0,20735857,539,3118318605263,355726813,2360178,61400295876,2360178,1015664729,0,0,4087886846,0.000000,32,YCSB-B,ycsb_b,0.000000,1732.046823
2100,5,10,10,100,10000,0,50,32,1,10,0,95,100000,0,0,90,0.0000,3261,32,512,1024,2048,2048,268.284338,4,23,0,111,0,-nan,0,41345362.250000,1816646,1816631.000000,496.095830,438.713850,1,151494.840174,151486.917811,0.415897,1816536,1816631,454134.000000,0,frontier,0.000000,0.000000,1000,2721.877975,3.911870,56.000462,17927.109583,7.000058,1395.871004,6.877456,15634.930838,3.911870,0.900684,64,74593.054142,74589.153327,7,95,454157.750000,159.000778,65536,1,225,646956 kB,async_dep_frontier_lsn,1535.596563,78,3533978,275195830990,135500968198,109445.020000,results/tidewal_diagnostic_effects_20260608_184711/logs/frontier_ycsb_b_async_dep_frontier_lsn_str500_r1.perfstat.csv,323.640627,3.510758,0.000000,10.125979,1,1,1,results/tidewal_diagnostic_effects_20260608_184711/logs/frontier_ycsb_b_async_dep_frontier_lsn_str500_r1.err,results/tidewal_diagnostic_effects_20260608_184711/logs/frontier_ycsb_b_async_dep_frontier_lsn_str500_r1.out,3,500,Dep frontier + separate LSN,53508196,1142096278,0,0,1024702582,830190097,59120658806,909727258,1245628476,848037357,146537458229,5970751161,1743206085,73648951933,148.844181,0.415897,0.415897,18784.420253,0.415897,212.689355,3261,32,512,1024,2048,2048,1816646,487373645,1816646,1816646,380858,23,0,111,165381449,1816646,901223064,796981180,4151984404,38899,1,587904849976,101732176,12716522,12493800,755531,1636211,11,39,async_dep_frontier_lsn,0,0,728574,30572,4944647907,31601870996,30590,7106425,32566943008,2535782537,28402900043,7106425,1636211,7,1816646,0,288845743,222,1,225,3261,32,512,1024,2048,2048,1816536,1635666,1816631,95,78,1,0,0,2789612319,6377752,1088072,11873,0,18395167,110,691885656705,270394953,755531,34124360148,755531,386378075,0,907637,1312839911,0.000000,32,YCSB-B,ycsb_b,0.499627,722.678360
2100,5,10,10,100,10000,0,50,32,1,10,0,95,100000,0,0,113,0.0001,194479,131072,131072,131072,131072,131072,115.866664,4,56,0,61633,0,-nan,0,51312277.250000,1792055,1792028.000000,545.818847,437.094795,1,204267.219838,196808.733143,0.000000,1726595,1792028,431648.750000,0,frontier,0.000000,0.000000,1000,4616.078068,0.000000,0.000000,0.000000,0.000000,0.000000,0.000000,0.000000,0.000000,1.500309,64,181328.821314,174707.893089,7,65433,448007.000000,298.040425,65536,2,65560,549896 kB,async_global_lsn_prefix,2047.260042,65451,2109230,352686760436,313081436236,137909.250000,results/tidewal_diagnostic_effects_20260608_184711/logs/frontier_ycsb_b_async_global_lsn_prefix_str1000_r1.perfstat.csv,185334.205231,0.000000,0.000000,8.989390,1,1,1,results/tidewal_diagnostic_effects_20260608_184711/logs/frontier_ycsb_b_async_global_lsn_prefix_str1000_r1.err,results/tidewal_diagnostic_effects_20260608_184711/logs/frontier_ycsb_b_async_global_lsn_prefix_str1000_r1.out,3,1000,Global LSN prefix,63593960,2168778826,0,0,1852779317,1694301534,26458188343,1761523477,2219454325,788894823,139516472001,1927723095,2825450009,97755784292,150.080813,0.000000,1.000015,22700.370622,1.000015,397.010785,194479,131072,131072,131072,131072,131072,1792055,207636307,1792055,1792055,178639013,56,0,61633,205249109,1792055,978122657,783286111,4361117323,40675,1,319997112081664,0,0,0,0,2688596,1532,10462,async_global_lsn_prefix,0,0,1792055,31921,8272141148,27150961189,31944,0,0,0,0,0,2688596,7,1792055,0,534096786,65560,2,65560,194479,131072,131072,131072,131072,131072,1726595,2590471,1792028,65433,65451,1,0,42035779440,3668747318,0,0,0,0,16109239,65460,320130936860377,268949019,1792055,40679699765,1792055,711454443,42035779440,0,2883240845,23457.099688,32,YCSB-B,ycsb_b,0.000000,1608.926225
2100,5,10,10,100,10000,0,50,32,1,10,0,95,100000,0,0,96,0.0001,3872,32,1024,1024,2048,2048,265.449464,4,25,0,135,0,-nan,0,42694941.250000,1874630,1874606.000000,477.381137,445.969195,1,150721.904135,150710.085054,0.419389,1874459,1874606,468614.750000,0,frontier,0.000000,0.000000,1000,2522.366940,3.913191,56.000717,14280.054860,7.000090,1359.467078,6.881210,13612.547342,3.913191,0.900975,64,73800.964453,73795.177241,7,147,468651.500000,150.157197,65536,1,253,673560 kB,async_dep_frontier_lsn,1465.417840,145,3445042,282522029703,138336882027,112233.900000,results/tidewal_diagnostic_effects_20260608_184711/logs/frontier_ycsb_b_async_dep_frontier_lsn_str1000_r1.perfstat.csv,377.391432,3.511927,0.000000,10.328559,1,1,1,results/tidewal_diagnostic_effects_20260608_184711/logs/frontier_ycsb_b_async_dep_frontier_lsn_str1000_r1.err,results/tidewal_diagnostic_effects_20260608_184711/logs/frontier_ycsb_b_async_dep_frontier_lsn_str1000_r1.out,3,1000,Dep frontier + separate LSN,53177113,1237749939,0,0,1125229292,901924944,55494837882,987119166,1341394598,867555275,145586876471,5567188282,1859331139,76151368841,149.746151,0.419389,0.419389,20933.836659,0.419389,201.466104,3872,32,1024,1024,2048,2048,1874630,497613158,1874630,1874630,430897,25,0,135,170779765,1874630,894901544,836016528,4112914548,38273,1,707404765511,104979280,13122410,12899557,786190,1688973,18,71,async_dep_frontier_lsn,0,0,752073,29952,4728444199,30940424412,29970,7335691,26769476520,2548465142,25518162923,7335691,1688973,7,1874630,0,281485582,246,1,253,3872,32,1024,1024,2048,2048,1874459,1688045,1874606,147,145,1,0,0,2747081076,6583479,1122557,11983,0,19361978,171,807772819933,280715033,786190,39242695804,786190,377669568,0,936900,1249311110,0.000000,32,YCSB-B,ycsb_b,0.499785,666.439300
2100,5,10,10,100,10000,0,50,32,1,10,0,50,100000,0,0,6401,0.0052,3787,512,1024,1024,1024,1024,194.149570,4,39,0,176,0,-nan,0,243303912.250000,1221712,1221688.000000,943.717961,834.218093,1,217110.724094,217079.979620,1.095388,1221515,1221688,305378.750000,0,cstamp,0.000000,0.000000,1000,6718.598740,5.989127,56.001100,27725.555643,7.000138,2093.119677,6.981579,31680.161238,5.989127,5.998229,64,140180.656126,140160.805515,7,173,305422.000000,1032.943354,65536,1,331,3068620 kB,async_dep_frontier_lsn,7594.723578,131,3679814,265204006142,171232774168,105554.020000,results/tidewal_diagnostic_effects_20260608_184711/logs/cstamp_ycsb_a_async_dep_frontier_lsn_str0_r2.perfstat.csv,716.453439,4.990012,0.000000,17.162588,2,1,1,results/tidewal_diagnostic_effects_20260608_184711/logs/cstamp_ycsb_a_async_dep_frontier_lsn_str0_r2.err,results/tidewal_diagnostic_effects_20260608_184711/logs/cstamp_ycsb_a_async_dep_frontier_lsn_str0_r2.out,3,0,Dep frontier + separate LSN,3537838562,443633202,0,0,423146776,245096543,21637752801,357925541,843617616,760166980,153674219881,39613744565,1197533094,84613764201,1768.984074,1.095388,1.095388,24210.440080,1.095388,454.175288,3787,512,1024,1024,1024,1024,1221712,237190200,1221712,1221712,816287,39,0,176,973215649,1221712,1152928908,1019154233,3931607086,36345,1,875158622041,68415872,8551984,8529311,1338222,7327964,17,26,async_dep_frontier_lsn,0,0,1220507,30806,8208031458,31655303145,30874,7316845,33871978622,2557139192,38703272823,7316845,7327964,7,1221712,0,1261934500,309,1,331,3787,512,1024,1024,1024,1024,1221515,7326591,1221688,173,131,1,0,0,9278382658,6096238,1205,3,0,20967328,197,997267865324,2161146615,1338222,29577604120,1338222,554860499,0,6107457,2865612493,0.000000,32,YCSB-A,ycsb_a,4.999195,2345.617288
2100,5,10,10,100,10000,0,50,32,1,10,0,50,100000,0,0,7107,0.0056,3139,512,1024,1024,1024,1024,152.749212,4,40,0,180,0,-nan,0,258203467.750000,1261106,1261093.000000,840.926017,691.499818,1,215622.053902,215597.261759,1.098932,1260948,1261093,315237.000000,0,cstamp,0.000000,0.000000,1000,6539.882376,5.987409,56.000577,29947.764868,7.000072,2045.315024,6.982400,32939.128313,5.987409,0.000000,64,140302.166184,140286.034293,7,145,315273.250000,0.000000,65536,1,360,3169244 kB,async_dep_frontier_cstamp,5901.967937,146,3883720,271888197624,176913735845,108389.440000,results/tidewal_diagnostic_effects_20260608_184711/logs/cstamp_ycsb_a_async_dep_frontier_cstamp_str0_r2.perfstat.csv,703.127921,4.988272,0.000000,15.554019,2,1,1,results/tidewal_diagnostic_effects_20260608_184711/logs/cstamp_ycsb_a_async_dep_frontier_cstamp_str0_r2.err,results/tidewal_diagnostic_effects_20260608_184711/logs/cstamp_ycsb_a_async_dep_frontier_cstamp_str0_r2.out,3,0,Dep frontier + cstamp,3874207064,510192401,0,0,471927049,303959034,23431620144,434456977,892243010,711994863,152831509720,42847850779,1287996267,78065062132,1756.822065,1.098932,1.098932,17447.370286,1.098932,470.940524,3139,512,1024,1024,1024,1024,1261106,192630962,1261106,1261106,796587,40,0,180,1032813871,1261106,1060485913,872045580,4088951472,38056,1,886607746334,70621936,8827742,8805456,1385856,0,19,44,async_dep_frontier_cstamp,0,0,1259883,30915,8247399885,31820140208,31056,7550679,37766916641,2579332459,41539304141,7550679,0,7,1261106,0,0,317,1,360,3139,512,1024,1024,1024,1024,1260948,0,1261093,145,146,1,0,0,7442930451,6290675,1223,4,0,19615065,158,1004581558661,2215516008,1385856,22002756536,1385856,593899798,0,6306590,2748864686,0.000000,32,YCSB-A,ycsb_a,5.000892,2179.747795
2100,5,10,10,100,10000,0,50,32,1,10,0,95,100000,0,0,92,0.0001,1947,32,512,1024,1024,1024,261.527045,4,22,0,88,0,-nan,0,40956136.500000,1801171,1801147.000000,483.777644,444.522883,1,146732.975740,146725.725230,0.412227,1801058,1801147,450264.500000,0,cstamp,0.000000,0.000000,1000,2785.511630,3.910720,56.000746,19509.451061,7.000093,1379.771310,6.878180,17152.694404,3.910720,0.900085,64,75457.770368,75454.041777,7,89,450286.750000,152.349889,65536,1,180,653860 kB,async_dep_frontier_lsn,1500.709780,93,3715690,264274599821,135903820984,105441.110000,results/tidewal_diagnostic_effects_20260608_184711/logs/cstamp_ycsb_b_async_dep_frontier_lsn_str0_r2.perfstat.csv,264.127254,3.509753,0.000000,9.644539,2,1,1,results/tidewal_diagnostic_effects_20260608_184711/logs/cstamp_ycsb_b_async_dep_frontier_lsn_str0_r2.err,results/tidewal_diagnostic_effects_20260608_184711/logs/cstamp_ycsb_b_async_dep_frontier_lsn_str0_r2.out,3,0,Dep frontier + separate LSN,51168485,984930564,0,0,910213256,706153765,60100101791,777906726,1083532144,847746105,148076778917,6118957729,1573584937,74922483415,149.168455,0.412227,0.412227,18534.456777,0.412227,195.989111,1947,32,512,1024,1024,1024,1801171,471048652,1801171,1801171,324109,22,0,88,163824546,1801171,871354653,800651057,4150008203,39476,1,475708503741,100865576,12608197,12388614,742481,1621185,11,19,async_dep_frontier_lsn,0,0,722102,32232,5017115916,33320934606,32253,7043781,35139389250,2485170956,30894524067,7043781,1621185,7,1801171,0,274404545,177,1,180,1947,32,512,1024,1024,1024,1801058,1620924,1801147,89,93,1,0,0,2702998919,6321581,1079069,11811,0,17371232,113,583776384589,268674316,742481,33383281220,742481,353005199,0,899083,1277361435,0.000000,32,YCSB-B,ycsb_b,0.499172,709.193328
2100,5,10,10,100,10000,0,50,32,1,10,0,95,100000,0,0,95,0.0001,2094,32,512,1024,1024,1024,258.494570,4,22,0,90,0,-nan,0,43020247.250000,1841566,1841545.000000,489.596455,425.104421,1,155216.712214,155210.137895,0.412801,1841467,1841545,460366.750000,0,cstamp,0.000000,0.000000,1000,2757.744092,3.912364,56.000639,16818.803024,7.000080,1349.419586,6.877509,15280.523332,3.912364,0.000000,64,75119.531245,75116.349502,7,78,460386.250000,0.000000,65536,1,196,655028 kB,async_dep_frontier_cstamp,1272.673901,80,3523088,285826453390,138330137844,113636.300000,results/tidewal_diagnostic_effects_20260608_184711/logs/cstamp_ycsb_b_async_dep_frontier_cstamp_str0_r2.perfstat.csv,261.958553,3.511181,0.000000,9.646075,2,1,1,results/tidewal_diagnostic_effects_20260608_184711/logs/cstamp_ycsb_b_async_dep_frontier_cstamp_str0_r2.err,results/tidewal_diagnostic_effects_20260608_184711/logs/cstamp_ycsb_b_async_dep_frontier_cstamp_str0_r2.out,3,0,Dep frontier + cstamp,53645791,1330411242,0,0,1169711023,964414850,59681878099,1055797136,1429878103,838590991,144903517859,5935677160,1962067789,70481445675,148.559690,0.412801,0.412801,17241.738683,0.412801,196.765241,2094,32,512,1024,1024,1024,1841566,476029382,1841566,1841566,315611,22,0,90,172080989,1841566,901613904,782848921,4160964170,39829,1,482388031159,103127696,12890962,12665242,760192,0,10,15,async_dep_frontier_cstamp,0,0,738690,32282,5078509843,33356136420,32314,7204794,30972582615,2485016892,28139771339,7204794,0,7,1841566,0,0,190,1,196,2094,32,512,1024,1024,1024,1841467,0,1841545,78,80,1,0,0,2343686259,6465997,1102876,12177,0,17763681,99,581218603849,273579355,760192,31751437663,760192,362352046,0,920527,1225504537,0.000000,32,YCSB-B,ycsb_b,0.499867,665.476291
2100,5,10,10,100,10000,0,50,32,1,10,0,95,100000,0,0,92,0.0000,2924,1024,1024,1024,1024,1024,160.578012,4,62,0,473,0,-nan,0,61954268.250000,2160022,2159990.000000,620.317821,563.530122,1,125134.529440,125111.472137,0.000000,2159592,2159990,539898.000000,0,frontier,0.000000,0.000000,1000,5034.821825,0.000000,0.000000,0.000000,0.000000,0.000000,0.000000,0.000000,0.000000,1.500037,64,53037.967147,53028.194365,7,398,539997.500000,282.022293,65536,1,951,598672 kB,async_global_lsn_prefix,2032.499419,398,2855390,270239528702,114540369546,107036.950000,results/tidewal_diagnostic_effects_20260608_184711/logs/frontier_ycsb_b_async_global_lsn_prefix_str0_r2.perfstat.csv,1119.927925,0.000000,0.000000,6.819682,2,1,1,results/tidewal_diagnostic_effects_20260608_184711/logs/frontier_ycsb_b_async_global_lsn_prefix_str0_r2.err,results/tidewal_diagnostic_effects_20260608_184711/logs/frontier_ycsb_b_async_global_lsn_prefix_str0_r2.out,3,0,Global LSN prefix,53416785,2118499546,0,0,1807308743,1645749667,27638428419,1725629517,2190416069,940274370,138972717815,2084527666,2844074982,95924392051,150.926454,0.000000,1.000015,35567.313743,1.000015,436.607784,2924,1024,1024,1024,1024,1024,2160022,346846901,2160022,2160022,1160519,62,0,473,247817073,2160022,1339880291,1217219428,3729724774,38379,1,2418587388025,0,0,0,0,3240064,37,60,async_global_lsn_prefix,0,0,2160022,34694,10875164794,31027217826,34715,0,0,0,0,0,3240064,7,2160022,0,609165332,951,1,951,2924,1024,1024,1024,1024,1024,2159592,3239427,2159990,398,398,1,0,0,4390178420,0,0,0,0,14730446,430,2506748448215,325999631,2160022,76825042011,2160022,943068448,0,0,3488809573,0.000000,32,YCSB-B,ycsb_b,0.000000,1615.197095
2100,5,10,10,100,10000,0,50,32,1,10,0,95,100000,0,0,97,0.0001,2132,32,512,1024,1024,1024,271.455869,4,22,0,91,0,-nan,0,41794161.000000,1833058,1833038.000000,511.132266,475.833808,1,147665.582395,147657.123822,0.413595,1832933,1833038,458233.250000,0,frontier,0.000000,0.000000,1000,2791.161769,3.917235,56.000611,17290.858051,7.000076,1426.141330,6.878006,15489.546653,3.917235,0.902103,64,75037.226922,75032.928643,7,105,458259.500000,157.897487,65536,1,178,658200 kB,async_dep_frontier_lsn,1489.317934,103,3654661,270661118936,137538209453,107811.370000,results/tidewal_diagnostic_effects_20260608_184711/logs/frontier_ycsb_b_async_dep_frontier_lsn_str0_r2.perfstat.csv,268.778433,3.515553,0.000000,10.568182,2,1,1,results/tidewal_diagnostic_effects_20260608_184711/logs/frontier_ycsb_b_async_dep_frontier_lsn_str0_r2.err,results/tidewal_diagnostic_effects_20260608_184711/logs/frontier_ycsb_b_async_dep_frontier_lsn_str0_r2.out,3,0,Dep frontier + separate LSN,54329716,1035308660,0,0,939020603,734674750,57760095317,812873263,1144306631,842220687,147538127987,5878800433,1634601319,76701896608,150.402602,0.413595,0.413595,20319.361397,0.413595,193.226619,2132,32,512,1024,1024,1024,1833058,497588924,1833058,1833058,326771,22,0,91,167176644,1833058,936924867,872221451,4074133926,38738,1,492652859538,102651248,12831406,12607646,758136,1653589,14,23,async_dep_frontier_lsn,0,0,736191,32176,5116305587,33247304227,32200,7180440,31694799861,2614171252,28392927618,7180440,1653589,7,1833058,0,289432094,177,1,178,2132,32,512,1024,1024,1024,1832933,1653194,1833038,105,103,1,0,0,2729976367,6444143,1096867,12053,0,19371880,125,598991335445,275693684,758136,37246161576,758136,354191735,0,917398,1351939465,0.000000,32,YCSB-B,ycsb_b,0.500480,737.540337
2100,5,10,10,100,10000,0,50,32,1,10,0,95,100000,0,0,95,0.0000,3302,1024,1024,1024,1024,1024,153.626063,4,62,0,493,0,-nan,0,62836424.750000,2191647,2191618.000000,592.062238,550.110611,1,122921.912409,122893.700502,0.000000,2191115,2191618,547778.750000,0,frontier,0.000000,0.000000,1000,5002.431037,0.000000,0.000000,0.000000,0.000000,0.000000,0.000000,0.000000,0.000000,1.499536,64,52885.590294,52873.452480,7,503,547904.500000,302.005498,65536,2,1085,623288 kB,async_global_lsn_prefix,2045.113053,518,2917950,269336046107,115878410177,106762.130000,results/tidewal_diagnostic_effects_20260608_184711/logs/frontier_ycsb_b_async_global_lsn_prefix_str100_r2.perfstat.csv,1149.348957,0.000000,0.000000,10.380754,2,1,1,results/tidewal_diagnostic_effects_20260608_184711/logs/frontier_ycsb_b_async_global_lsn_prefix_str100_r2.err,results/tidewal_diagnostic_effects_20260608_184711/logs/frontier_ycsb_b_async_global_lsn_prefix_str100_r2.out,3,100,Global LSN prefix,49214053,2129635353,0,0,1789802026,1707669553,27421720028,1787028753,2200437372,948074231,139022085900,2081056014,2868258226,96039190291,152.362915,0.000000,1.000013,35177.306842,1.000013,434.301684,3302,1024,1024,1024,1024,1024,2191647,336689645,2191647,2191647,1189541,62,0,493,251345699,2191647,1297574258,1205632316,3739637623,37981,1,2518355739983,0,0,0,0,3286411,39,75,async_global_lsn_prefix,0,0,2191647,34990,10963417905,30019566952,35017,0,0,0,0,0,3286411,7,2191647,0,661880685,1085,2,1085,3302,1024,1024,1024,1024,1024,2191115,3285634,2191618,503,518,1,0,0,4482106578,0,0,0,0,22750647,532,2607054978403,333921307,2191647,77095218866,2191647,951823387,0,0,3609214989,0.000000,32,YCSB-B,ycsb_b,0.000000,1646.826677
2100,5,10,10,100,10000,0,50,32,1,10,0,95,100000,0,0,86,0.0000,2072,32,512,1024,1024,1024,269.694257,4,22,0,95,0,-nan,0,41167910.750000,1806191,1806170.000000,528.743088,483.456041,1,149852.557026,149842.352081,0.413655,1806047,1806170,451511.750000,0,frontier,0.000000,0.000000,1000,2723.025523,3.915278,56.000651,17274.884860,7.000081,1400.902129,6.876309,15047.834111,3.915278,0.901877,64,74772.576024,74767.484019,7,123,451542.500000,157.313890,65536,1,206,663036 kB,async_dep_frontier_lsn,1501.663890,115,3560298,270640761059,135042786610,107700.160000,results/tidewal_diagnostic_effects_20260608_184711/logs/frontier_ycsb_b_async_dep_frontier_lsn_str100_r2.perfstat.csv,283.136866,3.513782,0.000000,10.048399,2,1,1,results/tidewal_diagnostic_effects_20260608_184711/logs/frontier_ycsb_b_async_dep_frontier_lsn_str100_r2.err,results/tidewal_diagnostic_effects_20260608_184711/logs/frontier_ycsb_b_async_dep_frontier_lsn_str100_r2.out,3,100,Dep frontier + separate LSN,55719055,1045205203,0,0,941947163,744733805,58255531951,826284642,1152717877,833030009,147470564361,5945535640,1649628274,76020230742,150.375737,0.413655,0.413655,20904.923034,0.413655,200.742059,2072,32,512,1024,1024,1024,1806191,487113677,1806191,1806191,341217,22,0,95,164671643,1806191,954999904,873203797,4071613397,38569,1,511358486588,101146696,12643337,12419783,747131,1628943,16,24,async_dep_frontier_lsn,0,0,725070,31646,4918247009,32713206104,31669,7071657,31201378788,2530267399,27178946536,7071657,1628943,7,1806191,0,284135628,198,1,206,2072,32,512,1024,1024,1024,1806047,1628546,1806170,123,115,1,0,0,2712260268,6346488,1081121,12066,0,18149116,144,616303686805,271604145,747131,37757844837,747131,362574284,0,903873,1267721742,0.000000,32,YCSB-B,ycsb_b,0.500436,701.883954
2100,5,10,10,100,10000,0,50,32,1,10,0,95,100000,0,0,130,0.0001,2940,1024,1024,1024,1024,1024,125.360649,4,63,0,600,0,-nan,0,66796455.000000,2329773,2329742.000000,543.477222,496.921263,1,129625.114642,129581.437825,0.000000,2328957,2329742,582239.250000,0,frontier,0.000000,0.000000,1000,4674.501484,0.000000,0.000000,0.000000,0.000000,0.000000,0.000000,0.000000,0.000000,1.499000,64,52391.420689,52373.767547,7,785,582435.500000,282.500027,65536,1,1292,646368 kB,async_global_lsn_prefix,1994.299167,789,2966671,301891318122,122017365953,119425.570000,results/tidewal_diagnostic_effects_20260608_184711/logs/frontier_ycsb_b_async_global_lsn_prefix_str500_r2.perfstat.csv,1305.999633,0.000000,0.000000,9.692606,2,1,1,results/tidewal_diagnostic_effects_20260608_184711/logs/frontier_ycsb_b_async_global_lsn_prefix_str500_r2.err,results/tidewal_diagnostic_effects_20260608_184711/logs/frontier_ycsb_b_async_global_lsn_prefix_str500_r2.out,3,500,Global LSN prefix,73739193,2486895019,0,0,2102448853,1922080024,31376749185,2008386222,2528728668,1006400182,135992860022,2327838318,3301344911,86858249447,150.995839,0.000000,1.000013,28561.454398,1.000013,399.249941,2940,1024,1024,1024,1024,1024,2329773,292057970,2329773,2329773,1339260,63,0,600,267185820,2329773,1266161711,1157698337,3789812474,38176,1,3041616987163,0,0,0,0,3492284,53,120,async_global_lsn_prefix,0,0,2329773,36755,10890382437,27309461285,36783,0,0,0,0,0,3492284,7,2329773,0,658152179,1292,1,1292,2940,1024,1024,1024,1024,1024,2328957,3491043,2329742,785,789,1,0,0,4646202530,0,0,0,0,22581272,816,3120174034863,351781349,2329773,66540819891,2329773,930149356,0,0,3957604816,0.000000,32,YCSB-B,ycsb_b,0.000000,1698.730939
2100,5,10,10,100,10000,0,50,32,1,10,0,95,100000,0,0,95,0.0001,3042,32,512,1024,2048,2048,259.489034,4,23,0,111,0,-nan,0,41728366.500000,1829786,1829763.000000,479.980478,420.915842,1,150131.968671,150121.958577,0.416617,1829641,1829763,457410.250000,0,frontier,0.000000,0.000000,1000,2547.257263,3.917675,56.000704,18039.154102,7.000088,1366.834201,6.876316,15247.138894,3.917675,0.902261,64,74555.494992,74550.523982,7,122,457440.750000,156.787431,65536,1,208,623804 kB,async_dep_frontier_lsn,1468.106232,120,3550805,274687605291,136409790412,109251.380000,results/tidewal_diagnostic_effects_20260608_184711/logs/frontier_ycsb_b_async_dep_frontier_lsn_str500_r2.perfstat.csv,320.828584,3.515953,0.000000,10.402556,2,1,1,results/tidewal_diagnostic_effects_20260608_184711/logs/frontier_ycsb_b_async_dep_frontier_lsn_str500_r2.err,results/tidewal_diagnostic_effects_20260608_184711/logs/frontier_ycsb_b_async_dep_frontier_lsn_str500_r2.out,3,500,Dep frontier + separate LSN,59697825,1182771313,0,0,1094872049,858268948,60047346526,942245832,1290011533,844171155,146191548602,6139804269,1803750539,71928608613,146.589674,0.416617,0.416617,18192.786317,0.416617,197.640530,3042,32,512,1024,2048,2048,1829786,474803434,1829786,1829786,376981,23,0,111,166913466,1829786,878250519,770176233,4177225312,38970,1,587001132076,102468016,12808502,12582028,762311,1650923,16,34,async_dep_frontier_lsn,0,0,734970,30692,4660877092,31707726964,30705,7168417,33007376728,2500982649,27898650604,7168417,1650923,7,1829786,0,286883841,208,1,208,3042,32,512,1024,2048,2048,1829641,1650327,1829763,122,120,1,0,0,2686286464,6433360,1094816,12312,0,19034212,145,689795481243,268224362,762311,33288487269,762311,361635329,0,915953,1231808042,0.000000,32,YCSB-B,ycsb_b,0.500586,673.206334
2100,5,10,10,100,10000,0,50,32,1,10,0,95,100000,0,0,106,0.0001,194790,131072,131072,131072,131072,131072,120.083845,4,56,0,61688,0,-nan,0,51732953.250000,1806660,1806628.000000,549.953153,440.307162,1,202176.628933,194884.461705,0.000000,1741466,1806628,435366.500000,0,frontier,0.000000,0.000000,1000,4546.646133,0.000000,0.000000,0.000000,0.000000,0.000000,0.000000,0.000000,0.000000,1.500345,64,175696.404200,169359.333652,7,65162,451657.000000,314.480983,65536,1,65558,557696 kB,async_global_lsn_prefix,2055.992254,65165,2080073,352083725281,305969314237,137653.280000,results/tidewal_diagnostic_effects_20260608_184711/logs/frontier_ycsb_b_async_global_lsn_prefix_str1000_r2.perfstat.csv,183598.814971,0.000000,0.000000,6.467428,2,1,1,results/tidewal_diagnostic_effects_20260608_184711/logs/frontier_ycsb_b_async_global_lsn_prefix_str1000_r2.err,results/tidewal_diagnostic_effects_20260608_184711/logs/frontier_ycsb_b_async_global_lsn_prefix_str1000_r2.out,3,1000,Global LSN prefix,58470970,2237085462,0,0,1909201815,1733836201,27068721167,1807493578,2264369251,803752432,138964237722,1956072852,2905255150,96219978844,149.052507,0.000000,1.000018,22347.683183,1.000018,414.178373,194790,131072,131072,131072,131072,131072,1806660,216946836,1806660,1806660,177045942,56,0,61688,206931813,1806660,993560764,795471248,4346450227,41441,1,319731093912845,0,0,0,0,2710566,1474,10208,async_global_lsn_prefix,0,0,1806660,32177,8214098210,27363040977,32201,0,0,0,0,0,2710566,7,1806660,0,568150150,65558,1,65558,194790,131072,131072,131072,131072,131072,1741466,2612804,1806628,65162,65165,1,0,40671107788,3714413174,0,0,0,0,11684236,65194,319861823273991,269282433,1806660,40373950173,1806660,748266245,40671107788,0,2688981075,22512.165088,32,YCSB-B,ycsb_b,0.000000,1488.397764
2100,5,10,10,100,10000,0,50,32,1,10,0,95,100000,0,0,104,0.0001,3844,32,1024,1024,2048,2048,268.937977,4,25,0,137,0,-nan,0,42890816.250000,1885482,1885461.000000,480.822966,447.330189,1,151193.243715,151180.092718,0.419262,1885297,1885461,471324.250000,0,frontier,0.000000,0.000000,1000,2607.626285,3.908601,56.000624,13686.225796,7.000078,1348.505045,6.880942,13074.227946,3.908601,0.899841,64,73417.279413,73410.893477,7,164,471365.250000,161.072743,65536,1,244,657552 kB,async_dep_frontier_lsn,1467.421860,42,3380042,285044168797,138413376626,113183.900000,results/tidewal_diagnostic_effects_20260608_184711/logs/frontier_ycsb_b_async_dep_frontier_lsn_str1000_r2.perfstat.csv,380.924986,3.507826,0.000000,8.837355,2,1,1,results/tidewal_diagnostic_effects_20260608_184711/logs/frontier_ycsb_b_async_dep_frontier_lsn_str1000_r2.err,results/tidewal_diagnostic_effects_20260608_184711/logs/frontier_ycsb_b_async_dep_frontier_lsn_str1000_r2.out,3,1000,Dep frontier + separate LSN,62519198,1288320553,0,0,1158553822,920134954,54704861612,1009950218,1381886720,869112342,145236116300,5443835752,1929527607,76467413522,147.710415,0.419262,0.419262,21369.156291,0.419262,202.873631,3844,32,1024,1024,2048,2048,1885482,507072067,1885482,1885482,433782,25,0,137,171563265,1885482,906572951,843423625,4106243345,38128,1,718156732864,105586992,13198374,12973747,790502,1696616,17,26,async_dep_frontier_lsn,0,0,755532,29852,4916577662,30820782889,29862,7369514,25804844976,2542553670,24650946898,7369514,1696616,7,1885482,0,303696375,241,1,244,3844,32,1024,1024,2048,2048,1885297,1696188,1885461,164,42,1,0,0,2766766687,6613869,1129950,12170,0,16662488,185,817888498021,278502226,790502,40290710790,790502,382510320,0,941084,1344075035,0.000000,32,YCSB-B,ycsb_b,0.499127,712.862814
2100,5,10,10,100,10000,0,50,32,1,10,0,50,100000,0,0,6666,0.0054,4086,512,1024,1024,1024,1024,196.148260,4,39,0,172,0,-nan,0,242888452.000000,1219314,1219292.000000,944.089393,819.493922,1,218330.834678,218302.721690,1.093645,1219135,1219292,304783.750000,0,cstamp,0.000000,0.000000,1000,6437.964761,5.987582,56.001010,28667.403129,7.000126,2146.662119,6.981571,31765.267798,5.987582,5.999606,64,140642.494063,140624.384479,7,157,304823.000000,1072.390759,65536,2,326,3059892 kB,async_dep_frontier_lsn,7777.689863,159,3741788,266174762135,171462187000,105938.950000,results/tidewal_diagnostic_effects_20260608_184711/logs/cstamp_ycsb_a_async_dep_frontier_lsn_str0_r3.perfstat.csv,704.442600,4.988487,0.000000,16.273943,3,1,1,results/tidewal_diagnostic_effects_20260608_184711/logs/cstamp_ycsb_a_async_dep_frontier_lsn_str0_r3.err,results/tidewal_diagnostic_effects_20260608_184711/logs/cstamp_ycsb_a_async_dep_frontier_lsn_str0_r3.out,3,0,Dep frontier + separate LSN,3787600156,431729954,0,0,415056400,239957479,21989831455,349483132,822191640,733015925,153752230706,40458130153,1173257682,83351976730,1769.159911,1.093645,1.093645,22834.360244,1.093645,461.753213,4086,512,1024,1024,1024,1024,1219314,239162004,1219314,1219314,804060,39,0,172,971553808,1219314,1151120644,999202383,3956529787,36588,1,858810629138,68281584,8535198,8512574,1333473,7315272,22,39,async_dep_frontier_lsn,0,0,1218101,31013,7849758929,31917459557,31138,7300611,34953935296,2617407948,38731136904,7300611,7315272,7,1219314,0,1307557473,301,2,326,4086,512,1024,1024,1024,1024,1219135,7313428,1219292,157,159,1,0,0,9483275028,6082422,1213,0,0,19842689,179,980402265807,2157122526,1333473,27841752771,1333473,563011999,0,6097171,2678229648,0.000000,32,YCSB-A,ycsb_a,5.000583,2196.544920
2100,5,10,10,100,10000,0,50,32,1,10,0,50,100000,0,0,6679,0.0054,3656,512,1024,1024,1024,1024,149.464264,4,39,0,174,0,-nan,0,251666702.250000,1230434,1230419.000000,827.486360,697.866272,1,213444.516489,213410.168829,1.095058,1230221,1230419,307555.250000,0,cstamp,0.000000,0.000000,1000,6482.848723,5.991397,56.000683,32374.930550,7.000085,2114.728158,6.982148,35703.905978,5.991397,0.000000,64,140962.234538,140939.550783,7,198,307604.750000,0.000000,65536,1,340,3071608 kB,async_dep_frontier_cstamp,5891.145015,199,3929697,262583926520,173414701135,104841.250000,results/tidewal_diagnostic_effects_20260608_184711/logs/cstamp_ycsb_a_async_dep_frontier_cstamp_str0_r3.perfstat.csv,698.395626,4.992252,0.000000,15.669465,3,1,1,results/tidewal_diagnostic_effects_20260608_184711/logs/cstamp_ycsb_a_async_dep_frontier_cstamp_str0_r3.err,results/tidewal_diagnostic_effects_20260608_184711/logs/cstamp_ycsb_a_async_dep_frontier_cstamp_str0_r3.out,3,0,Dep frontier + cstamp,3624882548,413937281,0,0,398300388,227530636,23654383070,333607850,782554305,694048189,153981496973,43760021329,1180179283,78912052094,1742.785593,1.095058,1.095058,16861.768976,1.095058,463.483129,3656,512,1024,1024,1024,1024,1230434,183903670,1230434,1230434,796445,39,0,174,1006666809,1230434,1018154940,858667920,4103028371,38189,1,859180965171,68904304,8613038,8590967,1347380,0,27,44,async_dep_frontier_cstamp,0,0,1229247,31001,7976620243,31905911080,31128,7371929,39834729672,2602001706,43930764289,7371929,0,7,1230434,0,0,310,1,340,3656,512,1024,1024,1024,1024,1230221,0,1230419,198,199,1,0,0,7248576758,6142562,1187,2,0,19280007,213,979973553419,2144356507,1347380,20747040922,1347380,570278448,0,6148387,2652988349,0.000000,32,YCSB-A,ycsb_a,4.996986,2156.166598
2100,5,10,10,100,10000,0,50,32,1,10,0,95,100000,0,0,99,0.0001,2189,32,512,1024,1024,1024,258.724462,4,22,0,91,0,-nan,0,41771716.000000,1837191,1837171.000000,495.584998,447.107209,1,152698.560877,152689.916798,0.412193,1837067,1837171,459266.750000,0,cstamp,0.000000,0.000000,1000,2890.583745,3.904438,56.000610,16813.007330,7.000076,1400.642449,6.879242,15356.393207,3.904438,0.899475,64,74546.203320,74541.983351,7,104,459292.750000,153.676761,65536,1,184,634660 kB,async_dep_frontier_lsn,1487.368166,99,3553497,280517487134,136946370095,111574.710000,results/tidewal_diagnostic_effects_20260608_184711/logs/cstamp_ycsb_b_async_dep_frontier_lsn_str0_r3.perfstat.csv,266.629094,3.504036,0.000000,11.672752,3,1,1,results/tidewal_diagnostic_effects_20260608_184711/logs/cstamp_ycsb_b_async_dep_frontier_lsn_str0_r3.err,results/tidewal_diagnostic_effects_20260608_184711/logs/cstamp_ycsb_b_async_dep_frontier_lsn_str0_r3.out,3,0,Dep frontier + separate LSN,64255660,1192768641,0,0,1081965989,859583860,58128736145,943106677,1288407220,851152330,145964679450,5881923024,1810986202,73861793702,148.641158,0.412193,0.412193,18749.469386,0.412193,206.166470,2189,32,512,1024,1024,1024,1837191,475321079,1837191,1837191,322384,22,0,91,167086864,1837191,910474386,821412398,4126413599,39011,1,489815510451,102882696,12860337,12638344,757269,1652489,14,21,async_dep_frontier_lsn,0,0,735488,32121,5310496629,33212678840,32159,7173121,30888369489,2573219688,28212320264,7173121,1652489,7,1837191,0,282330489,181,1,184,2189,32,512,1024,1024,1024,1837067,1652117,1837171,104,99,1,0,0,2732549661,6437513,1101703,12021,0,21444842,124,592282454003,273079225,757269,34445981422,757269,378763060,0,917001,1362151935,0.000000,32,YCSB-B,ycsb_b,0.499138,741.439929
2100,5,10,10,100,10000,0,50,32,1,10,0,95,100000,0,0,103,0.0001,1863,32,512,512,1024,1024,269.057480,4,23,0,91,0,-nan,0,43899857.500000,1877213,1877196.000000,502.287603,445.576689,1,147733.361287,147725.884886,0.413268,1877101,1877196,469275.250000,0,cstamp,0.000000,0.000000,1000,2542.346551,3.914851,56.000507,16082.743874,7.000063,1399.641752,6.878443,14175.498143,3.914851,0.000000,64,75236.763117,75232.955580,7,95,469299.000000,0.000000,65536,1,175,695232 kB,async_dep_frontier_cstamp,1230.942647,93,3602620,277310440205,141227003283,110342.510000,results/tidewal_diagnostic_effects_20260608_184711/logs/cstamp_ycsb_b_async_dep_frontier_cstamp_str0_r3.perfstat.csv,262.870127,3.513400,0.000000,9.607492,3,1,1,results/tidewal_diagnostic_effects_20260608_184711/logs/cstamp_ycsb_b_async_dep_frontier_cstamp_str0_r3.err,results/tidewal_diagnostic_effects_20260608_184711/logs/cstamp_ycsb_b_async_dep_frontier_cstamp_str0_r3.out,3,0,Dep frontier + cstamp,51783021,1172078003,0,0,1034886327,844263832,57789317833,930799648,1277971429,852866157,146280113610,5760666998,1785324840,74780155522,153.872917,0.413268,0.413268,19832.404063,0.413268,186.795920,1863,32,512,512,1024,1024,1877213,505073626,1877213,1877213,317264,23,0,91,175599430,1877213,942892279,836434779,4106988522,39168,1,493433777864,105123928,13140491,12912186,775785,0,12,20,async_dep_frontier_cstamp,0,0,753486,32388,4772482777,33447158554,32413,7348943,30190462469,2627401898,26610188412,7348943,0,7,1877213,0,0,172,1,175,1863,32,512,512,1024,1024,1877101,0,1877196,95,93,1,0,0,2310720613,6595340,1123727,12257,0,18035145,112,595572915748,288849625,775785,37229309578,775785,350652554,0,939153,1172009185,0.000000,32,YCSB-B,ycsb_b,0.500296,624.340338
2100,5,10,10,100,10000,0,50,32,1,10,0,95,100000,0,0,98,0.0000,3860,1024,1024,1024,1024,1024,157.754863,4,62,0,481,0,-nan,0,62659222.000000,2182372,2182348.000000,609.540301,563.296014,1,122557.214566,122524.586524,0.000000,2181767,2182348,545441.750000,0,frontier,0.000000,0.000000,1000,5139.710517,0.000000,0.000000,0.000000,0.000000,0.000000,0.000000,0.000000,0.000000,1.500654,64,53253.487531,53239.310014,7,581,545587.000000,283.812424,65536,1,1034,606972 kB,async_global_lsn_prefix,2051.007957,597,2966160,267391286352,116186701730,106016.660000,results/tidewal_diagnostic_effects_20260608_184711/logs/frontier_ycsb_b_async_global_lsn_prefix_str0_r3.perfstat.csv,1129.805296,0.000000,0.000000,7.573613,3,1,1,results/tidewal_diagnostic_effects_20260608_184711/logs/frontier_ycsb_b_async_global_lsn_prefix_str0_r3.err,results/tidewal_diagnostic_effects_20260608_184711/logs/frontier_ycsb_b_async_global_lsn_prefix_str0_r3.out,3,0,Global LSN prefix,51424022,2047235982,0,0,1694104186,1621241321,26664937233,1694844543,2112755828,950345431,139862826267,2065054185,2785693216,98175190320,150.661964,0.000000,1.000011,36101.406639,1.000011,449.782454,3860,1024,1024,1024,1024,1024,2182372,344276009,2182372,2182372,1170946,62,0,481,250636888,2182372,1330229056,1229307929,3720851524,38051,1,2464971912320,0,0,0,0,3274949,46,76,async_global_lsn_prefix,0,0,2182372,34948,11216636968,30824560346,34985,0,0,0,0,0,3274949,7,2182372,0,619377476,1034,1,1034,3860,1024,1024,1024,1024,1024,2181767,3274019,2182348,581,597,1,0,0,4476013114,0,0,0,0,16528260,605,2555441742953,328796835,2182372,78785832576,2182372,981581840,0,0,3688116594,0.000000,32,YCSB-B,ycsb_b,0.000000,1689.976390
2100,5,10,10,100,10000,0,50,32,1,10,0,95,100000,0,0,110,0.0001,1914,32,512,1024,1024,1024,261.119544,4,23,0,94,0,-nan,0,42978960.750000,1887055,1887032.000000,477.124638,456.090659,1,150619.884731,150610.386341,0.413159,1886913,1887032,471728.250000,0,frontier,0.000000,0.000000,1000,2768.021000,3.911310,56.000683,14737.610467,7.000085,1365.040762,6.882042,14070.841816,3.911310,0.900790,64,74232.676234,74227.994974,7,119,471758.000000,146.702807,65536,1,184,667192 kB,async_dep_frontier_lsn,1474.599273,119,3562486,284206618557,140070601811,112972.050000,results/tidewal_diagnostic_effects_20260608_184711/logs/frontier_ycsb_b_async_dep_frontier_lsn_str0_r3.perfstat.csv,267.944957,3.510224,0.000000,10.848632,3,1,1,results/tidewal_diagnostic_effects_20260608_184711/logs/frontier_ycsb_b_async_dep_frontier_lsn_str0_r3.err,results/tidewal_diagnostic_effects_20260608_184711/logs/frontier_ycsb_b_async_dep_frontier_lsn_str0_r3.out,3,0,Dep frontier + separate LSN,59601456,1184702705,0,0,1070632331,852465422,56515985933,937038673,1282460347,877535626,146127530802,5696487588,1817185785,75833434936,150.596049,0.413159,0.413159,20035.310213,0.413159,197.823442,1914,32,512,1024,1024,1024,1887055,492740935,1887055,1887055,321553,23,0,94,171915843,1887055,900349459,860657668,4088672465,38808,1,505588822815,105675080,13209385,12986634,779644,1699819,15,26,async_dep_frontier_lsn,0,0,756735,32162,5223344203,33211641448,32180,7380768,27810342554,2575875600,26552128773,7380768,1699819,7,1887055,0,276832891,181,1,184,1914,32,512,1024,1024,1024,1886913,1699390,1887032,119,119,1,0,0,2782616016,6623905,1130320,11983,0,20471716,142,606789162961,284179563,779644,37807271502,779644,373299166,0,943084,1363923762,0.000000,32,YCSB-B,ycsb_b,0.499771,722.787829
2100,5,10,10,100,10000,0,50,32,1,10,0,95,100000,0,0,109,0.0001,3235,1024,1024,1024,1024,1024,155.178003,4,62,0,491,0,-nan,0,62278109.250000,2171521,2171494.000000,610.453619,579.150134,1,121428.119493,121403.570982,0.000000,2171055,2171494,542763.750000,0,frontier,0.000000,0.000000,1000,5034.588509,0.000000,0.000000,0.000000,0.000000,0.000000,0.000000,0.000000,0.000000,1.499952,64,53217.698188,53206.939434,7,439,542873.500000,281.336980,65536,1,941,610980 kB,async_global_lsn_prefix,2039.781850,452,2946989,263627125965,115538549739,104621.360000,results/tidewal_diagnostic_effects_20260608_184711/logs/frontier_ycsb_b_async_global_lsn_prefix_str100_r3.perfstat.csv,1158.434386,0.000000,0.000000,9.168931,3,1,1,results/tidewal_diagnostic_effects_20260608_184711/logs/frontier_ycsb_b_async_global_lsn_prefix_str100_r3.err,results/tidewal_diagnostic_effects_20260608_184711/logs/frontier_ycsb_b_async_global_lsn_prefix_str100_r3.out,3,100,Global LSN prefix,59258075,2012443833,0,0,1712841884,1556772103,26540144340,1638265158,2085188624,951982406,139913375953,2049929469,2720153957,98586396104,151.348976,0.000000,1.000012,36703.155879,1.000012,435.624261,3235,1024,1024,1024,1024,1024,2171521,336968102,2171521,2171521,1200170,62,0,491,249112437,2171521,1325596371,1257621042,3689767320,37451,1,2515024765645,0,0,0,0,3257136,40,63,async_global_lsn_prefix,0,0,2171521,34836,10932578739,30121401363,34870,0,0,0,0,0,3257136,7,2171521,0,610921563,941,1,941,3235,1024,1024,1024,1024,1024,2171055,3256436,2171494,439,452,1,0,0,4429374049,0,0,0,0,19910279,466,2606195627687,328653394,2171521,79700682772,2171521,945955468,0,0,3540775373,0.000000,32,YCSB-B,ycsb_b,0.000000,1630.571106
2100,5,10,10,100,10000,0,50,32,1,10,0,95,100000,0,0,92,0.0001,2382,32,512,1024,1024,1024,273.033665,4,22,0,94,0,-nan,0,40880369.750000,1794159,1794141.000000,520.423682,464.821066,1,148610.904696,148601.130611,0.413496,1794023,1794141,448505.750000,0,frontier,0.000000,0.000000,1000,2754.714126,3.913537,56.000562,18771.914912,7.000070,1369.053642,6.875539,15847.927701,3.913537,0.901606,64,75016.356800,75011.423002,7,118,448535.250000,164.611493,65536,1,186,627404 kB,async_dep_frontier_lsn,1518.919623,116,3612900,266611381076,134581069476,106207.110000,results/tidewal_diagnostic_effects_20260608_184711/logs/frontier_ycsb_b_async_dep_frontier_lsn_str100_r3.perfstat.csv,282.286296,3.512208,0.000000,10.284306,3,1,1,results/tidewal_diagnostic_effects_20260608_184711/logs/frontier_ycsb_b_async_dep_frontier_lsn_str100_r3.err,results/tidewal_diagnostic_effects_20260608_184711/logs/frontier_ycsb_b_async_dep_frontier_lsn_str100_r3.out,3,100,Dep frontier + separate LSN,53745859,1013678687,0,0,927413164,723304115,59656373301,800334244,1125006935,834342586,147742463014,6137301379,1607686994,74863275750,147.483328,0.413496,0.413496,19821.470092,0.413496,199.824088,2382,32,512,1024,1024,1024,1794159,489860893,1794159,1794159,341565,22,0,94,163521479,1794159,933713465,833954533,4110875627,38961,1,506428107506,100472904,12559113,12335687,741871,1617609,16,29,async_dep_frontier_lsn,0,0,719940,31628,4942345557,32688924977,31641,7021437,33679462192,2456275271,28433416854,7021437,1617609,7,1794159,0,295336228,184,1,186,2382,32,512,1024,1024,1024,1794023,1617241,1794141,118,116,1,0,0,2725155972,6301396,1074219,11975,0,18451495,136,612822208768,264605885,741871,35562512173,741871,358512589,0,897669,1276557177,0.000000,32,YCSB-B,ycsb_b,0.500334,711.514411
2100,5,10,10,100,10000,0,50,32,1,10,0,95,100000,0,0,141,0.0001,3689,1024,1024,1024,1024,1024,126.988937,4,63,0,598,0,-nan,0,67641091.250000,2355621,2355597.000000,546.828443,488.216422,1,128954.093900,128927.871668,0.000000,2355118,2355597,588779.500000,0,frontier,0.000000,0.000000,1000,4629.358522,0.000000,0.000000,0.000000,0.000000,0.000000,0.000000,0.000000,0.000000,1.500153,64,52045.003135,52034.420019,7,479,588899.250000,290.043772,65536,2,977,648068 kB,async_global_lsn_prefix,2005.055553,480,2907606,303702107717,122572123693,120085.070000,results/tidewal_diagnostic_effects_20260608_184711/logs/frontier_ycsb_b_async_global_lsn_prefix_str500_r3.perfstat.csv,1285.362600,0.000000,0.000000,7.676817,3,1,1,results/tidewal_diagnostic_effects_20260608_184711/logs/frontier_ycsb_b_async_global_lsn_prefix_str500_r3.err,results/tidewal_diagnostic_effects_20260608_184711/logs/frontier_ycsb_b_async_global_lsn_prefix_str500_r3.out,3,500,Global LSN prefix,84255526,2515470862,0,0,2141468850,1962002034,31588956394,2050664428,2559523723,1009354156,135600279898,2351132908,3333372636,86004078381,149.351737,0.000000,1.000010,27767.189885,1.000010,434.896704,3689,1024,1024,1024,1024,1024,2355621,299134758,2355621,2355621,1317981,63,0,598,270564365,2355621,1288107441,1150041138,3795062756,38779,1,3027180595315,0,0,0,0,3533755,49,72,async_global_lsn_prefix,0,0,2355621,37191,10904903047,27407520991,37229,0,0,0,0,0,3533755,7,2355621,0,683226239,977,2,977,3689,1024,1024,1024,1024,1024,2355118,3533000,2355597,479,480,1,0,0,4723102846,0,0,0,0,18083486,503,3104664942966,351812504,2355621,65408309192,2355621,1024441372,0,0,3826196116,0.000000,32,YCSB-B,ycsb_b,0.000000,1624.299961
2100,5,10,10,100,10000,0,50,32,1,10,0,95,100000,0,0,98,0.0001,3102,32,512,1024,2048,2048,267.404338,4,24,0,113,0,-nan,0,42173711.000000,1848342,1848328.000000,478.297579,445.948084,1,147999.792098,147990.824006,0.416727,1848216,1848328,462054.000000,0,frontier,0.000000,0.000000,1000,2669.586932,3.918253,56.000424,16702.246959,7.000053,1355.621080,6.878693,14968.891836,3.918253,0.902586,64,74629.853274,74625.331055,7,112,462082.000000,160.965004,65536,1,213,650324 kB,async_dep_frontier_lsn,1504.937438,106,3579279,273535583753,137932088898,108859.910000,results/tidewal_diagnostic_effects_20260608_184711/logs/frontier_ycsb_b_async_dep_frontier_lsn_str500_r3.perfstat.csv,324.779832,3.516442,0.000000,8.734595,3,1,1,results/tidewal_diagnostic_effects_20260608_184711/logs/frontier_ycsb_b_async_dep_frontier_lsn_str500_r3.err,results/tidewal_diagnostic_effects_20260608_184711/logs/frontier_ycsb_b_async_dep_frontier_lsn_str500_r3.out,3,500,Dep frontier + separate LSN,56891938,1047712677,0,0,954811973,734126789,57397443540,818144841,1154632389,853456212,147526243065,5900333674,1646860093,76961828939,149.329658,0.416727,0.416727,20463.775624,0.416727,207.844243,3102,32,512,1024,2048,2048,1848342,494250925,1848342,1848342,381692,24,0,113,168694844,1848342,884050808,824258330,4126934989,38687,1,600263281147,103507152,12938394,12714081,770249,1668275,14,24,async_dep_frontier_lsn,0,0,742566,30618,4934272275,31633156884,30633,7242216,30871230718,2505632400,27667421909,7242216,1668275,7,1848342,0,297516123,208,1,213,3102,32,512,1024,2048,2048,1848216,1667940,1848328,112,106,1,0,0,2781618005,6499538,1105776,11979,0,16144397,126,705498986853,276010189,770249,37823769471,770249,384164334,0,925709,1293688905,0.000000,32,YCSB-B,ycsb_b,0.500836,699.923880
2100,5,10,10,100,10000,0,50,32,1,10,0,95,100000,0,0,96,0.0001,193128,131072,131072,131072,131072,131072,119.020208,4,56,0,61668,0,-nan,0,51372434.500000,1794783,1794751.000000,572.746092,464.818777,1,202212.844148,194828.290953,0.000000,1729209,1794751,432302.250000,0,frontier,0.000000,0.000000,1000,4558.722130,0.000000,0.000000,0.000000,0.000000,0.000000,0.000000,0.000000,0.000000,1.500112,64,176478.457281,170033.690822,7,65542,448687.750000,311.148233,65536,1,65558,555140 kB,async_global_lsn_prefix,2109.896060,65542,2161061,349668270017,305168136637,136799.660000,results/tidewal_diagnostic_effects_20260608_184711/logs/frontier_ycsb_b_async_global_lsn_prefix_str1000_r3.perfstat.csv,184966.662133,0.000000,0.000000,10.856263,3,1,1,results/tidewal_diagnostic_effects_20260608_184711/logs/frontier_ycsb_b_async_global_lsn_prefix_str1000_r3.err,results/tidewal_diagnostic_effects_20260608_184711/logs/frontier_ycsb_b_async_global_lsn_prefix_str1000_r3.out,3,1000,Global LSN prefix,53412794,2084748438,0,0,1769202300,1653003196,25507413481,1721869982,2144116191,781646062,140150210082,1868220815,2713582378,99852994445,149.684092,0.000000,1.000018,24029.677266,1.000018,428.699632,193128,131072,131072,131072,131072,131072,1794783,213611638,1794783,1794783,178283276,56,0,61668,205489738,1794783,1027936621,834233964,4305544538,39785,1,319846016860156,0,0,0,0,2692327,1508,10352,async_global_lsn_prefix,0,0,1794783,31970,8181771101,27169981146,31989,0,0,0,0,0,2692327,7,1794783,0,558433603,65558,1,65558,193128,131072,131072,131072,131072,131072,1729209,2593917,1794751,65542,65542,1,0,40675969226,3786738064,0,0,0,0,19484288,65574,319979793300597,268645674,1794783,43127287303,1794783,769409093,40675969226,0,2846658362,22663.850989,32,YCSB-B,ycsb_b,0.000000,1586.102118
2100,5,10,10,100,10000,0,50,32,1,10,0,95,100000,0,0,97,0.0001,3918,32,1024,1024,2048,2048,271.931758,4,23,0,128,0,-nan,0,40669577.250000,1786582,1786557.000000,495.256148,425.163699,1,148119.260016,148110.305989,0.418392,1786449,1786557,446612.250000,0,frontier,0.000000,0.000000,1000,2500.377663,3.913173,56.000784,20051.806164,7.000098,1358.899371,6.874860,16408.317092,3.913173,0.901020,64,75177.248715,75172.704140,7,108,446639.250000,144.777347,65536,1,245,642252 kB,async_dep_frontier_lsn,1465.866623,108,3632901,264607503936,134300320790,105462.800000,results/tidewal_diagnostic_effects_20260608_184711/logs/frontier_ycsb_b_async_dep_frontier_lsn_str1000_r3.perfstat.csv,373.883006,3.511927,0.000000,10.940816,3,1,1,results/tidewal_diagnostic_effects_20260608_184711/logs/frontier_ycsb_b_async_dep_frontier_lsn_str1000_r3.err,results/tidewal_diagnostic_effects_20260608_184711/logs/frontier_ycsb_b_async_dep_frontier_lsn_str1000_r3.out,3,1000,Dep frontier + separate LSN,54673408,1041819611,0,0,940381080,741591876,61148176407,818377086,1144065001,826027363,147557923483,6236191614,1637812342,72968807695,150.646218,0.418392,0.418392,18605.392762,0.418392,186.721619,3918,32,1024,1024,2048,2048,1786582,485821586,1786582,1786582,433604,23,0,128,162678309,1786582,884803338,759579182,4187276304,38845,1,667922923054,100048592,12506074,12282329,747482,1609724,14,30,async_dep_frontier_lsn,0,0,716759,30012,4467067217,31016943501,30026,6991107,35823694665,2427751183,29314393759,6991107,1609724,7,1786582,0,258652982,244,1,245,3918,32,1024,1024,2048,2048,1786449,1609300,1786557,108,108,1,0,0,2618854277,6274257,1069823,11972,0,19546391,133,774670286243,269138055,747482,33239594677,747482,333588815,0,892965,1196747617,0.000000,32,YCSB-B,ycsb_b,0.499825,669.862544
2100,5,10,10,100,10000,0,50,32,1,10,0,50,100000,0,0,6405,0.0053,4527,512,1024,1024,1024,1024,194.213018,4,38,0,172,0,-nan,0,237940753.750000,1194530,1194516.000000,944.351361,806.321343,1,215570.181346,215540.223898,1.093728,1194350,1194516,298587.500000,0,cstamp,0.000000,0.000000,1000,6793.152722,5.987415,56.000656,31669.009804,7.000082,2071.268177,6.981127,34972.175191,5.987415,6.000257,64,141400.389957,141380.739768,7,166,298629.000000,1020.602303,65536,2,333,2986508 kB,async_dep_frontier_lsn,7709.428720,167,3791806,257466246090,168881555745,102643.490000,results/tidewal_diagnostic_effects_20260608_184711/logs/cstamp_ycsb_a_async_dep_frontier_lsn_str0_r4.perfstat.csv,714.931928,4.988262,0.000000,16.618345,4,1,1,results/tidewal_diagnostic_effects_20260608_184711/logs/cstamp_ycsb_a_async_dep_frontier_lsn_str0_r4.err,results/tidewal_diagnostic_effects_20260608_184711/logs/cstamp_ycsb_a_async_dep_frontier_lsn_str0_r4.out,3,0,Dep frontier + separate LSN,3632287616,403061071,0,0,414531507,226919606,22287639932,329499328,799169708,718673330,154121202300,41102030156,1151085441,83056304605,1765.428040,1.093728,1.093728,21296.765249,1.093728,443.626329,4527,512,1024,1024,1024,1024,1194530,231990558,1194530,1194530,819182,38,0,172,951763015,1194530,1128042810,963163745,3987118800,37128,1,853878948186,66893680,8361710,8339068,1306475,7167403,22,38,async_dep_frontier_lsn,0,0,1193397,30794,8114529617,31657206136,30865,7152063,37829138915,2474162978,41774822820,7152063,7167403,7,1194530,0,1219125781,304,2,333,4527,512,1024,1024,1024,1024,1194350,7165787,1194516,166,167,1,0,0,9209035957,5958559,1133,2,0,19850879,180,978537824588,2108832041,1306475,25439326838,1306475,529918748,0,5974006,2859507142,0.000000,32,YCSB-A,ycsb_a,5.001194,2393.862570
2100,5,10,10,100,10000,0,50,32,1,10,0,50,100000,0,0,7027,0.0055,4464,512,1024,1024,1024,1024,161.896626,4,41,0,181,0,-nan,0,261293919.250000,1276184,1276167.000000,865.514424,737.135837,1,212707.599230,212669.930243,1.099181,1275941,1276167,318985.250000,0,cstamp,0.000000,0.000000,1000,6337.963546,5.987461,56.000746,28379.004729,7.000093,2047.336422,6.982346,31078.600668,5.987461,0.000000,64,140081.904920,140057.097422,7,226,319041.750000,0.000000,65536,1,352,3190676 kB,async_dep_frontier_cstamp,5882.352202,140,3864437,271402346869,178736245846,108158.770000,results/tidewal_diagnostic_effects_20260608_184711/logs/cstamp_ycsb_a_async_dep_frontier_cstamp_str0_r4.perfstat.csv,700.622192,4.988400,0.000000,15.376200,4,1,1,results/tidewal_diagnostic_effects_20260608_184711/logs/cstamp_ycsb_a_async_dep_frontier_cstamp_str0_r4.err,results/tidewal_diagnostic_effects_20260608_184711/logs/cstamp_ycsb_a_async_dep_frontier_cstamp_str0_r4.out,3,0,Dep frontier + cstamp,3896065507,460630460,0,0,430068331,268173227,23071970304,384810129,848605370,729943371,153379003306,42385086501,1249915136,79653734970,1751.005782,1.099181,1.099181,19682.181997,1.099181,502.131221,4464,512,1024,1024,1024,1024,1276184,206607131,1276184,1276184,792816,41,0,181,1045175677,1276184,1104540946,940708430,4011198193,37184,1,893952579756,71466304,8933288,8910639,1402738,0,25,51,async_dep_frontier_cstamp,0,0,1274862,31007,8088299925,31850745298,31092,7641000,36216349328,2612743180,39661484579,7641000,0,7,1276184,0,0,319,1,352,4464,512,1024,1024,1024,1024,1275941,0,1276167,226,140,1,0,0,7506863763,6366031,1322,1,0,19622599,243,1011779809836,2234575796,1402738,25117751153,1402738,640803294,0,6381029,2669720827,0.000000,32,YCSB-A,ycsb_a,5.000152,2091.983907
2100,5,10,10,100,10000,0,50,32,1,10,0,95,100000,0,0,99,0.0001,2059,32,512,1024,1024,1024,268.781988,4,23,0,92,0,-nan,0,42354693.500000,1860198,1860181.000000,513.205435,456.809878,1,152964.256669,152956.526969,0.412625,1860087,1860181,465021.750000,0,cstamp,0.000000,0.000000,1000,2692.427079,3.909381,56.000512,15566.652125,7.000064,1387.627810,6.878619,13952.595217,3.909381,0.900591,64,74207.229166,74203.479273,7,94,465045.250000,152.336031,65536,1,181,649972 kB,async_dep_frontier_lsn,1468.181929,97,3512182,284526825294,138031902277,113000.840000,results/tidewal_diagnostic_effects_20260608_184711/logs/cstamp_ycsb_b_async_dep_frontier_lsn_str0_r4.perfstat.csv,265.361859,3.508490,0.000000,10.336614,4,1,1,results/tidewal_diagnostic_effects_20260608_184711/logs/cstamp_ycsb_b_async_dep_frontier_lsn_str0_r4.err,results/tidewal_diagnostic_effects_20260608_184711/logs/cstamp_ycsb_b_async_dep_frontier_lsn_str0_r4.out,3,0,Dep frontier + separate LSN,50378150,1251867347,0,0,1128430151,908498150,57445002580,997614020,1352514948,855397249,145456731558,5775437843,1890038110,73801553010,148.879033,0.412625,0.412625,19632.192853,0.412625,197.784106,2059,32,512,1024,1024,1024,1860198,499983147,1860198,1860198,319280,23,0,92,169418774,1860198,954654999,849749056,4094822515,39094,1,493596144955,104171088,13021386,12795477,767557,1675262,12,31,async_dep_frontier_lsn,0,0,745643,32246,5008401697,33305161815,32268,7272157,28956790517,2581238887,25954352523,7272157,1675262,7,1860198,0,283372590,177,1,181,2059,32,512,1024,1024,1024,1860087,1674887,1860181,94,97,1,0,0,2731084128,6526426,1114555,12115,0,19227973,111,593925297661,276941949,767557,36519432133,767557,367914236,0,929619,1289065567,0.000000,32,YCSB-B,ycsb_b,0.499747,692.978569
2100,5,10,10,100,10000,0,50,32,1,10,0,95,100000,0,0,104,0.0001,2389,32,512,512,1024,1024,256.557010,4,22,0,87,0,-nan,0,41987085.250000,1799168,1799150.000000,512.457787,421.937719,1,148219.136852,148212.628605,0.412159,1799071,1799150,449767.750000,0,cstamp,0.000000,0.000000,1000,2622.390692,3.909105,56.000560,20769.117563,7.000070,1378.555606,6.875500,17002.891594,3.909105,0.000000,64,76476.820881,76473.462813,7,79,449787.500000,0.000000,65536,1,178,657852 kB,async_dep_frontier_cstamp,1264.334632,76,3751972,266656750755,137587230620,106321.800000,results/tidewal_diagnostic_effects_20260608_184711/logs/cstamp_ycsb_b_async_dep_frontier_cstamp_str0_r4.perfstat.csv,259.775995,3.508257,0.000000,11.181942,4,1,1,results/tidewal_diagnostic_effects_20260608_184711/logs/cstamp_ycsb_b_async_dep_frontier_cstamp_str0_r4.err,results/tidewal_diagnostic_effects_20260608_184711/logs/cstamp_ycsb_b_async_dep_frontier_cstamp_str0_r4.out,3,0,Dep frontier + cstamp,50483816,1051376400,0,0,948603043,750336811,62545114448,828715432,1154905007,844676439,147398650476,6354817091,1655529465,71214092524,152.628943,0.412159,0.412159,16957.191988,0.412159,192.328890,2389,32,512,512,1024,1024,1799168,461584545,1799168,1799168,318805,22,0,87,167948341,1799168,921988427,759129248,4180437769,40058,1,467355458941,100753408,12594176,12370056,741535,0,10,16,async_dep_frontier_cstamp,0,0,721092,32377,4718074214,33470030302,32403,7033067,37366757863,2480228319,30590752412,7033067,0,7,1799168,0,0,177,1,178,2389,32,512,512,1024,1024,1799071,0,1799150,79,76,1,0,0,2274727653,6311881,1078076,12138,0,20117991,97,573583957729,274602362,741535,30508531966,741535,346028522,0,898675,1146037907,0.000000,32,YCSB-B,ycsb_b,0.499500,636.988526
2100,5,10,10,100,10000,0,50,32,1,10,0,95,100000,0,0,90,0.0000,3584,1024,1024,1024,1024,1024,151.130045,4,62,0,479,0,-nan,0,63231723.250000,2204330,2204300.000000,587.598174,540.103795,1,124886.881154,124854.303938,0.000000,2203725,2204300,550931.250000,0,frontier,0.000000,0.000000,1000,5199.124423,0.000000,0.000000,0.000000,0.000000,0.000000,0.000000,0.000000,0.000000,1.499827,64,52842.328757,52828.544635,7,575,551075.000000,271.778036,65536,2,919,619340 kB,async_global_lsn_prefix,1963.844146,396,2920873,275216342171,116449960939,109069.110000,results/tidewal_diagnostic_effects_20260608_184711/logs/frontier_ycsb_b_async_global_lsn_prefix_str0_r4.perfstat.csv,1110.829265,0.000000,0.000000,6.758983,4,1,1,results/tidewal_diagnostic_effects_20260608_184711/logs/frontier_ycsb_b_async_global_lsn_prefix_str0_r4.err,results/tidewal_diagnostic_effects_20260608_184711/logs/frontier_ycsb_b_async_global_lsn_prefix_str0_r4.out,3,0,Global LSN prefix,57602780,2215651222,0,0,1881733910,1691668005,28423917654,1773004713,2270985110,949430821,138228729077,2132957163,2950137622,93881640077,148.272613,0.000000,1.000014,34097.828461,1.000014,413.428516,3584,1024,1024,1024,1024,1024,2204330,333135958,2204330,2204330,1149839,62,0,479,252926893,2204330,1295242656,1190550796,3756380449,38626,1,2447962223102,0,0,0,0,3306068,43,81,async_global_lsn_prefix,0,0,2204330,35090,11460429965,30685016234,35108,0,0,0,0,0,3306068,7,2204330,0,599080325,919,2,919,3584,1024,1024,1024,1024,1024,2203725,3305236,2204300,575,396,1,0,0,4328901650,0,0,0,0,14898826,605,2534626336388,326837321,2204330,75161843276,2204330,911320478,0,0,3797544656,0.000000,32,YCSB-B,ycsb_b,0.000000,1722.789392
2100,5,10,10,100,10000,0,50,32,1,10,0,95,100000,0,0,95,0.0001,1905,32,512,1024,1024,1024,258.980373,4,22,0,88,0,-nan,0,41103455.250000,1802758,1802741.000000,480.357263,419.306446,1,150677.107674,150670.253931,0.413357,1802659,1802741,450664.750000,0,frontier,0.000000,0.000000,1000,2676.713088,3.919452,56.000528,19980.111319,7.000066,1367.156137,6.877286,16420.937811,3.919452,0.902391,64,75231.652478,75228.230470,7,82,450685.250000,156.390260,65536,1,177,675276 kB,async_dep_frontier_lsn,1466.714549,80,3661639,271619444242,135617015425,108218.160000,results/tidewal_diagnostic_effects_20260608_184711/logs/frontier_ycsb_b_async_dep_frontier_lsn_str0_r4.perfstat.csv,262.184505,3.517566,0.000000,10.831205,4,1,1,results/tidewal_diagnostic_effects_20260608_184711/logs/frontier_ycsb_b_async_dep_frontier_lsn_str0_r4.err,results/tidewal_diagnostic_effects_20260608_184711/logs/frontier_ycsb_b_async_dep_frontier_lsn_str0_r4.out,3,0,Dep frontier + separate LSN,58761682,1146795505,0,0,1039287617,823205616,62133526748,908336439,1253223627,826183784,146577947017,6239991864,1753570307,70395063828,152.745272,0.413357,0.413357,16764.007122,0.413357,195.735659,1905,32,512,1024,1024,1024,1802758,466874536,1802758,1802758,320056,22,0,88,164413821,1802758,865959733,755900921,4193701699,40032,1,472629258203,100954448,12619306,12397966,745175,1626778,10,17,async_dep_frontier_lsn,0,0,724402,32269,4825420429,33362972614,32299,7065757,36018965860,2464628421,29602697851,7065757,1626778,7,1802758,0,281931134,174,1,177,1905,32,512,1024,1024,1024,1802659,1626482,1802741,82,80,1,0,0,2644106452,6341261,1078356,11674,0,19525858,99,576984657322,275360165,745175,30221162964,745175,352860698,0,902376,1251384259,0.000000,32,YCSB-B,ycsb_b,0.500558,694.156431
2100,5,10,10,100,10000,0,50,32,1,10,0,95,100000,0,0,100,0.0000,2329,1024,1024,1024,1024,1024,162.754527,4,61,0,476,0,-nan,0,60934438.250000,2125132,2125103.000000,596.064505,537.360096,1,129798.580764,129776.225950,0.000000,2124737,2125103,531184.250000,0,frontier,0.000000,0.000000,1000,4863.616919,0.000000,0.000000,0.000000,0.000000,0.000000,0.000000,0.000000,0.000000,1.499932,64,52407.153965,52398.128041,7,366,531275.750000,280.602342,65536,1,929,602388 kB,async_global_lsn_prefix,1986.494504,367,2763713,275787847096,111351419094,109088.940000,results/tidewal_diagnostic_effects_20260608_184711/logs/frontier_ycsb_b_async_global_lsn_prefix_str100_r4.perfstat.csv,1143.081926,0.000000,0.000000,7.600241,4,1,1,results/tidewal_diagnostic_effects_20260608_184711/logs/frontier_ycsb_b_async_global_lsn_prefix_str100_r4.err,results/tidewal_diagnostic_effects_20260608_184711/logs/frontier_ycsb_b_async_global_lsn_prefix_str100_r4.out,3,100,Global LSN prefix,58333640,2434003319,0,0,2070559478,1853041750,30650237544,1949431127,2495660309,911351160,136196950666,2230644973,3182180354,88361507012,150.451726,0.000000,1.000014,33607.869109,1.000014,410.600706,2329,1024,1024,1024,1024,1024,2125132,345870134,2125132,2125132,1181528,61,0,476,243737753,2125132,1266698467,1141945553,3804273696,38366,1,2428748463097,0,0,0,0,3187509,29,51,async_global_lsn_prefix,0,0,2125132,34324,10335686906,30500232005,34340,0,0,0,0,0,3187509,7,2125132,0,596308878,929,1,929,2329,1024,1024,1024,1024,1024,2124737,3186917,2125103,366,367,1,0,0,4221505429,0,0,0,0,16151294,395,2510904590807,319725414,2125132,71420183467,2125132,872568792,0,0,3221868749,0.000000,32,YCSB-B,ycsb_b,0.000000,1516.100043
2100,5,10,10,100,10000,0,50,32,1,10,0,95,100000,0,0,95,0.0001,2966,32,512,1024,1024,1024,271.807350,4,23,0,96,0,-nan,0,41387060.250000,1817643,1817626.000000,517.105325,465.305894,1,148987.522244,148980.145107,0.413716,1817536,1817626,454384.000000,0,frontier,0.000000,0.000000,1000,2753.461483,3.915369,56.000524,17974.345301,7.000065,1424.757946,6.878140,15551.943479,3.915369,0.901191,64,74872.059857,74868.352557,7,90,454406.500000,155.752314,65536,1,191,641104 kB,async_dep_frontier_lsn,1501.688445,88,3593932,270790185230,136082664185,107855.710000,results/tidewal_diagnostic_effects_20260608_184711/logs/frontier_ycsb_b_async_dep_frontier_lsn_str100_r4.perfstat.csv,282.222083,3.513923,0.000000,10.082349,4,1,1,results/tidewal_diagnostic_effects_20260608_184711/logs/frontier_ycsb_b_async_dep_frontier_lsn_str100_r4.err,results/tidewal_diagnostic_effects_20260608_184711/logs/frontier_ycsb_b_async_dep_frontier_lsn_str100_r4.out,3,100,Dep frontier + separate LSN,53625818,1104909656,0,0,979229598,810479438,58468020157,889730702,1213316614,836943145,147119406573,5928135430,1706370154,75128645861,149.927621,0.413716,0.413716,19720.088384,0.413716,195.095958,2966,32,512,1024,1024,1024,1817643,494044106,1817643,1817643,340345,23,0,96,165548241,1817643,939904083,845752090,4100736740,38697,1,512948795445,101788008,12723501,12501886,751981,1638029,11,21,async_dep_frontier_lsn,0,0,729581,31609,5004763181,32665529559,31635,7116676,32670637352,2589677086,28267616818,7116676,1638029,7,1817643,0,283099456,188,1,191,2966,32,512,1024,1024,1024,1817536,1637670,1817626,90,88,1,0,0,2729507962,6386998,1088062,11661,0,18325940,107,618626706830,272512342,751981,35843745369,751981,354611486,0,908448,1308381378,0.000000,32,YCSB-B,ycsb_b,0.499799,719.829810
2100,5,10,10,100,10000,0,50,32,1,10,0,95,100000,0,0,108,0.0000,3455,1024,1024,1024,2048,1024,128.512139,4,63,0,596,0,-nan,0,66575699.250000,2318874,2318842.000000,554.532496,498.121702,1,130490.375966,130465.502884,0.000000,2318400,2318842,579600.000000,0,frontier,0.000000,0.000000,1000,4560.148094,0.000000,0.000000,0.000000,0.000000,0.000000,0.000000,0.000000,0.000000,1.500262,64,52428.271847,52418.278369,7,442,579710.500000,299.214910,65536,2,1076,644416 kB,async_global_lsn_prefix,2007.212644,433,2962759,302528887639,121549705449,119693.980000,results/tidewal_diagnostic_effects_20260608_184711/logs/frontier_ycsb_b_async_global_lsn_prefix_str500_r4.perfstat.csv,1303.576599,0.000000,0.000000,7.686262,4,1,1,results/tidewal_diagnostic_effects_20260608_184711/logs/frontier_ycsb_b_async_global_lsn_prefix_str500_r4.err,results/tidewal_diagnostic_effects_20260608_184711/logs/frontier_ycsb_b_async_global_lsn_prefix_str500_r4.out,3,500,Global LSN prefix,62074778,2498943392,0,0,2130221755,1974023542,31242297676,2068906235,2548512635,986384295,135697962033,2338824284,3275652484,86572120957,149.719733,0.000000,1.000014,28427.062358,1.000014,415.825436,3455,1024,1024,1024,2048,1024,2318874,297999345,2318874,2318874,1336833,63,0,596,266302797,2318874,1285873241,1155065524,3786374679,38240,1,3022211986182,0,0,0,0,3478870,45,64,async_global_lsn_prefix,0,0,2318874,36668,10574262927,27632704284,36682,0,0,0,0,0,3478870,7,2318874,0,693832100,1076,2,1076,3455,1024,1024,1024,2048,1024,2318400,3478213,2318842,442,433,1,0,0,4654408981,0,0,0,0,17823228,474,3099948148195,347176406,2318874,65917866133,2318874,964233485,0,0,3687756811,0.000000,32,YCSB-B,ycsb_b,0.000000,1590.344151
2100,5,10,10,100,10000,0,50,32,1,10,0,95,100000,0,0,88,0.0000,4806,32,512,1024,2048,2048,280.424652,4,24,0,113,0,-nan,0,41941815.250000,1841700,1841679.000000,521.708156,476.009056,1,148702.465444,148690.838470,0.415995,1841535,1841679,460383.750000,0,frontier,0.000000,0.000000,1000,2627.431786,3.910079,56.000639,15838.507527,7.000080,1374.617043,6.880455,13983.597584,3.910079,0.900831,64,74215.754186,74209.951292,7,144,460419.750000,154.905681,65536,1,209,667948 kB,async_dep_frontier_lsn,1489.733907,144,3485330,273840794702,136670908885,108861.090000,results/tidewal_diagnostic_effects_20260608_184711/logs/frontier_ycsb_b_async_dep_frontier_lsn_str500_r4.perfstat.csv,325.908575,3.509113,0.000000,10.636955,4,1,1,results/tidewal_diagnostic_effects_20260608_184711/logs/frontier_ycsb_b_async_dep_frontier_lsn_str500_r4.err,results/tidewal_diagnostic_effects_20260608_184711/logs/frontier_ycsb_b_async_dep_frontier_lsn_str500_r4.out,3,500,Dep frontier + separate LSN,47331972,1147965693,0,0,1011320768,848060172,56425578567,928147672,1251895613,848523533,146757458392,5682826665,1757302392,76808505345,151.914392,0.415995,0.415995,21618.669654,0.415995,202.378785,4806,32,512,1024,2048,2048,1841700,516452192,1841700,1841700,382145,24,0,113,167767261,1841700,960818955,876655882,4069505500,38006,1,600172047143,103135200,12891900,12671589,766129,1659041,19,37,async_dep_frontier_lsn,0,0,738369,30642,4838885944,31668500840,30668,7201110,29169446704,2531603342,25753298015,7201110,1659041,7,1841700,0,285286540,205,1,209,4806,32,512,1024,2048,2048,1841535,1658506,1841679,144,144,1,0,0,2743611652,6462659,1103331,11818,0,19589857,165,703797668070,279777545,766129,39814649909,766129,372716759,0,920672,1262532530,0.000000,32,YCSB-B,ycsb_b,0.499909,685.533434
2100,5,10,10,100,10000,0,50,32,1,10,0,95,100000,0,0,130,0.0001,197392,131072,131072,131072,131072,131072,116.696137,4,55,0,61748,0,-nan,0,50951443.500000,1779350,1779321.000000,554.873141,426.743965,1,206999.501419,199415.426091,0.000000,1714130,1779321,428532.500000,0,frontier,0.000000,0.000000,1000,4552.691392,0.000000,0.000000,0.000000,0.000000,0.000000,0.000000,0.000000,0.000000,1.500580,64,185651.817258,178849.881228,7,65191,444830.250000,288.457151,65536,2,65559,554752 kB,async_global_lsn_prefix,2093.403131,65191,2035430,354824055367,318231349516,138656.140000,results/tidewal_diagnostic_effects_20260608_184711/logs/frontier_ycsb_b_async_global_lsn_prefix_str1000_r4.perfstat.csv,186996.317331,0.000000,0.000000,10.599192,4,1,1,results/tidewal_diagnostic_effects_20260608_184711/logs/frontier_ycsb_b_async_global_lsn_prefix_str1000_r4.err,results/tidewal_diagnostic_effects_20260608_184711/logs/frontier_ycsb_b_async_global_lsn_prefix_str1000_r4.out,3,1000,Global LSN prefix,76330361,2248742873,0,0,1899132638,1795631284,26658187096,1860325039,2283390015,764657417,139277074499,1928326276,2871502502,96890848998,150.013534,0.000000,1.000016,21917.339260,1.000016,415.615336,197392,131072,131072,131072,131072,131072,1779350,207639888,1779350,1779350,180217301,55,0,61748,203805774,1779350,987297433,759314498,4381881259,40831,1,320535997426407,0,0,0,0,2670013,1527,10521,async_global_lsn_prefix,0,0,1779350,32043,8100699400,27322263490,32060,0,0,0,0,0,2670013,7,1779350,0,513257866,65559,2,65559,197392,131072,131072,131072,131072,131072,1714130,2572032,1779321,65191,65191,1,0,42864287871,3724836153,0,0,0,0,18859365,65220,320669655833783,266922232,1779350,38997982009,1779350,739513096,42864287871,0,2701506527,24090.250085,32,YCSB-B,ycsb_b,0.000000,1518.279460
2100,5,10,10,100,10000,0,50,32,1,10,0,95,100000,0,0,98,0.0001,4038,32,1024,1024,2048,2048,269.015853,4,24,0,134,0,-nan,0,42134973.500000,1846484,1846457.000000,501.694908,450.040035,1,148725.617902,148717.804893,0.420051,1846360,1846457,461590.000000,0,frontier,0.000000,0.000000,1000,2538.372489,3.919753,56.000819,16151.518851,7.000102,1374.995682,6.879144,14487.549236,3.919753,0.902730,64,74239.463659,74235.563635,7,97,461614.250000,153.581475,65536,1,244,657148 kB,async_dep_frontier_lsn,1481.328556,99,3483648,274601031869,137072776122,109259.210000,results/tidewal_diagnostic_effects_20260608_184711/logs/frontier_ycsb_b_async_dep_frontier_lsn_str1000_r4.perfstat.csv,380.431463,3.517812,0.000000,10.787587,4,1,1,results/tidewal_diagnostic_effects_20260608_184711/logs/frontier_ycsb_b_async_dep_frontier_lsn_str1000_r4.err,results/tidewal_diagnostic_effects_20260608_184711/logs/frontier_ycsb_b_async_dep_frontier_lsn_str1000_r4.out,3,1000,Dep frontier + separate LSN,54323880,1152766820,0,0,1044810455,833913117,56817201822,915116739,1265102081,847820384,146454146037,5786881166,1762208464,75974001109,149.760793,0.420051,0.420051,20655.878584,0.420051,202.546428,4038,32,1024,1024,2048,2048,1846484,496726205,1846484,1846484,436477,24,0,134,168539894,1846484,926358075,830979572,4115217359,38005,1,702413436834,103403104,12925388,12702043,775606,1666853,13,30,async_dep_frontier_lsn,0,0,742067,29933,4686995651,30934036499,29956,7237655,29823085043,2538870402,26750636700,7237655,1666853,7,1846484,0,283581589,241,1,244,4038,32,1024,1024,2048,2048,1846360,1666357,1846457,97,99,1,0,0,2735209482,6495489,1104417,11990,0,19918815,124,805948744042,276526864,775606,38140191603,775606,373993269,0,924786,1265587664,0.000000,32,YCSB-B,ycsb_b,0.500844,685.414101
