FLAGS_clocks_per_us,FLAGS_extime,FLAGS_gc_inter_us,FLAGS_max_ope,FLAGS_pre_reserve_tmt_element,FLAGS_pre_reserve_version,FLAGS_rmw,FLAGS_rratio,FLAGS_thread_num,FLAGS_ycsb,FLAGS_ycsb_max_ope,FLAGS_ycsb_rmw,FLAGS_ycsb_rratio,FLAGS_ycsb_tuple_num,FLAGS_ycsb_zipf_skew,FLAGS_zipf_skew,abort_counts_,abort_rate,ack_latency_max_us,ack_latency_p50_us,ack_latency_p90_us,ack_latency_p95_us,ack_latency_p999_us,ack_latency_p99_us,ack_process_ns_per_tx,actual_extime,avg_batch_size,avg_ready_queue_len,avg_waitlist_len,background_threads,batch_abort_counts_,batch_abort_rate,batch_commit_counts_,bytes_flushed_per_sec,commit_counts_,commits_per_fdatasync,committer_event_ns_per_tx,committer_num,committer_threads,cpu_list,cpu_policy,dep_wait_conditions_per_tx,derived_acked_commits,derived_logical_commits,durable_ack_tps,exit_code,fdatasync_ns_per_tx,fdatasync_per_sec,flush_us,frontier_alloc_count_per_tx,frontier_bytes_per_tx,frontier_collect_ns_per_tx,frontier_entries_per_tx,frontier_merge_ns_per_tx,frontier_nonzero_entries_per_tx,frontier_publish_ns_per_tx,frontier_shared_ptr_count_per_tx,global_atomic_per_tx,group_size,logger_num,logger_threads,logical_minus_acked,logical_tps,lsn_alloc_ns_per_tx,max_pending,max_ready_queue_len,max_waitlist_len,maxrss,mode,numactl_interleave,payload_build_ns_per_tx,pending_commits,queue_wait_us_per_acked_tx,read_frontier_updates_per_tx,ready_queue_push_ns_per_tx,remote_read_prob,remote_read_prob_ppm,repeat,seconds,skip_fdatasync,stderr_log,stdout_log,straggler_logger,straggler_sleep_us,thread_num,total_threads,tx_breakdown_abort_cleanup_ns,tx_breakdown_commit_cleanup_ns,tx_breakdown_delete_ns,tx_breakdown_insert_ns,tx_breakdown_maintenance_ns,tx_breakdown_node_validation_ns,tx_breakdown_read_ns,tx_breakdown_ssn_exclusion_ns,tx_breakdown_ssn_finalize_eta_ns,tx_breakdown_ssn_finalize_pi_ns,tx_breakdown_total_accounted_ns,tx_breakdown_update_ns,tx_breakdown_version_install_ns,tx_breakdown_wal_log_ns,version_install_ns_per_tx,waiting_conditions_per_tx,waitlist_pops_per_tx,waitlist_registration_ns_per_tx,waitlist_registrations_per_tx,wal_enqueue_ns_per_tx,wal_stats_ack_latency_max_us,wal_stats_ack_latency_p50_us,wal_stats_ack_latency_p90_us,wal_stats_ack_latency_p95_us,wal_stats_ack_latency_p999_us,wal_stats_ack_latency_p99_us,wal_stats_ack_latency_samples,wal_stats_ack_process_ns,wal_stats_acked_commits,wal_stats_async_acked_commits,wal_stats_avg_accounted_ns_per_commit,wal_stats_avg_batch_size,wal_stats_avg_ready_queue_len,wal_stats_avg_waitlist_len,wal_stats_bytes,wal_stats_commits,wal_stats_committer_event_ns,wal_stats_committer_num,wal_stats_committer_queue_wait_ns,wal_stats_dep_frontier_bytes,wal_stats_dep_frontier_entries,wal_stats_dep_frontier_nonzero_entries,wal_stats_dep_wait_conditions,wal_stats_durable_global_lsn,wal_stats_durable_mode,wal_stats_fdatasync_count,wal_stats_fdatasync_ns,wal_stats_flushed_commits,wal_stats_flusher_batches,wal_stats_frontier_alloc_count,wal_stats_frontier_collect_ns,wal_stats_frontier_merge_ns,wal_stats_frontier_publish_ns,wal_stats_frontier_shared_ptr_count,wal_stats_global_atomic_count,wal_stats_logger_num,wal_stats_logical_commits,wal_stats_logical_minus_acked,wal_stats_lsn_alloc_ns,wal_stats_max_pending_commits,wal_stats_max_ready_queue_len,wal_stats_max_waitlist_len,wal_stats_measured_ack_latency_max_us,wal_stats_measured_ack_latency_p50_us,wal_stats_measured_ack_latency_p90_us,wal_stats_measured_ack_latency_p95_us,wal_stats_measured_ack_latency_p999_us,wal_stats_measured_ack_latency_p99_us,wal_stats_measured_acked_commits,wal_stats_measured_durable_global_lsn,wal_stats_measured_logical_commits,wal_stats_measured_logical_minus_acked,wal_stats_measurement_pending_commits,wal_stats_measurement_stop_recorded,wal_stats_mutex_wait_ns,wal_stats_notify_wait_ns,wal_stats_payload_build_ns,wal_stats_read_frontier_updates,wal_stats_ready_queue_push_ns,wal_stats_shutdown_drain_acked_commits,wal_stats_total_accounted_ns,wal_stats_version_install_ns,wal_stats_waitlist_pops,wal_stats_waitlist_registration_ns,wal_stats_waitlist_registrations,wal_stats_wal_enqueue_ns,wal_stats_worker_stall_ns,wal_stats_write_frontier_updates,wal_stats_write_ns,worker_stall_ns_per_tx,worker_threads,workload_kind,workload_mode,write_frontier_updates_per_tx,write_ns_per_tx,ycsb_max_ope,ycsb_rratio
2100,5,10,10,100,10000,0,50,1,1,10,0,95,100000,0,0,0,0.0000,884,128,128,128,256,256,0.000000,4,1,0,0,9,0,-nan,0,557681.250000,20659,0.999952,204.460645,1,1,,,0.000000,20658,20658,5164.500000,0,80366.040856,5164.750000,100,0.000000,0.000000,0.000000,0.000000,0.000000,0.000000,0.000000,0.000000,1.502227,8,8,8,0,5164.500000,126.412383,65536,1,0,219000 kB,ermia_pwal_group_global_prefix,0,1385.958079,0,0.000000,0.000000,414.123536,0.000000,0,0,5,0,/home/sa2shun/tx-playground/ccbench/results/ermia_ycsbb_three_modes_20260607_163107/logs/ycsb_b_ermia_pwal_group_global_prefix_th1_remote0_r0_log8_com1_pend65536.err,/home/sa2shun/tx-playground/ccbench/results/ermia_ycsbb_three_modes_20260607_163107/logs/ycsb_b_ermia_pwal_group_global_prefix_th1_remote0_r0_log8_com1_pend65536.out,-1,0,1,1,0,1146544,0,0,1609630,615375,144275650,635396,646288,1535963,4973508269,11051146,6873645,4805118632,115.667635,0.000000,0.000000,0.000000,0.000000,256.237245,884,128,128,128,256,256,20659,0,20659,0,314593,1,0,0,2230725,20659,4223748,1,0,0,0,0,0,31033,group_global_prefix,20659,1660201672,20659,20659,0,0,0,0,0,31033,8,20659,0,2611427,0,1,0,884,128,128,128,256,256,20658,31032,20658,0,0,1,0,4722631509,28631122,0,8554964,1,6499197027,2389462,0,0,0,5293349,0,0,64659774,0.000000,1,ycsb,ycsb_b,0.000000,3130.011327,10,95
2100,5,10,10,100,10000,0,50,1,1,10,0,95,100000,0,0,0,0.0000,1561343,1048576,1048576,1048576,1048576,1048576,135.849599,4,3,0,53124,9,0,-nan,0,7670370.500000,275977,3.999942,351.444604,1,1,,,0.000000,210441,275976,52610.250000,0,20467.499348,17248.750000,0,0.000000,0.000000,0.000000,0.000000,0.000000,0.000000,0.000000,0.000000,1.501217,4,8,8,65535,68994.000000,75.183375,65536,2,65536,259260 kB,ermia_async_global_lsn_prefix,0,991.103658,65535,1654737.776376,0.000000,89.910902,0.000000,0,0,5,0,/home/sa2shun/tx-playground/ccbench/results/ermia_ycsbb_three_modes_20260607_163107/logs/ycsb_b_ermia_async_global_lsn_prefix_th1_remote0_r0_log8_com1_pend65536.err,/home/sa2shun/tx-playground/ccbench/results/ermia_ycsbb_three_modes_20260607_163107/logs/ycsb_b_ermia_async_global_lsn_prefix_th1_remote0_r0_log8_com1_pend65536.out,-1,0,1,1,0,10660899,0,0,20690194,8390054,1380089539,8256155,8475851,20258661,4734200888,120189282,74984925,3082205328,54.436056,0.000000,1.000004,173.547743,1.000004,103.318622,1561343,1048576,1048576,1048576,1048576,1048576,275977,37491229,275977,275977,1261832262,3,0,53124,30681482,275977,96990276,1,348224672398244,0,0,0,0,414300,async_global_lsn_prefix,68995,5648538600,275977,68995,0,0,0,0,0,414300,8,275977,0,20748807,65536,2,65536,1561343,1048576,1048576,1048576,1048576,1048576,210441,315841,275976,65535,65535,1,0,2572767355,273520823,0,24813251,65536,348236682426114,15023045,275977,47895012,275977,28513460,2572767355,0,670958657,9322.431498,1,ycsb,ycsb_b,0.000000,2431.221037,10,95
2100,5,10,10,100,10000,0,50,1,1,10,0,95,100000,0,0,0,0.0000,694,128,128,128,256,256,111.375227,4,7,0,10,9,0,-nan,0,8312645.500000,291670,7.990275,359.763564,1,1,,,1.000003,291660,291669,72915.000000,0,10472.005520,9125.750000,100,10.498671,64.000219,901.294282,8.000027,449.816011,0.951136,5008.860266,10.498671,0.000000,8,8,8,9,72917.250000,0.000000,65536,1,45,256272 kB,ermia_async_dep_frontier_cstamp,0,897.218299,9,177.981724,9.498668,44.978726,0.000000,0,0,5,0,/home/sa2shun/tx-playground/ccbench/results/ermia_ycsbb_three_modes_20260607_163107/logs/ycsb_b_ermia_async_dep_frontier_cstamp_th1_remote0_r0_log8_com1_pend65536.err,/home/sa2shun/tx-playground/ccbench/results/ermia_ycsbb_three_modes_20260607_163107/logs/ycsb_b_ermia_async_dep_frontier_cstamp_th1_remote0_r0_log8_com1_pend65536.out,-1,0,1,1,0,12331607,0,0,22622209,8854669,2178947203,8996633,9091100,21636024,4708638521,207523509,81252110,2157383457,59.914184,1.000003,1.000003,237.422417,1.000003,151.158385,694,128,128,128,256,256,291670,32484701,291670,291670,198662,7,0,10,33250582,291670,104931879,1,51910149746,18666880,2333360,277417,291670,0,async_dep_frontier_cstamp,36503,3054359378,291670,36503,3062137,262879602,131197386,1460929265,3062137,0,8,291670,0,0,45,1,45,694,128,128,128,256,256,291660,0,291669,9,9,1,0,0,261690764,2770467,13118900,10,57943898419,17475110,291670,69248759,291670,44088215,0,146107,581344714,0.000000,1,ycsb,ycsb_b,0.500934,1993.165931,10,95
2100,5,10,10,100,10000,0,50,2,1,10,0,95,100000,0,0,0,0.0000,2043,128,128,128,256,256,0.000000,4,1,0,0,9,0,-nan,0,1108179.250000,40915,0.999951,216.912962,1,1,,,0.000000,40913,40913,10228.250000,0,80459.585144,10228.750000,100,0.000000,0.000000,0.000000,0.000000,0.000000,0.000000,0.000000,0.000000,1.500159,8,8,8,0,10228.250000,170.484076,65536,1,0,221936 kB,ermia_pwal_group_global_prefix,0,1340.523917,0,0.000000,0.000000,391.386796,0.000000,0,0,5,0,/home/sa2shun/tx-playground/ccbench/results/ermia_ycsbb_three_modes_20260607_163107/logs/ycsb_b_ermia_pwal_group_global_prefix_th2_remote0_r0_log8_com1_pend65536.err,/home/sa2shun/tx-playground/ccbench/results/ermia_ycsbb_three_modes_20260607_163107/logs/ycsb_b_ermia_pwal_group_global_prefix_th2_remote0_r0_log8_com1_pend65536.out,-1,0,2,2,0,4668948,0,0,5161005,1500752,252094248,1264797,1591394,6018987,9944851842,18998475,13732201,9639821035,94.114707,0.000000,0.000000,0.000000,0.000000,238.182143,2043,128,128,128,256,256,40915,0,40915,0,320077,1,0,0,4432717,40915,8874560,1,0,0,0,0,0,61376,group_global_prefix,40915,3291843007,40915,40915,0,0,0,0,0,61376,8,40915,0,6975015,0,1,0,2043,128,128,128,256,256,40913,61372,40913,0,0,1,0,9480122116,54844855,0,16012808,2,13095967489,3850515,0,0,0,9744746,0,0,223699867,0.000000,2,ycsb,ycsb_b,0.000000,5467.696502,10,95
2100,5,10,10,100,10000,0,50,2,1,10,0,95,100000,0,0,1,0.0000,929391,524288,524288,524288,524288,524288,146.050195,4,3,0,57667,9,0,-nan,0,11833949.000000,425164,3.999906,478.972232,1,1,,,0.000000,359626,425162,89906.500000,0,21497.485351,26573.250000,0,0.000000,0.000000,0.000000,0.000000,0.000000,0.000000,0.000000,0.000000,1.499934,4,8,8,65536,106290.500000,92.770005,65536,4,65537,268344 kB,ermia_async_global_lsn_prefix,0,1234.897460,65536,941176.611641,0.000000,96.605917,0.000000,0,0,5,0,/home/sa2shun/tx-playground/ccbench/results/ermia_ycsbb_three_modes_20260607_163107/logs/ycsb_b_ermia_async_global_lsn_prefix_th2_remote0_r0_log8_com1_pend65536.err,/home/sa2shun/tx-playground/ccbench/results/ermia_ycsbb_three_modes_20260607_163107/logs/ycsb_b_ermia_async_global_lsn_prefix_th2_remote0_r0_log8_com1_pend65536.out,-1,0,2,2,583707,32269538,0,0,47352201,36212325,2217321452,15285813,23233707,81556921,9321790144,195376105,136579063,6536019312,55.792700,0.000000,1.000005,942.981447,1.000005,94.699616,950118,524288,524288,524288,524288,524288,425164,62094993,425164,425164,796150158,3,0,57667,47335796,425164,203640792,1,338471580138098,0,0,0,0,637715,async_global_lsn_prefix,106293,9139913867,425164,106293,0,0,0,0,0,637715,8,425164,0,39442281,65537,4,65537,929391,524288,524288,524288,524288,524288,359626,539184,425162,65536,65536,1,0,5183433269,525031474,0,41073165,65538,338494385956881,23720936,425164,400919878,425164,40262678,5183433269,0,1962852181,12191.666398,2,ycsb,ycsb_b,0.000000,4616.715937,10,95
2100,5,10,10,100,10000,0,50,2,1,10,0,95,100000,0,0,2,0.0000,1726,128,256,256,512,256,126.574408,4,7,0,19,9,0,-nan,0,13090464.500000,457567,7.986403,395.130517,1,1,,,1.000922,457544,457565,114386.000000,0,10853.686770,14323.250000,100,10.497691,64.000280,1326.655874,8.000035,592.715127,1.922459,7063.287172,10.497691,0.000000,8,8,8,21,114391.250000,0.000000,65536,1,171,269932 kB,ermia_async_dep_frontier_cstamp,0,955.382479,22,203.888428,9.497667,47.706223,0.000000,0,0,5,0,/home/sa2shun/tx-playground/ccbench/results/ermia_ycsbb_three_modes_20260607_163107/logs/ycsb_b_ermia_async_dep_frontier_cstamp_th2_remote0_r0_log8_com1_pend65536.err,/home/sa2shun/tx-playground/ccbench/results/ermia_ycsbb_three_modes_20260607_163107/logs/ycsb_b_ermia_async_dep_frontier_cstamp_th2_remote0_r0_log8_com1_pend65536.out,-1,0,2,2,1751182,37257681,0,0,60068533,38749102,3807394128,15533903,18980963,81845081,9341598049,399796538,154611207,4725609731,54.849219,1.000922,1.000922,478.703434,1.000922,196.766746,1726,128,256,256,512,256,457567,57916019,457567,457567,228689,7,0,19,52361858,457567,180797895,1,93287926892,29284288,3660536,879650,457987,0,async_dep_frontier_cstamp,57293,4966267187,457567,57293,4803376,607031295,271205697,3231912995,4803376,0,8,457567,0,0,169,1,171,1726,128,256,256,512,256,457544,0,457565,21,22,1,0,0,437149584,4345800,21828698,23,104640879654,25097083,457987,219037937,457987,90033576,0,229628,1244674796,0.000000,2,ycsb,ycsb_b,0.501848,2720.214168,10,95
2100,5,10,10,100,10000,0,50,4,1,10,0,95,100000,0,0,0,0.0000,2879,128,128,256,256,256,0.000000,4,1,0,0,9,0,-nan,0,2164326.250000,79806,0.999950,247.863738,1,1,,,0.000000,79802,79802,19950.500000,0,84853.617579,19951.500000,100,0.000000,0.000000,0.000000,0.000000,0.000000,0.000000,0.000000,0.000000,1.497256,8,8,8,0,19950.500000,178.847447,65536,1,0,228136 kB,ermia_pwal_group_global_prefix,0,1379.606827,0,0.000000,0.000000,382.439049,0.000000,0,0,5,0,/home/sa2shun/tx-playground/ccbench/results/ermia_ycsbb_three_modes_20260607_163107/logs/ycsb_b_ermia_pwal_group_global_prefix_th4_remote0_r0_log8_com1_pend65536.err,/home/sa2shun/tx-playground/ccbench/results/ermia_ycsbb_three_modes_20260607_163107/logs/ycsb_b_ermia_pwal_group_global_prefix_th4_remote0_r0_log8_com1_pend65536.out,-1,0,4,4,0,8633746,0,0,10667643,5505102,463243247,2960557,4981063,14636603,19867608715,38659020,28644680,19289677054,85.267775,0.000000,0.000000,0.000000,0.000000,272.213904,2879,128,128,256,256,256,79806,0,79806,0,333072,1,0,0,8657305,79806,19780022,1,0,0,0,0,0,119484,group_global_prefix,79806,6771488390,79806,79806,0,0,0,0,0,119484,8,79806,0,14272384,0,1,0,2879,128,128,256,256,256,79802,119480,79802,0,0,1,0,18965910918,110095384,0,30519401,4,26581165553,6804539,0,0,0,21723214,0,0,640571301,0.000000,4,ycsb,ycsb_b,0.000000,8027.008108,10,95
2100,5,10,10,100,10000,0,50,4,1,10,0,95,100000,0,0,5,0.0000,517997,262144,262144,262144,262144,262144,144.372874,4,3,0,60784,9,0,-nan,0,20003463.750000,716606,3.999877,462.798337,1,1,,,0.000000,651065,716602,162766.250000,0,24136.616935,44789.000000,0,0.000000,0.000000,0.000000,0.000000,0.000000,0.000000,0.000000,0.000000,1.499608,4,8,8,65537,179150.500000,125.961129,65536,5,65539,329648 kB,ermia_async_global_lsn_prefix,0,1334.210311,65537,512471.366746,0.000000,101.136526,0.000000,0,0,5,0,/home/sa2shun/tx-playground/ccbench/results/ermia_ycsbb_three_modes_20260607_163107/logs/ycsb_b_ermia_async_global_lsn_prefix_th4_remote0_r0_log8_com1_pend65536.err,/home/sa2shun/tx-playground/ccbench/results/ermia_ycsbb_three_modes_20260607_163107/logs/ycsb_b_ermia_async_global_lsn_prefix_th4_remote0_r0_log8_com1_pend65536.out,-1,0,4,4,2452749,72896855,0,0,89524972,66946488,3621635316,36842425,57728815,155037140,18728079410,342622565,270296341,14012095744,59.820515,0.000000,1.000006,3619.347325,1.000006,111.895653,518031,262144,262144,262144,262144,262144,716606,103457890,716606,716606,465662624,3,0,60784,80013855,716606,331642214,1,333652170390304,0,0,0,0,1074622,async_global_lsn_prefix,179156,17296347969,716606,179156,0,0,0,0,0,1074622,8,716606,0,90263997,65539,5,65539,517997,262144,262144,262144,262144,262144,651065,976316,716602,65537,65537,1,0,9458354097,956097777,0,72474637,65541,333696630749958,42867501,716606,2593631532,716606,80184649,9458354097,0,3976683294,13198.894361,4,ycsb,ycsb_b,0.000000,5549.361143,10,95
2100,5,10,10,100,10000,0,50,4,1,10,0,95,100000,0,0,1,0.0000,838,128,256,256,256,256,180.567665,4,7,0,34,9,0,-nan,0,19059813.750000,667397,7.428282,693.511749,1,1,,,1.002227,667356,667394,166839.000000,0,13882.803263,22461.250000,100,10.499706,64.000288,2110.878357,8.000036,845.953525,3.870688,10269.905064,10.499706,0.000000,8,8,8,38,166848.500000,0.000000,65536,1,81,350652 kB,ermia_async_dep_frontier_cstamp,0,1220.385068,38,250.463748,9.499658,87.988284,0.000000,0,0,5,0,/home/sa2shun/tx-playground/ccbench/results/ermia_ycsbb_three_modes_20260607_163107/logs/ycsb_b_ermia_async_dep_frontier_cstamp_th4_remote0_r0_log8_com1_pend65536.err,/home/sa2shun/tx-playground/ccbench/results/ermia_ycsbb_three_modes_20260607_163107/logs/ycsb_b_ermia_async_dep_frontier_cstamp_th4_remote0_r0_log8_com1_pend65536.out,-1,0,4,4,933909,83809797,0,0,92586311,70828611,6843761731,28428554,49151462,163868566,18681188862,728195393,259329901,10360294627,89.258577,1.002227,1.002227,1496.137136,1.002227,251.489870,838,128,256,256,256,256,667397,120509776,667397,667397,284882,7,0,34,76239255,667397,462845580,1,167148484923,42713408,5339176,2583274,668880,0,async_dep_frontier_cstamp,89845,9265299601,667397,89845,7007441,1408787550,564584307,6854073020,7007441,0,8,667397,0,0,81,1,81,838,128,256,256,256,256,667356,0,667394,38,38,1,0,0,814477672,6340015,58722853,41,190129467270,59570639,668880,998512948,668880,167842830,0,333626,2205755571,0.000000,4,ycsb,ycsb_b,0.499894,3305.027571,10,95
2100,5,10,10,100,10000,0,50,8,1,10,0,95,100000,0,0,2,0.0000,966,128,256,256,256,256,0.000000,4,1,0,0,9,0,-nan,0,4093483.500000,148785,0.999946,425.527669,1,1,,,0.000000,148777,148777,37194.250000,0,96459.070703,37196.250000,100,0.000000,0.000000,0.000000,0.000000,0.000000,0.000000,0.000000,0.000000,1.499533,8,8,8,0,37194.250000,295.922118,65536,1,0,240044 kB,ermia_pwal_group_global_prefix,0,1651.854413,0,0.000000,0.000000,593.883477,0.000000,0,0,5,0,/home/sa2shun/tx-playground/ccbench/results/ermia_ycsbb_three_modes_20260607_163107/logs/ycsb_b_ermia_pwal_group_global_prefix_th8_remote0_r0_log8_com1_pend65536.err,/home/sa2shun/tx-playground/ccbench/results/ermia_ycsbb_three_modes_20260607_163107/logs/ycsb_b_ermia_pwal_group_global_prefix_th8_remote0_r0_log8_com1_pend65536.out,-1,0,8,8,818102,27280418,0,0,27067695,16382490,871449526,10026179,22830046,44000985,39630575999,81152377,67659749,38461908432,109.132635,0.000000,0.000000,0.000000,0.000000,288.294622,966,128,256,256,256,256,148785,0,148785,0,366900,1,0,0,16373934,148785,63308730,1,0,0,0,0,0,223096,group_global_prefix,148785,14350891162,148785,148785,0,0,0,0,0,223096,8,148785,0,44026405,0,1,0,966,128,256,256,256,256,148777,223085,148777,0,0,1,0,37742259265,245757944,0,88356202,8,54589220062,16236426,0,0,0,42891609,0,0,1995492319,0.000000,8,ycsb,ycsb_b,0.000000,13412.639850,10,95
2100,5,10,10,100,10000,0,50,8,1,10,0,95,100000,0,0,17,0.0000,375604,262144,262144,262144,262144,262144,159.918968,4,3,0,62251,9,0,-nan,0,28617933.250000,1019636,3.965264,580.104161,1,1,,,0.000000,954089,1019628,238522.250000,0,30461.786750,64285.000000,0,0.000000,0.000000,0.000000,0.000000,0.000000,0.000000,0.000000,0.000000,1.499958,4,8,8,65539,254907.000000,189.836497,65536,3,65543,398460 kB,ermia_async_global_lsn_prefix,0,1619.873825,65539,346809.166801,0.000000,140.844728,0.000000,0,0,5,0,/home/sa2shun/tx-playground/ccbench/results/ermia_ycsbb_three_modes_20260607_163107/logs/ycsb_b_ermia_async_global_lsn_prefix_th8_remote0_r0_log8_com1_pend65536.err,/home/sa2shun/tx-playground/ccbench/results/ermia_ycsbb_three_modes_20260607_163107/logs/ycsb_b_ermia_async_global_lsn_prefix_th8_remote0_r0_log8_com1_pend65536.out,-1,0,8,8,11091688,142932723,0,0,137499869,121330108,5521030421,99766843,138701863,295485022,37631965410,559430137,434693657,30170003079,100.137363,0.000000,1.000008,9229.487170,1.000008,121.552973,375604,262144,262144,262144,262144,262144,1019636,163057857,1019636,1019636,324599710,3,0,62251,114471733,1019636,591490445,1,330886811143782,0,0,0,0,1529399,async_global_lsn_prefix,257140,31059690700,1019636,257140,0,0,0,0,0,1529399,8,1019636,0,193562608,65543,3,65543,375604,262144,262144,262144,262144,262144,954089,1431078,1019628,65539,65539,1,0,17060676457,1651668708,0,143609228,65547,330973550131432,102102859,1019636,9410643544,1019636,123938815,17060676457,0,9177869972,16732.255741,8,ycsb,ycsb_b,0.000000,9001.194526,10,95
2100,5,10,10,100,10000,0,50,8,1,10,0,95,100000,0,0,15,0.0000,1736,256,256,256,512,512,166.743157,4,7,0,75,9,0,-nan,0,33995099.750000,1184592,7.643286,582.649317,1,1,,,1.005898,1184499,1184587,296124.750000,0,17711.468893,38746.000000,100,10.499634,64.000270,2740.362716,8.000034,1064.679137,7.822813,12163.737848,10.499634,0.000000,8,8,8,88,296146.750000,0.000000,65536,1,177,498952 kB,ermia_async_dep_frontier_cstamp,0,1429.670619,88,320.591369,9.499502,78.761106,0.000000,0,0,5,0,/home/sa2shun/tx-playground/ccbench/results/ermia_ycsbb_three_modes_20260607_163107/logs/ycsb_b_ermia_async_dep_frontier_cstamp_th8_remote0_r0_log8_com1_pend65536.err,/home/sa2shun/tx-playground/ccbench/results/ermia_ycsbb_three_modes_20260607_163107/logs/ycsb_b_ermia_async_dep_frontier_cstamp_th8_remote0_r0_log8_com1_pend65536.out,-1,0,8,8,7247279,142124208,0,0,150836503,119674202,13282399721,69006798,107977067,280773906,37745702632,1374227746,457609875,21753825327,80.125028,1.005898,1.005898,2359.922495,1.005898,247.548279,1736,256,256,256,512,512,1184592,197521776,1184592,1184592,364338,7,0,75,135980399,1184592,690198807,1,379740155415,75813888,9476736,9266803,1191574,0,async_dep_frontier_cstamp,154984,20980775801,1184592,154984,12437730,3246198049,1261205065,14409005726,12437730,0,8,1184592,0,0,176,1,177,1736,256,256,256,512,512,1184499,0,1184587,88,88,1,0,0,1693569230,11252987,93299382,93,431592623672,94915067,1191574,2795533508,1191574,293242473,0,592378,6097003373,0.000000,8,ycsb,ycsb_b,0.500071,5146.944355,10,95
2100,5,10,10,100,10000,0,50,16,1,10,0,95,100000,0,0,8,0.0000,3638,256,256,256,512,256,0.000000,4,1,0,0,9,0,-nan,0,7503101.250000,269514,1.885828,256.502523,1,1,,,0.000000,269498,269498,67374.500000,0,51605.745657,35726.750000,100,0.000000,0.000000,0.000000,0.000000,0.000000,0.000000,0.000000,0.000000,1.498931,8,8,8,0,67374.500000,478.290162,65536,1,0,261408 kB,ermia_pwal_group_global_prefix,0,2632.478645,0,0.000000,0.000000,305.283453,0.000000,0,0,5,0,/home/sa2shun/tx-playground/ccbench/results/ermia_ycsbb_three_modes_20260607_163107/logs/ycsb_b_ermia_pwal_group_global_prefix_th16_remote0_r0_log8_com1_pend65536.err,/home/sa2shun/tx-playground/ccbench/results/ermia_ycsbb_three_modes_20260607_163107/logs/ycsb_b_ermia_pwal_group_global_prefix_th16_remote0_r0_log8_com1_pend65536.out,-1,0,16,16,3736831,72108924,0,0,52115241,40577684,1601811400,44481254,83262961,113540427,78809053167,175296949,143822833,76478298663,141.494842,0.000000,0.000000,0.000000,0.000000,350.643834,3638,256,256,256,512,256,269514,0,269514,0,342934,1,0,0,30012405,269514,69126917,1,0,0,0,0,0,403959,group_global_prefix,142907,13907645243,269514,142907,0,0,0,0,0,403959,8,269514,0,128898242,0,1,0,3638,256,256,256,512,256,269498,403936,269498,0,0,1,0,74816511783,709447730,0,82273280,16,92425724647,38132577,0,0,0,94497812,0,0,2579191063,0.000000,16,ycsb,ycsb_b,0.000000,9570.353261,10,95
2100,5,10,10,100,10000,0,50,16,1,10,0,95,100000,0,0,33,0.0000,384381,262144,262144,262144,262144,262144,257.083914,4,3,0,61959,9,0,-nan,0,26669305.500000,946032,3.998736,1204.389335,1,1,,,0.000000,880482,946017,220120.500000,0,31093.887821,59144.750000,0,0.000000,0.000000,0.000000,0.000000,0.000000,0.000000,0.000000,0.000000,1.500496,4,8,8,65535,236504.250000,315.073882,65536,6,65551,357868 kB,ermia_async_global_lsn_prefix,0,2141.606479,65537,373781.612801,0.000000,187.675386,0.000000,0,0,5,0,/home/sa2shun/tx-playground/ccbench/results/ermia_ycsbb_three_modes_20260607_163107/logs/ycsb_b_ermia_async_global_lsn_prefix_th16_remote0_r0_log8_com1_pend65536.err,/home/sa2shun/tx-playground/ccbench/results/ermia_ycsbb_three_modes_20260607_163107/logs/ycsb_b_ermia_async_global_lsn_prefix_th16_remote0_r0_log8_com1_pend65536.out,-1,0,16,16,9458556,164290454,0,0,156214787,142638863,5705699560,131876344,208129621,367996596,76973769181,625661987,483593401,68978209012,139.347615,0.000000,1.000016,22172.957843,1.000016,254.416286,384381,262144,262144,262144,262144,262144,946032,243205753,946032,946032,348039696,3,0,61959,106677222,946032,1139372786,1,329107982002266,0,0,0,0,1419495,async_global_lsn_prefix,236579,29415346475,946032,236579,0,0,0,0,0,1419495,8,946032,0,298065249,65551,6,65551,384381,262144,262144,262144,262144,262144,880482,1320985,946017,65535,65537,1,0,41727324590,2025996136,0,177544106,65550,329256690449758,131825213,946032,20975995060,946032,240682132,41727324590,0,10605765402,44108.429965,16,ycsb,ycsb_b,0.000000,11210.967035,10,95
2100,5,10,10,100,10000,0,50,16,1,10,0,95,100000,0,0,31,0.0000,1088,256,256,256,512,512,235.692441,4,7,0,65,9,0,-nan,0,29087552.000000,1013373,7.036252,1233.985650,1,1,,,1.004499,1013293,1013368,253323.250000,0,18019.628438,36005.250000,100,10.500221,64.000316,11486.221596,8.000039,1239.130147,7.791180,36193.817677,10.500221,0.000000,8,8,8,75,253342.000000,0.000000,65536,2,127,424080 kB,ermia_async_dep_frontier_cstamp,0,2193.526835,75,330.231599,9.499885,130.649563,0.000000,0,0,5,0,/home/sa2shun/tx-playground/ccbench/results/ermia_ycsbb_three_modes_20260607_163107/logs/ycsb_b_ermia_async_dep_frontier_cstamp_th16_remote0_r0_log8_com1_pend65536.err,/home/sa2shun/tx-playground/ccbench/results/ermia_ycsbb_three_modes_20260607_163107/logs/ycsb_b_ermia_async_dep_frontier_cstamp_th16_remote0_r0_log8_com1_pend65536.out,-1,0,16,16,14247555,190198042,0,0,176595330,155845321,21281394784,86167094,169353537,386600563,76980831616,2427966392,533354058,51559108940,134.234153,1.004499,1.004499,8055.753293,1.004499,483.493733,1088,256,256,256,512,512,1013373,238843178,1013373,1013373,414811,7,0,65,116350208,1013373,1250481570,1,334621367889,64855872,8106984,7895333,1017927,0,async_dep_frontier_cstamp,144021,18260514831,1013373,144021,10640588,11639769406,1255694839,36677656632,10640588,0,8,1013373,0,0,127,2,127,1088,256,256,256,512,512,1013293,0,1013368,75,75,1,0,0,2222849902,9626879,132396086,80,420359142122,136028595,1017927,8163442603,1017927,489957077,0,506334,5270139514,0.000000,16,ycsb,ycsb_b,0.499655,5200.617657,10,95
2100,5,10,10,100,10000,0,50,32,1,10,0,95,100000,0,0,33,0.0001,1688,256,256,256,512,512,0.000000,4,3,0,0,9,0,-nan,0,12366235.500000,440070,3.127869,155.415321,1,1,,,0.000000,440038,440038,110009.500000,0,31922.840050,35170.750000,100,0.000000,0.000000,0.000000,0.000000,0.000000,0.000000,0.000000,0.000000,1.500095,8,8,8,0,110009.500000,690.912208,65536,1,0,296112 kB,ermia_pwal_group_global_prefix,0,2994.887019,0,0.000000,0.000000,176.922857,0.000000,0,0,5,0,/home/sa2shun/tx-playground/ccbench/results/ermia_ycsbb_three_modes_20260607_163107/logs/ycsb_b_ermia_pwal_group_global_prefix_th32_remote0_r0_log8_com1_pend65536.err,/home/sa2shun/tx-playground/ccbench/results/ermia_ycsbb_three_modes_20260607_163107/logs/ycsb_b_ermia_pwal_group_global_prefix_th32_remote0_r0_log8_com1_pend65536.out,-1,0,32,32,15530155,162192752,0,0,109405018,66776537,2804853901,137091071,289036075,273049940,156617362275,306648349,281456949,152171321528,153.549921,0.000000,0.000000,0.000000,0.000000,459.929317,1688,256,256,256,512,512,440070,0,440070,0,383233,3,0,0,49464942,440070,68388647,1,0,0,0,0,0,660099,group_global_prefix,140683,14047262690,440070,140683,0,0,0,0,0,660099,8,440070,0,304027626,0,1,0,1688,256,256,256,512,512,440038,660050,440038,0,0,1,0,149162999069,1317864094,0,77852780,32,168649603183,67567800,0,0,0,202386377,0,0,3401254100,0.000000,32,ycsb,ycsb_b,0.000000,7729.455411,10,95
2100,5,10,10,100,10000,0,50,32,1,10,0,95,100000,0,0,65,0.0001,388379,262144,262144,262144,262144,262144,369.899152,4,3,4,63311,9,0,-nan,0,26986297.000000,953073,3.999601,1924.779962,1,1,,,0.000000,887486,953041,221871.500000,0,31594.427918,59571.000000,0,0.000000,0.000000,0.000000,0.000000,0.000000,0.000000,0.000000,0.000000,1.500476,4,8,8,65555,238260.250000,534.385891,65536,667,65567,362836 kB,ermia_async_global_lsn_prefix,0,2909.097061,65555,377072.802632,0.000000,141.439485,0.000000,0,0,5,0,/home/sa2shun/tx-playground/ccbench/results/ermia_ycsbb_three_modes_20260607_163107/logs/ycsb_b_ermia_async_global_lsn_prefix_th32_remote0_r0_log8_com1_pend65536.err,/home/sa2shun/tx-playground/ccbench/results/ermia_ycsbb_three_modes_20260607_163107/logs/ycsb_b_ermia_async_global_lsn_prefix_th32_remote0_r0_log8_com1_pend65536.out,-1,0,32,32,16117662,180489895,0,0,188866321,157304460,5908375547,208283275,375587325,473261300,156044624146,648903011,508559228,147378876122,141.248358,0.000000,1.000034,35941.962007,1.000034,288.629351,388379,262144,262144,262144,262144,262144,953073,352529058,953073,953073,351423388,3,4,63311,107945188,953073,1834394220,1,334646833316725,0,0,0,0,1430015,async_global_lsn_prefix,238284,30110785177,953073,238284,0,0,0,0,0,1430015,8,953073,0,509291664,65567,667,65567,388379,262144,262144,262144,262144,262144,887486,1331576,953041,65555,65555,1,0,101932148874,2772488772,0,134797628,65587,334932142848585,134615476,953073,34254163413,953073,275075605,101932148874,0,11067093099,106954.631410,32,ycsb,ycsb_b,0.000000,11612.399780,10,95
2100,5,10,10,100,10000,0,50,32,1,10,0,95,100000,0,0,45,0.0001,1693,256,256,512,512,512,247.393183,4,6,0,57,9,0,-nan,0,25193152.750000,874295,6.275954,1369.469290,1,1,,,1.002964,874233,874278,218558.250000,0,19837.833416,34826.500000,100,10.499915,64.001244,49438.880802,8.000156,1254.742528,7.758817,99392.145984,10.499915,0.000000,8,8,8,45,218569.500000,0.000000,65536,3,260,430716 kB,ermia_async_dep_frontier_cstamp,0,2501.368450,46,334.099404,9.499291,140.885573,0.000000,0,0,5,0,/home/sa2shun/tx-playground/ccbench/results/ermia_ycsbb_three_modes_20260607_163107/logs/ycsb_b_ermia_async_dep_frontier_cstamp_th32_remote0_r0_log8_com1_pend65536.err,/home/sa2shun/tx-playground/ccbench/results/ermia_ycsbb_three_modes_20260607_163107/logs/ycsb_b_ermia_async_dep_frontier_cstamp_th32_remote0_r0_log8_com1_pend65536.out,-1,0,32,32,25803693,171352027,0,0,183084697,134280721,49343956305,79013857,202982843,411129737,157249026118,5336882017,496869517,100863670704,137.217490,1.002964,1.002964,8944.085191,1.002964,509.815045,1693,256,256,512,512,512,874295,216290417,874295,874295,523533,6,0,57,100772611,874295,1197296872,1,292080724378,55954880,6994360,6783363,876869,0,async_dep_frontier_cstamp,139306,17343781323,874295,139306,9179845,43223325830,1096993788,86896366607,9179845,0,8,874295,0,0,256,3,260,1693,256,256,512,512,512,874233,0,874278,45,46,1,0,0,2186891406,8305021,123173157,62,457722343687,119966233,876869,7819616913,876869,445720078,0,437432,4972196685,0.000000,32,ycsb,ycsb_b,0.500335,5687.203252,10,95
2100,5,10,10,100,10000,0,50,1,1,10,0,95,100000,0,0,0,0.0000,866,128,128,128,256,256,0.000000,4,1,0,0,9,0,-nan,0,541852.750000,20127,0.999950,218.848703,1,1,,,0.000000,20126,20126,5031.500000,0,84919.504372,5031.750000,100,0.000000,0.000000,0.000000,0.000000,0.000000,0.000000,0.000000,0.000000,1.500547,8,8,8,0,5031.500000,144.371907,65536,1,0,218892 kB,ermia_pwal_group_global_prefix,0,1256.188463,0,0.000000,0.000000,373.481914,0.000000,0,1,5,0,/home/sa2shun/tx-playground/ccbench/results/ermia_ycsbb_three_modes_20260607_163107/logs/ycsb_b_ermia_pwal_group_global_prefix_th1_remote0_r1_log8_com1_pend65536.err,/home/sa2shun/tx-playground/ccbench/results/ermia_ycsbb_three_modes_20260607_163107/logs/ycsb_b_ermia_pwal_group_global_prefix_th1_remote0_r1_log8_com1_pend65536.out,-1,0,1,1,0,1105301,0,0,1497765,598393,119993528,608083,621064,1478457,4975679248,9624668,6672536,4833479453,100.535476,0.000000,0.000000,0.000000,0.000000,269.502087,866,128,128,128,256,256,20127,0,20127,0,328998,1,0,0,2167411,20127,4404549,1,0,0,0,0,0,30200,group_global_prefix,20127,1709089945,20127,20127,0,0,0,0,0,30200,8,20127,0,2905629,0,1,0,866,128,128,128,256,256,20126,30199,20126,0,0,1,0,4753951114,25282049,0,7516697,1,6621754084,2023377,0,0,0,5423999,0,0,111156725,0.000000,1,ycsb,ycsb_b,0.000000,5523.041091,10,95
2100,5,10,10,100,10000,0,50,1,1,10,0,95,100000,0,0,0,0.0000,1696475,1048576,1048576,1048576,1048576,1048576,134.097822,4,3,0,52800,9,0,-nan,0,7233275.000000,260362,3.999892,355.206498,1,1,,,0.000000,194825,260361,48706.250000,0,22205.267943,16273.000000,0,0.000000,0.000000,0.000000,0.000000,0.000000,0.000000,0.000000,0.000000,1.501296,4,8,8,65536,65090.250000,74.670811,65536,2,65536,258324 kB,ermia_async_global_lsn_prefix,0,999.322710,65536,1812377.565359,0.000000,91.654614,0.000000,0,1,5,0,/home/sa2shun/tx-playground/ccbench/results/ermia_ycsbb_three_modes_20260607_163107/logs/ycsb_b_ermia_async_global_lsn_prefix_th1_remote0_r1_log8_com1_pend65536.err,/home/sa2shun/tx-playground/ccbench/results/ermia_ycsbb_three_modes_20260607_163107/logs/ycsb_b_ermia_async_global_lsn_prefix_th1_remote0_r1_log8_com1_pend65536.out,-1,0,1,1,0,10066508,0,0,19533844,8108074,1289801311,7781437,8029905,19428816,4748127233,113108895,71052622,3201215821,52.230288,0.000000,1.000004,194.852420,1.000004,101.442543,1696475,1048576,1048576,1048576,1048576,1048576,260362,34913843,260362,260362,1356222771,3,0,52800,28933100,260362,92481919,1,353096459171005,0,0,0,0,390879,async_global_lsn_prefix,65092,5781385767,260362,65092,0,0,0,0,0,390879,8,260362,0,19441367,65536,2,65536,1696475,1048576,1048576,1048576,1048576,1048576,194825,292444,260361,65536,65536,1,0,2713883562,260184660,0,23863287,65537,353108873200450,13598730,260362,50731971,260362,26411682,2713883562,0,683249095,10423.541014,1,ycsb,ycsb_b,0.000000,2624.237482,10,95
2100,5,10,10,100,10000,0,50,1,1,10,0,95,100000,0,0,0,0.0000,750,128,128,256,256,256,116.801678,4,7,0,11,9,0,-nan,0,8344874.750000,293801,7.997822,403.684452,1,1,,,1.000003,293791,293800,73447.750000,0,11549.069942,9183.750000,100,10.501154,64.000218,894.913744,8.000027,454.642992,0.950609,5043.922063,10.501154,0.000000,8,8,8,9,73450.000000,0.000000,65536,1,46,256188 kB,ermia_async_dep_frontier_cstamp,0,878.894282,9,193.426667,9.501150,54.032015,0.000000,0,1,5,0,/home/sa2shun/tx-playground/ccbench/results/ermia_ycsbb_three_modes_20260607_163107/logs/ycsb_b_ermia_async_dep_frontier_cstamp_th1_remote0_r1_log8_com1_pend65536.err,/home/sa2shun/tx-playground/ccbench/results/ermia_ycsbb_three_modes_20260607_163107/logs/ycsb_b_ermia_async_dep_frontier_cstamp_th1_remote0_r1_log8_com1_pend65536.out,-1,0,1,1,0,12264950,0,0,22629139,8806066,2177085862,9064090,9126357,21438683,4711323745,209792971,81574284,2159541343,60.048645,1.000003,1.000003,267.627233,1.000003,146.935865,750,128,128,256,256,256,293801,34316333,293801,293801,215436,7,0,11,33379499,293801,118602492,1,56827014061,18803264,2350408,279289,293801,0,async_dep_frontier_cstamp,36735,3393116749,293801,36735,3085239,262925658,133574111,1481904302,3085239,0,8,293801,0,0,46,1,46,750,128,128,256,256,256,293791,0,293800,9,9,1,0,0,258219140,2791438,15874606,10,63295387248,17642292,293801,78628881,293801,43169757,0,146421,630398866,0.000000,1,ycsb,ycsb_b,0.498370,2145.673472,10,95
2100,5,10,10,100,10000,0,50,2,1,10,0,95,100000,0,0,2,0.0001,1332,128,128,256,256,256,0.000000,4,1,0,0,9,0,-nan,0,1064148.000000,39504,0.999949,253.855602,1,1,,,0.000000,39502,39502,9875.500000,0,87719.569541,9876.000000,100,0.000000,0.000000,0.000000,0.000000,0.000000,0.000000,0.000000,0.000000,1.496380,8,8,8,0,9875.500000,191.058984,65536,1,0,221536 kB,ermia_pwal_group_global_prefix,0,1415.123411,0,0.000000,0.000000,410.518126,0.000000,0,1,5,0,/home/sa2shun/tx-playground/ccbench/results/ermia_ycsbb_three_modes_20260607_163107/logs/ycsb_b_ermia_pwal_group_global_prefix_th2_remote0_r1_log8_com1_pend65536.err,/home/sa2shun/tx-playground/ccbench/results/ermia_ycsbb_three_modes_20260607_163107/logs/ycsb_b_ermia_pwal_group_global_prefix_th2_remote0_r1_log8_com1_pend65536.out,-1,0,2,2,934336,4776570,0,0,5843897,1673371,216834819,1254504,1786758,5757426,9947208450,18114896,13543349,9676688524,84.461521,0.000000,0.000000,0.000000,0.000000,270.480457,1332,128,128,256,256,256,39504,0,39504,0,338254,1,0,0,4256592,39504,10027804,1,0,0,0,0,0,59110,group_global_prefix,39504,3465098436,39504,39504,0,0,0,0,0,59110,8,39504,0,7547212,0,1,0,1332,128,128,256,256,256,39502,59105,39502,0,0,1,0,9508340361,55900205,0,16216287,2,13362407962,3336399,0,0,0,10684519,0,0,285256739,0.000000,2,ycsb,ycsb_b,0.000000,7221.323958,10,95
2100,5,10,10,100,10000,0,50,2,1,10,0,95,100000,0,0,0,0.0000,994060,524288,524288,524288,524288,524288,154.826399,4,3,0,57248,9,0,-nan,0,11265886.000000,404879,3.999891,524.563853,1,1,,,0.000000,339347,404877,84836.750000,0,23534.659376,25305.500000,0,0.000000,0.000000,0.000000,0.000000,0.000000,0.000000,0.000000,0.000000,1.499922,4,8,8,65530,101219.250000,104.864109,65536,4,65537,270404 kB,ermia_async_global_lsn_prefix,0,1221.017677,65531,1002855.490564,0.000000,96.760952,0.000000,0,1,5,0,/home/sa2shun/tx-playground/ccbench/results/ermia_ycsbb_three_modes_20260607_163107/logs/ycsb_b_ermia_async_global_lsn_prefix_th2_remote0_r1_log8_com1_pend65536.err,/home/sa2shun/tx-playground/ccbench/results/ermia_ycsbb_three_modes_20260607_163107/logs/ycsb_b_ermia_async_global_lsn_prefix_th2_remote0_r1_log8_com1_pend65536.out,-1,0,2,2,0,29813625,0,0,45708568,40175325,1969361428,14463856,23395943,80840829,9355618155,179738472,128390811,6843729298,51.505746,0.000000,1.000005,1138.754866,1.000005,107.371342,994060,524288,524288,524288,524288,524288,404879,62685648,404879,404879,840596364,3,0,57248,45063544,404879,212383839,1,340316002156254,0,0,0,0,607284,async_global_lsn_prefix,101222,9528642284,404879,101222,0,0,0,0,0,607284,8,404879,0,42457066,65537,4,65537,994060,524288,524288,524288,524288,524288,339347,509056,404877,65530,65531,1,0,5466318116,494361974,0,39176284,65532,340339815353680,20853492,404879,461055654,404879,43472187,5466318116,0,1975472766,13501.182127,2,ycsb,ycsb_b,0.000000,4879.192362,10,95
2100,5,10,10,100,10000,0,50,2,1,10,0,95,100000,0,0,0,0.0000,882,128,256,256,256,256,134.243468,4,7,0,20,9,0,-nan,0,12728679.000000,446984,7.995260,451.084522,1,1,,,1.000886,446961,446983,111740.250000,0,12696.373175,13976.500000,100,10.501113,64.000143,1367.627391,8.000018,617.425971,1.921312,7326.540027,10.501113,0.000000,8,8,8,22,111745.750000,0.000000,65536,1,53,268992 kB,ermia_async_dep_frontier_cstamp,0,1015.476157,22,223.566145,9.501091,53.674936,0.000000,0,1,5,0,/home/sa2shun/tx-playground/ccbench/results/ermia_ycsbb_three_modes_20260607_163107/logs/ycsb_b_ermia_async_dep_frontier_cstamp_th2_remote0_r1_log8_com1_pend65536.err,/home/sa2shun/tx-playground/ccbench/results/ermia_ycsbb_three_modes_20260607_163107/logs/ycsb_b_ermia_async_dep_frontier_cstamp_th2_remote0_r1_log8_com1_pend65536.out,-1,0,2,2,0,36592623,0,0,59975020,35033097,3760790977,15187213,18881195,78972424,9348964640,395717452,148706656,4799107983,56.198323,1.000886,1.000886,542.642781,1.000886,203.396216,882,128,256,256,256,256,446984,60004548,446984,446984,250680,7,0,20,50914716,446984,201627113,1,99925347947,28606976,3575872,858794,447379,0,async_dep_frontier_cstamp,55906,5675062971,446984,55906,4693819,611306194,275978913,3274838841,4693819,0,8,446984,0,0,53,1,53,882,128,256,256,256,256,446961,0,446983,22,22,1,0,0,453900579,4246826,23991784,23,112050127720,25119695,447379,242552098,447379,90914651,0,222854,1189482386,0.000000,2,ycsb,ycsb_b,0.498574,2661.135627,10,95
2100,5,10,10,100,10000,0,50,4,1,10,0,95,100000,0,0,1,0.0000,1776,128,128,256,256,256,0.000000,4,1,0,0,9,0,-nan,0,2173352.500000,79291,0.999950,307.670148,1,1,,,0.000000,79287,79287,19821.750000,0,85597.355165,19822.750000,100,0.000000,0.000000,0.000000,0.000000,0.000000,0.000000,0.000000,0.000000,1.505127,8,8,8,0,19821.750000,241.497408,65536,1,0,227748 kB,ermia_pwal_group_global_prefix,0,1582.487684,0,0.000000,0.000000,423.287475,0.000000,0,1,5,0,/home/sa2shun/tx-playground/ccbench/results/ermia_ycsbb_three_modes_20260607_163107/logs/ycsb_b_ermia_pwal_group_global_prefix_th4_remote0_r1_log8_com1_pend65536.err,/home/sa2shun/tx-playground/ccbench/results/ermia_ycsbb_three_modes_20260607_163107/logs/ycsb_b_ermia_pwal_group_global_prefix_th4_remote0_r1_log8_com1_pend65536.out,-1,0,4,4,1050406,11131156,0,0,12476069,7127153,449006795,3147063,7145716,19156602,19838558949,41693054,31608337,19255016598,102.651948,0.000000,0.000000,0.000000,0.000000,286.329196,1776,128,128,256,256,256,79291,0,79291,0,335535,1,0,0,8693410,79291,24394243,1,0,0,0,0,0,119337,group_global_prefix,79291,6786757499,79291,79291,0,0,0,0,0,119337,8,79291,0,19147605,0,1,0,1776,128,128,256,256,256,79287,119326,79287,0,0,1,0,18893460010,125470701,0,33561194,4,26604938231,8138965,0,0,0,22702183,0,0,691305831,0.000000,4,ycsb,ycsb_b,0.000000,8719.031254,10,95
2100,5,10,10,100,10000,0,50,4,1,10,0,95,100000,0,0,5,0.0000,620118,524288,524288,524288,524288,524288,165.956828,4,3,0,60463,9,0,-nan,0,18645277.250000,667663,3.999850,579.996572,1,1,,,0.000000,602140,667659,150535.000000,0,24947.577170,41730.250000,0,0.000000,0.000000,0.000000,0.000000,0.000000,0.000000,0.000000,0.000000,1.500796,4,8,8,65519,166914.750000,149.135316,65536,5,65539,311072 kB,ermia_async_global_lsn_prefix,0,1452.622869,65520,556462.150348,0.000000,118.555881,0.000000,0,1,5,0,/home/sa2shun/tx-playground/ccbench/results/ermia_ycsbb_three_modes_20260607_163107/logs/ycsb_b_ermia_async_global_lsn_prefix_th4_remote0_r1_log8_com1_pend65536.err,/home/sa2shun/tx-playground/ccbench/results/ermia_ycsbb_three_modes_20260607_163107/logs/ycsb_b_ermia_async_global_lsn_prefix_th4_remote0_r1_log8_com1_pend65536.out,-1,0,4,4,2919457,73661756,0,0,85169089,70602372,3413245154,36680260,60667701,157613482,18700618598,342209300,259983742,14197866285,79.799874,0.000000,1.000006,4227.452942,1.000006,127.362177,620118,524288,524288,524288,524288,524288,667663,110802570,667663,667663,501918537,3,0,60463,74581109,667663,387239931,1,335068119210674,0,0,0,0,1002020,async_global_lsn_prefix,166921,16656474426,667663,166921,0,0,0,0,0,1002020,8,667663,0,99571536,65539,5,65539,620118,524288,524288,524288,524288,524288,602140,903662,667659,65519,65520,1,0,9337555634,969856732,0,79154901,65523,335112436372205,53279104,667663,2822497004,667663,85034504,9337555634,0,4378139555,13985.516010,4,ycsb,ycsb_b,0.000000,6557.448570,10,95
2100,5,10,10,100,10000,0,50,4,1,10,0,95,100000,0,0,8,0.0000,1011,256,256,256,512,256,140.813584,4,7,0,39,9,0,-nan,0,21443556.250000,750778,7.916154,463.537796,1,1,,,1.002745,750736,750776,187684.000000,0,13378.608470,23710.250000,100,10.500189,64.000170,1808.812053,8.000021,843.060232,3.884202,8972.867257,10.500189,0.000000,8,8,8,40,187694.000000,0.000000,65536,1,92,324656 kB,ermia_async_dep_frontier_cstamp,0,1161.737524,40,259.085414,9.500129,81.757571,0.000000,0,1,5,0,/home/sa2shun/tx-playground/ccbench/results/ermia_ycsbb_three_modes_20260607_163107/logs/ycsb_b_ermia_async_dep_frontier_cstamp_th4_remote0_r1_log8_com1_pend65536.err,/home/sa2shun/tx-playground/ccbench/results/ermia_ycsbb_three_modes_20260607_163107/logs/ycsb_b_ermia_async_dep_frontier_cstamp_th4_remote0_r1_log8_com1_pend65536.out,-1,0,4,4,4554584,76265982,0,0,101485695,67949056,7186663158,32472230,49523736,150370388,18667399074,780532454,266138399,9951443392,64.853492,1.002745,1.002745,944.350756,1.002745,244.955952,1011,256,256,256,512,256,750778,105719459,750778,750778,291541,7,0,39,85774225,750778,348013052,1,194504747290,48049792,6006224,2916166,752837,0,async_dep_frontier_cstamp,94841,10044338153,750778,94841,7883290,1358012678,632949389,6736613388,7883290,0,8,750778,0,0,92,1,92,1011,256,256,256,512,256,750736,0,750776,40,40,1,0,0,872204651,7132469,61381622,42,218883302915,48690445,752837,708995883,752837,183907050,0,374967,3277729855,0.000000,4,ycsb,ycsb_b,0.499439,4365.789337,10,95
2100,5,10,10,100,10000,0,50,8,1,10,0,95,100000,0,0,2,0.0000,935,256,256,256,256,256,0.000000,4,1,0,0,9,0,-nan,0,3942285.000000,143384,0.999944,378.707622,1,1,,,0.000000,143376,143376,35844.000000,0,106195.740786,35846.000000,100,0.000000,0.000000,0.000000,0.000000,0.000000,0.000000,0.000000,0.000000,1.499519,8,8,8,0,35844.000000,217.528722,65536,1,0,238768 kB,ermia_pwal_group_global_prefix,0,1571.330802,0,0.000000,0.000000,507.790411,0.000000,0,1,5,0,/home/sa2shun/tx-playground/ccbench/results/ermia_ycsbb_three_modes_20260607_163107/logs/ycsb_b_ermia_pwal_group_global_prefix_th8_remote0_r1_log8_com1_pend65536.err,/home/sa2shun/tx-playground/ccbench/results/ermia_ycsbb_three_modes_20260607_163107/logs/ycsb_b_ermia_pwal_group_global_prefix_th8_remote0_r1_log8_com1_pend65536.out,-1,0,8,8,1050872,20832543,0,0,21547532,13451369,713372049,9376169,23938155,32336352,39709799056,69266437,53977800,38750649778,68.980408,0.000000,0.000000,0.000000,0.000000,291.553900,935,256,256,256,256,256,143384,0,143384,0,389083,1,0,0,15769140,143384,54297584,1,0,0,0,0,0,214995,group_global_prefix,143384,15225920531,143384,143384,0,0,0,0,0,214995,8,143384,0,31188398,0,1,0,935,256,256,256,256,256,143376,214985,143376,0,0,1,0,38072371066,225291125,0,72804958,8,55788388893,9890135,0,0,0,41801832,0,0,2054823264,0.000000,8,ycsb,ycsb_b,0.000000,14331.710077,10,95
2100,5,10,10,100,10000,0,50,8,1,10,0,95,100000,0,0,14,0.0000,392674,262144,262144,262144,262144,262144,159.742397,4,3,0,62280,9,0,-nan,0,27080430.250000,965984,3.962024,609.302876,1,1,,,0.000000,900453,965977,225113.250000,0,31938.593039,60952.250000,0,0.000000,0.000000,0.000000,0.000000,0.000000,0.000000,0.000000,0.000000,1.499739,4,8,8,65524,241494.250000,186.848357,65536,4,65543,390524 kB,ermia_async_global_lsn_prefix,0,1596.253896,65525,369004.493505,0.000000,131.610157,0.000000,0,1,5,0,/home/sa2shun/tx-playground/ccbench/results/ermia_ycsbb_three_modes_20260607_163107/logs/ycsb_b_ermia_async_global_lsn_prefix_th8_remote0_r1_log8_com1_pend65536.err,/home/sa2shun/tx-playground/ccbench/results/ermia_ycsbb_three_modes_20260607_163107/logs/ycsb_b_ermia_async_global_lsn_prefix_th8_remote0_r1_log8_com1_pend65536.out,-1,0,8,8,8873813,134699382,0,0,130366387,116803667,5244386943,97358136,139773196,289027106,37673604470,537444765,418750925,30556120150,99.918469,0.000000,1.000007,9493.475716,1.000007,126.840788,392805,262144,262144,262144,262144,262144,965984,154307481,965984,965984,344063316,3,0,62280,108321721,965984,588572564,1,332271203190437,0,0,0,0,1448713,async_global_lsn_prefix,243809,30851946288,965984,243809,0,0,0,0,0,1448713,8,965984,0,180491215,65543,4,65543,392674,262144,262144,262144,262144,262144,900453,1350366,965977,65524,65525,1,0,17882436627,1541944550,0,127132385,65531,332359658650250,96518943,965984,9170479192,965984,122525284,17882436627,0,9856668657,18512.279927,8,ycsb,ycsb_b,0.000000,10203.833691,10,95
2100,5,10,10,100,10000,0,50,8,1,10,0,95,100000,0,0,17,0.0000,1099,256,256,256,512,512,195.346096,4,6,0,63,9,0,-nan,0,28864288.500000,1008546,6.656151,743.399708,1,1,,,1.005001,1008498,1008540,252124.500000,0,18867.312755,37880.000000,100,10.498627,64.000381,3404.184700,8.000048,1121.421273,7.792439,14731.812688,10.498627,0.000000,8,8,8,42,252135.000000,0.000000,65536,1,165,431796 kB,ermia_async_dep_frontier_cstamp,0,1519.147905,43,306.742643,9.498499,81.372380,0.000000,0,1,5,0,/home/sa2shun/tx-playground/ccbench/results/ermia_ycsbb_three_modes_20260607_163107/logs/ycsb_b_ermia_async_dep_frontier_cstamp_th8_remote0_r1_log8_com1_pend65536.err,/home/sa2shun/tx-playground/ccbench/results/ermia_ycsbb_three_modes_20260607_163107/logs/ycsb_b_ermia_async_dep_frontier_cstamp_th8_remote0_r1_log8_com1_pend65536.out,-1,0,8,8,9924060,151020823,0,0,152766154,127643189,12612167634,65507291,115752835,301303204,37627901261,1404909234,448966371,22237940466,106.570668,1.005001,1.005001,2842.888947,1.005001,278.841548,1099,256,256,256,512,512,1008546,197014352,1008546,1008546,355580,6,0,63,115457154,1008546,749748342,1,309349342313,64546944,8068368,7858986,1013584,0,async_dep_frontier_cstamp,151520,19028439606,1008546,151520,10588285,3433256437,1130998211,14857622368,10588285,0,8,1008546,0,0,162,1,165,1099,256,256,256,512,512,1008498,0,1008540,42,43,1,0,0,1532121428,9579616,82067300,48,358618810375,107480782,1013584,2867167219,1013584,281222855,0,505398,5002329162,0.000000,8,ycsb,ycsb_b,0.501118,4959.971010,10,95
2100,5,10,10,100,10000,0,50,16,1,10,0,95,100000,0,0,5,0.0000,4120,256,256,256,512,256,0.000000,4,1,0,0,9,0,-nan,0,7397175.750000,265350,1.873034,240.884361,1,1,,,0.000000,265334,265334,66333.500000,0,54707.121496,35415.000000,100,0.000000,0.000000,0.000000,0.000000,0.000000,0.000000,0.000000,0.000000,1.500030,8,8,8,0,66333.500000,506.328077,65536,2,0,261036 kB,ermia_pwal_group_global_prefix,0,2701.867793,0,0.000000,0.000000,309.070127,0.000000,0,1,5,0,/home/sa2shun/tx-playground/ccbench/results/ermia_ycsbb_three_modes_20260607_163107/logs/ycsb_b_ermia_pwal_group_global_prefix_th16_remote0_r1_log8_com1_pend65536.err,/home/sa2shun/tx-playground/ccbench/results/ermia_ycsbb_three_modes_20260607_163107/logs/ycsb_b_ermia_pwal_group_global_prefix_th16_remote0_r1_log8_com1_pend65536.out,-1,0,16,16,2918948,70817189,0,0,52509571,40284073,1570376853,48942203,95401718,113365273,78740407407,172124657,141904126,76431762796,139.115417,0.000000,0.000000,0.000000,0.000000,406.276757,4120,256,256,256,512,256,265350,0,265350,0,349001,1,0,0,29588703,265350,63914811,1,0,0,0,0,0,398009,group_global_prefix,141660,14515659375,265350,141660,0,0,0,0,0,398009,8,265350,0,134346054,0,2,0,4120,256,256,256,512,256,265334,397989,265334,0,0,1,0,74708362817,716897389,0,82006813,16,92607544724,36912050,0,0,0,107799037,0,0,2241646378,0.000000,16,ycsb,ycsb_b,0.000000,8448.394770,10,95
2100,5,10,10,100,10000,0,50,16,1,10,0,95,100000,0,0,16,0.0000,393225,262144,262144,262144,262144,262144,266.667521,4,3,0,61973,9,0,-nan,0,26578450.750000,944966,3.980798,1249.132017,1,1,,,0.000000,879439,944950,219859.750000,0,30936.064233,59344.250000,0,0.000000,0.000000,0.000000,0.000000,0.000000,0.000000,0.000000,0.000000,1.498530,4,8,8,65511,236237.500000,327.517605,65536,8,65551,343900 kB,ermia_async_global_lsn_prefix,0,2131.341548,65513,373028.121152,0.000000,171.592337,0.000000,0,1,5,0,/home/sa2shun/tx-playground/ccbench/results/ermia_ycsbb_three_modes_20260607_163107/logs/ycsb_b_ermia_async_global_lsn_prefix_th16_remote0_r1_log8_com1_pend65536.err,/home/sa2shun/tx-playground/ccbench/results/ermia_ycsbb_three_modes_20260607_163107/logs/ycsb_b_ermia_async_global_lsn_prefix_th16_remote0_r1_log8_com1_pend65536.out,-1,0,16,16,8407129,165069563,0,0,158269900,148272068,5632188053,138499624,218316938,375487740,76868499954,619597636,486964539,68917426764,137.332555,0.000000,1.000017,22352.984188,1.000017,263.910085,393225,262144,262144,262144,262144,262144,944966,251987474,944966,944966,347318022,3,0,61973,106313803,944966,1180367299,1,328055477837760,0,0,0,0,1416036,async_global_lsn_prefix,237377,29233033897,944966,237377,0,0,0,0,0,1416036,8,944966,0,309487761,65551,8,65551,393225,262144,262144,262144,262144,262144,879439,1317667,944950,65511,65513,1,0,41639508012,2014011196,0,162146179,65527,328203722722861,129772398,944966,21122452408,944966,249381835,41639508012,0,10313228630,44065.302939,16,ycsb,ycsb_b,0.000000,10914.046913,10,95
2100,5,10,10,100,10000,0,50,16,1,10,0,95,100000,0,0,24,0.0000,4029,256,256,256,2048,512,234.769527,4,6,0,65,9,0,-nan,0,28645677.750000,998553,6.959867,1174.395418,1,1,,,1.004632,998478,998546,249619.500000,0,17470.681218,35868.000000,100,10.500370,64.000449,12523.128789,8.000056,1241.065014,7.790209,36863.677872,10.500370,0.000000,8,8,8,68,249636.500000,0.000000,65536,3,786,484904 kB,ermia_async_dep_frontier_cstamp,0,2188.699234,69,332.888092,9.500062,141.560821,0.000000,0,1,5,0,/home/sa2shun/tx-playground/ccbench/results/ermia_ycsbb_three_modes_20260607_163107/logs/ycsb_b_ermia_async_dep_frontier_cstamp_th16_remote0_r1_log8_com1_pend65536.err,/home/sa2shun/tx-playground/ccbench/results/ermia_ycsbb_three_modes_20260607_163107/logs/ycsb_b_ermia_async_dep_frontier_cstamp_th16_remote0_r1_log8_com1_pend65536.out,-1,0,16,16,15993438,194807556,0,0,172118817,167607901,22094592732,93605656,180656315,403248355,76869082446,2422155688,552402030,50571893958,143.938709,1.004632,1.004632,7277.604000,1.004632,462.387159,4029,256,256,256,2048,512,998553,234428172,998553,998553,418424,6,0,65,114582711,998553,1172687847,1,332381436192,63907392,7988424,7778882,1003171,0,async_dep_frontier_cstamp,143472,17445278848,998553,143472,10485102,12504920160,1239260505,36810078084,10485102,0,8,998553,0,0,765,3,786,4029,256,256,256,2048,512,998478,0,998546,68,69,1,0,0,2185516865,9486249,141354992,75,417818966505,143729422,1003171,7267022364,1003171,461714848,0,498782,5831538206,0.000000,16,ycsb,ycsb_b,0.499508,5840.029609,10,95
2100,5,10,10,100,10000,0,50,32,1,10,0,95,100000,0,0,31,0.0001,3297,256,256,256,512,512,0.000000,4,3,0,0,9,0,-nan,0,12353514.250000,438944,3.128761,164.551341,1,1,,,0.000000,438912,438912,109728.000000,0,32203.378987,35070.750000,100,0.000000,0.000000,0.000000,0.000000,0.000000,0.000000,0.000000,0.000000,1.501251,8,8,8,0,109728.000000,669.771004,65536,1,0,297044 kB,ermia_pwal_group_global_prefix,0,2907.872492,0,0.000000,0.000000,176.345256,0.000000,0,1,5,0,/home/sa2shun/tx-playground/ccbench/results/ermia_ycsbb_three_modes_20260607_163107/logs/ycsb_b_ermia_pwal_group_global_prefix_th32_remote0_r1_log8_com1_pend65536.err,/home/sa2shun/tx-playground/ccbench/results/ermia_ycsbb_three_modes_20260607_163107/logs/ycsb_b_ermia_pwal_group_global_prefix_th32_remote0_r1_log8_com1_pend65536.out,-1,0,32,32,18795911,176867885,0,0,106411428,74475179,2825518090,147993161,298139753,273366102,156444562743,304635747,303835397,151914524090,151.548982,0.000000,0.000000,0.000000,0.000000,427.835161,3297,256,256,256,512,512,438944,0,438944,0,383653,3,0,0,49414057,438944,72223558,1,0,0,0,0,0,658917,group_global_prefix,140283,14134449478,438944,140283,0,0,0,0,0,658917,8,438944,0,293970531,0,1,0,3297,256,256,256,512,512,438912,658858,438912,0,0,1,0,148992234186,1276300131,0,77400049,32,168402467175,66516667,0,0,0,187781986,0,0,3301590589,0.000000,32,ycsb,ycsb_b,0.000000,7522.215362,10,95
2100,5,10,10,100,10000,0,50,32,1,10,0,95,100000,0,0,36,0.0000,431030,262144,262144,262144,262144,262144,373.620952,4,3,3,63259,9,0,-nan,0,25202245.000000,892613,3.999592,1782.144312,1,1,,,0.000000,827021,892581,206755.250000,0,35790.655737,55792.000000,0,0.000000,0.000000,0.000000,0.000000,0.000000,0.000000,0.000000,0.000000,1.498968,4,8,8,65560,223145.250000,500.338369,65536,592,65567,364912 kB,ermia_async_global_lsn_prefix,0,2891.413818,65560,404672.129033,0.000000,186.938931,0.000000,0,1,5,0,/home/sa2shun/tx-playground/ccbench/results/ermia_ycsbb_three_modes_20260607_163107/logs/ycsb_b_ermia_async_global_lsn_prefix_th32_remote0_r1_log8_com1_pend65536.err,/home/sa2shun/tx-playground/ccbench/results/ermia_ycsbb_three_modes_20260607_163107/logs/ycsb_b_ermia_async_global_lsn_prefix_th32_remote0_r1_log8_com1_pend65536.out,-1,0,32,32,17631775,169966758,0,0,178689354,149015538,5533661927,181859629,337487513,461741597,156476437903,604441175,475397588,148366545049,139.778789,0.000000,1.000036,34482.785109,1.000036,285.076638,431030,262144,262144,262144,262144,262144,892613,333486963,892613,892613,375260703,3,3,63259,100808980,892613,1590708152,1,334672348824656,0,0,0,0,1337950,async_global_lsn_prefix,223168,31946059288,892613,223168,0,0,0,0,0,1337950,8,892613,0,446592522,65567,592,65567,431030,262144,262144,262144,262144,262144,827021,1239647,892581,65560,65560,1,0,106595016738,2580821037,0,166858138,65592,334962581905282,124763891,892613,30778678815,892613,254453991,106595016738,0,8820624353,119423.354001,32,ycsb,ycsb_b,0.000000,9882.155628,10,95
2100,5,10,10,100,10000,0,50,32,1,10,0,95,100000,0,0,39,0.0000,1167,256,256,256,512,512,244.640370,4,6,0,56,9,0,-nan,0,25909752.250000,900629,6.270272,1365.858385,1,1,,,1.002815,900562,900618,225140.500000,0,18409.403290,35908.250000,100,10.501156,64.000782,48078.307592,8.000098,1295.628176,7.771347,95381.926633,10.501156,0.000000,8,8,8,56,225154.500000,0.000000,65536,2,115,449400 kB,ermia_async_dep_frontier_cstamp,0,2527.355434,57,319.356366,9.500542,124.306261,0.000000,0,1,5,0,/home/sa2shun/tx-playground/ccbench/results/ermia_ycsbb_three_modes_20260607_163107/logs/ycsb_b_ermia_async_dep_frontier_cstamp_th32_remote0_r1_log8_com1_pend65536.err,/home/sa2shun/tx-playground/ccbench/results/ermia_ycsbb_three_modes_20260607_163107/logs/ycsb_b_ermia_async_dep_frontier_cstamp_th32_remote0_r1_log8_com1_pend65536.out,-1,0,32,32,23115787,182489017,0,0,179209865,140701782,49588635989,90925711,218754028,426214587,156936816502,5344542268,513855812,100228371656,138.078431,1.002815,1.002815,8811.133976,1.002815,495.733868,1167,256,256,256,512,512,900629,220327521,900629,900629,502012,6,0,56,103639009,900629,1230116647,1,287600207949,57640256,7205032,6999015,903153,0,async_dep_frontier_cstamp,143633,16579839972,900629,143633,9457530,43300189227,1166866057,85902680000,9457530,0,8,900629,0,0,114,2,115,1167,256,256,256,512,512,900562,0,900618,56,57,1,0,0,2276181796,8556359,111952456,67,452127349168,124355920,903153,7935465859,903153,446466845,0,449421,5232698919,0.000000,32,ycsb,ycsb_b,0.499014,5810.120294,10,95
2100,5,10,10,100,10000,0,50,1,1,10,0,95,100000,0,0,0,0.0000,758,128,128,128,256,256,0.000000,4,1,0,0,9,0,-nan,0,540958.750000,20161,0.999950,228.472421,1,1,,,0.000000,20160,20160,5040.000000,0,84040.783433,5040.250000,100,0.000000,0.000000,0.000000,0.000000,0.000000,0.000000,0.000000,0.000000,1.498065,8,8,8,0,5040.000000,163.307440,65536,1,0,218488 kB,ermia_pwal_group_global_prefix,0,1387.929812,0,0.000000,0.000000,386.401389,0.000000,0,2,5,0,/home/sa2shun/tx-playground/ccbench/results/ermia_ycsbb_three_modes_20260607_163107/logs/ycsb_b_ermia_pwal_group_global_prefix_th1_remote0_r2_log8_com1_pend65536.err,/home/sa2shun/tx-playground/ccbench/results/ermia_ycsbb_three_modes_20260607_163107/logs/ycsb_b_ermia_pwal_group_global_prefix_th1_remote0_r2_log8_com1_pend65536.out,-1,0,1,1,0,1114138,0,0,1497546,608667,121037383,610174,621564,1489165,4976695057,9594092,7051723,4833070605,101.476339,0.000000,0.000000,0.000000,0.000000,292.834375,758,128,128,128,256,256,20161,0,20161,0,327876,1,0,0,2163835,20161,4606004,1,0,0,0,0,0,30201,group_global_prefix,20161,1694262194,20161,20161,0,0,0,0,0,30201,8,20161,0,3292278,0,1,0,758,128,128,128,256,256,20160,30200,20160,0,0,1,0,4746313677,27980665,0,7789852,1,6610309611,2045763,0,0,0,5903541,0,0,118115637,0.000000,1,ycsb,ycsb_b,0.000000,5858.910565,10,95
2100,5,10,10,100,10000,0,50,1,1,10,0,95,100000,0,0,0,0.0000,1575465,1048576,1048576,1048576,1048576,1048576,132.457883,4,3,0,53466,9,0,-nan,0,7607416.750000,274274,3.999898,352.110955,1,1,,,0.000000,208737,274273,52184.250000,0,20564.252533,17142.500000,0,0.000000,0.000000,0.000000,0.000000,0.000000,0.000000,0.000000,0.000000,1.499728,4,8,8,65536,68568.250000,75.466830,65536,2,65536,259704 kB,ermia_async_global_lsn_prefix,0,987.056251,65536,1673869.812390,0.000000,92.229891,0.000000,0,2,5,0,/home/sa2shun/tx-playground/ccbench/results/ermia_ycsbb_three_modes_20260607_163107/logs/ycsb_b_ermia_async_global_lsn_prefix_th1_remote0_r2_log8_com1_pend65536.err,/home/sa2shun/tx-playground/ccbench/results/ermia_ycsbb_three_modes_20260607_163107/logs/ycsb_b_ermia_async_global_lsn_prefix_th1_remote0_r2_log8_com1_pend65536.out,-1,0,1,1,0,10642971,0,0,20710438,8234976,1362016542,8178847,8407030,20490037,4736948302,119574190,74479863,3104213408,55.801377,0.000000,1.000004,195.622314,1.000004,101.302250,1575465,1048576,1048576,1048576,1048576,1048576,274274,36329621,274274,274274,1273947294,3,0,53466,30429667,274274,96574528,1,349398563028946,0,0,0,0,411335,async_global_lsn_prefix,68570,5640219235,274274,68570,0,0,0,0,0,411335,8,274274,0,20698514,65536,2,65536,1575465,1048576,1048576,1048576,1048576,1048576,208737,313195,274273,65536,65536,1,0,2591796008,270722879,0,25296169,65537,349410620368520,15304811,274274,53653919,274274,27784472,2591796008,0,687163410,9449.694312,1,ycsb,ycsb_b,0.000000,2505.399401,10,95
2100,5,10,10,100,10000,0,50,1,1,10,0,95,100000,0,0,0,0.0000,2278,128,128,256,1024,256,120.427596,4,7,0,11,9,0,-nan,0,8001005.000000,281000,7.997467,416.516746,1,1,,,1.000004,280991,280999,70247.750000,0,10828.917359,8784.000000,100,10.499101,64.000228,913.001320,8.000028,469.947879,0.947900,5268.554027,10.499101,0.000000,8,8,8,8,70249.750000,0.000000,65536,1,141,255288 kB,ermia_async_dep_frontier_cstamp,0,904.086555,8,188.458707,9.499098,47.034836,0.000000,0,2,5,0,/home/sa2shun/tx-playground/ccbench/results/ermia_ycsbb_three_modes_20260607_163107/logs/ycsb_b_ermia_async_dep_frontier_cstamp_th1_remote0_r2_log8_com1_pend65536.err,/home/sa2shun/tx-playground/ccbench/results/ermia_ycsbb_three_modes_20260607_163107/logs/ycsb_b_ermia_async_dep_frontier_cstamp_th1_remote0_r2_log8_com1_pend65536.out,-1,0,1,1,0,11663259,0,0,21532674,8452493,2159616500,8658168,8723167,20530947,4721896595,207878584,78403965,2196436838,68.931352,1.000004,1.000004,284.764280,1.000004,170.445866,2278,128,128,256,1024,256,281000,33840034,281000,281000,210078,7,0,11,32004020,281000,117040789,1,52955200430,17984000,2248000,266359,281000,0,async_dep_frontier_cstamp,35136,3042914949,281000,35136,2950237,256552458,132054884,1480458413,2950237,0,8,281000,0,0,141,1,141,2278,128,128,256,1024,256,280991,0,280999,8,8,1,0,0,254047418,2669237,13216742,9,59032087502,19369641,281000,80018478,281000,47895118,0,140641,599478148,0.000000,1,ycsb,ycsb_b,0.500504,2133.381784,10,95
2100,5,10,10,100,10000,0,50,2,1,10,0,95,100000,0,0,0,0.0000,616,128,128,128,256,256,0.000000,4,1,0,0,9,0,-nan,0,1107779.750000,40725,0.999951,256.687548,1,1,,,0.000000,40723,40723,10180.750000,0,81275.405397,10181.250000,100,0.000000,0.000000,0.000000,0.000000,0.000000,0.000000,0.000000,0.000000,1.503376,8,8,8,0,10180.750000,201.670162,65536,1,0,221780 kB,ermia_pwal_group_global_prefix,0,1414.490214,0,0.000000,0.000000,422.231540,0.000000,0,2,5,0,/home/sa2shun/tx-playground/ccbench/results/ermia_ycsbb_three_modes_20260607_163107/logs/ycsb_b_ermia_pwal_group_global_prefix_th2_remote0_r2_log8_com1_pend65536.err,/home/sa2shun/tx-playground/ccbench/results/ermia_ycsbb_three_modes_20260607_163107/logs/ycsb_b_ermia_pwal_group_global_prefix_th2_remote0_r2_log8_com1_pend65536.out,-1,0,2,2,0,4333945,0,0,5267456,1470379,235846574,1255269,1456997,6044504,9948383408,21014298,13840467,9657853519,94.162144,0.000000,0.000000,0.000000,0.000000,277.985978,616,128,128,128,256,256,40725,0,40725,0,322710,1,0,0,4431119,40725,10453087,1,0,0,0,0,0,61222,group_global_prefix,40725,3309778334,40725,40725,0,0,0,0,0,61222,8,40725,0,8212614,0,1,0,616,128,128,128,256,256,40723,61219,40723,0,0,1,0,9485045838,57602285,0,17194535,2,13142377801,3834565,0,0,0,11320423,0,0,238936120,0.000000,2,ycsb,ycsb_b,0.000000,5867.350637,10,95
2100,5,10,10,100,10000,0,50,2,1,10,0,95,100000,0,0,3,0.0000,1026720,524288,524288,524288,524288,524288,142.465062,4,3,0,57448,9,0,-nan,0,11317319.250000,406137,3.999872,487.523166,1,1,,,0.000000,340599,406135,85149.750000,0,22950.659355,25384.250000,0,0.000000,0.000000,0.000000,0.000000,0.000000,0.000000,0.000000,0.000000,1.500986,4,8,8,65536,101533.750000,101.264683,65536,5,65537,268340 kB,ermia_async_global_lsn_prefix,0,1237.777798,65536,1006339.847730,0.000000,116.039455,0.000000,0,2,5,0,/home/sa2shun/tx-playground/ccbench/results/ermia_ycsbb_three_modes_20260607_163107/logs/ycsb_b_ermia_async_global_lsn_prefix_th2_remote0_r2_log8_com1_pend65536.err,/home/sa2shun/tx-playground/ccbench/results/ermia_ycsbb_three_modes_20260607_163107/logs/ycsb_b_ermia_async_global_lsn_prefix_th2_remote0_r2_log8_com1_pend65536.out,-1,0,2,2,1750945,31479509,0,0,47843313,44816563,2071007997,15576483,23017335,77638757,9369527664,185992486,135822183,6734582093,57.825937,0.000000,1.000005,907.352996,1.000005,109.764889,1043277,524288,524288,524288,524288,524288,406137,57860048,406137,406137,844005639,3,0,57448,45269277,406137,198000221,1,342758345797074,0,0,0,0,609603,async_global_lsn_prefix,101537,9321066037,406137,101537,0,0,0,0,0,609603,8,406137,0,41127132,65537,5,65537,1026720,524288,524288,524288,524288,524288,340599,511122,406135,65536,65536,1,0,5450788649,502704886,0,47127684,65538,342781918587241,23485137,406137,368507809,406137,44579363,5450788649,0,2066754552,13421.125116,2,ycsb,ycsb_b,0.000000,5088.836352,10,95
2100,5,10,10,100,10000,0,50,2,1,10,0,95,100000,0,0,0,0.0000,5869,128,256,256,4096,256,119.057931,4,7,0,22,9,0,-nan,0,12737765.750000,446675,7.991430,385.916888,1,1,,,1.001077,446655,446673,111663.750000,0,11531.248947,13973.500000,100,10.500048,64.000287,1384.445277,8.000036,627.419262,1.919185,7300.769964,10.500048,0.000000,8,8,8,18,111668.250000,0.000000,65536,1,568,280432 kB,ermia_async_dep_frontier_cstamp,0,1020.320333,18,241.201271,9.500030,64.708666,0.000000,0,2,5,0,/home/sa2shun/tx-playground/ccbench/results/ermia_ycsbb_three_modes_20260607_163107/logs/ycsb_b_ermia_async_dep_frontier_cstamp_th2_remote0_r2_log8_com1_pend65536.err,/home/sa2shun/tx-playground/ccbench/results/ermia_ycsbb_three_modes_20260607_163107/logs/ycsb_b_ermia_async_dep_frontier_cstamp_th2_remote0_r2_log8_com1_pend65536.out,-1,0,2,2,0,37250796,0,0,58669234,37376894,3807033921,15012938,18686616,80002465,9364022000,392975547,151530327,4765483262,62.751740,1.001077,1.001077,476.926978,1.001077,209.214855,5869,128,256,256,4096,256,446675,53179963,446675,446675,267395,7,0,22,50951063,446675,172378654,1,107733753607,28587200,3573400,857248,447154,0,async_dep_frontier_cstamp,55894,5150697561,446675,55894,4690088,618394325,280251244,3261056822,4690088,0,8,446675,0,0,560,1,568,5869,128,256,256,4096,256,446655,0,446673,18,18,1,0,0,455749544,4243407,28903614,20,119438743572,28029508,447154,213030404,447154,93450627,0,223158,1349867699,0.000000,2,ycsb,ycsb_b,0.499600,3022.049013,10,95
2100,5,10,10,100,10000,0,50,4,1,10,0,95,100000,0,0,0,0.0000,831,128,128,256,256,256,0.000000,4,1,0,0,9,0,-nan,0,2192352.250000,80141,0.999950,277.888765,1,1,,,0.000000,80137,80137,20034.250000,0,84111.378327,20035.250000,100,0.000000,0.000000,0.000000,0.000000,0.000000,0.000000,0.000000,0.000000,1.503563,8,8,8,0,20034.250000,198.510052,65536,1,0,228244 kB,ermia_pwal_group_global_prefix,0,1380.902093,0,0.000000,0.000000,357.738947,0.000000,0,2,5,0,/home/sa2shun/tx-playground/ccbench/results/ermia_ycsbb_three_modes_20260607_163107/logs/ycsb_b_ermia_pwal_group_global_prefix_th4_remote0_r2_log8_com1_pend65536.err,/home/sa2shun/tx-playground/ccbench/results/ermia_ycsbb_three_modes_20260607_163107/logs/ycsb_b_ermia_pwal_group_global_prefix_th4_remote0_r2_log8_com1_pend65536.out,-1,0,4,4,0,8430409,0,0,11442728,5497534,453790641,2888833,5010895,15058405,19868836926,39330076,28325042,19299062363,88.572807,0.000000,0.000000,0.000000,0.000000,250.664500,831,128,128,256,256,256,80141,0,80141,0,331448,1,0,0,8769409,80141,22269172,1,0,0,0,0,0,120491,group_global_prefix,80141,6740433525,80141,80141,0,0,0,0,0,120491,8,80141,0,15908000,0,1,0,831,128,128,256,256,256,80137,120483,80137,0,0,1,0,18976321932,110661351,0,28668126,4,26562594942,7097959,0,0,0,20087501,0,0,641147376,0.000000,4,ycsb,ycsb_b,0.000000,8000.641102,10,95
2100,5,10,10,100,10000,0,50,4,1,10,0,95,100000,0,0,6,0.0000,508563,262144,262144,262144,262144,262144,138.427932,4,3,0,60806,9,0,-nan,0,20034125.750000,718533,3.999900,452.419353,1,1,,,0.000000,652999,718530,163249.750000,0,23873.942258,44909.250000,0,0.000000,0.000000,0.000000,0.000000,0.000000,0.000000,0.000000,0.000000,1.498720,4,8,8,65531,179632.500000,124.309693,65536,5,65539,333344 kB,ermia_async_global_lsn_prefix,0,1338.330490,65531,511308.949039,0.000000,105.881053,0.000000,0,2,5,0,/home/sa2shun/tx-playground/ccbench/results/ermia_ycsbb_three_modes_20260607_163107/logs/ycsb_b_ermia_async_global_lsn_prefix_th4_remote0_r2_log8_com1_pend65536.err,/home/sa2shun/tx-playground/ccbench/results/ermia_ycsbb_three_modes_20260607_163107/logs/ycsb_b_ermia_async_global_lsn_prefix_th4_remote0_r2_log8_com1_pend65536.out,-1,0,4,4,2570175,76625198,0,0,84193716,70433535,3598271161,38265969,59579662,159464009,18721175752,348726734,274416132,14008629461,61.563558,0.000000,1.000004,3617.471188,1.000004,113.205063,508563,262144,262144,262144,262144,262144,718533,99464622,718533,718533,464736772,3,0,60806,80136503,718533,325076878,1,333884232413736,0,0,0,0,1076875,async_global_lsn_prefix,179637,17154143731,718533,179637,0,0,0,0,0,1076875,8,718533,0,89320244,65539,5,65539,508563,262144,262144,262144,262144,262144,652999,978916,718530,65531,65531,1,0,9447322278,961630607,0,76078713,65534,333928707050679,44235263,718533,2599261573,718533,81341234,9447322278,0,4149439522,13148.125030,4,ycsb,ycsb_b,0.000000,5774.900870,10,95
2100,5,10,10,100,10000,0,50,4,1,10,0,95,100000,0,0,4,0.0000,1373,128,256,256,256,256,136.021303,4,7,0,36,9,0,-nan,0,21533074.250000,753047,7.868069,448.235495,1,1,,,1.002447,753009,753045,188252.250000,0,12529.135121,23927.250000,100,10.499341,64.000170,1819.746034,8.000021,874.949121,3.883991,9001.114490,10.499341,0.000000,8,8,8,36,188261.250000,0.000000,65536,2,132,339444 kB,ermia_async_dep_frontier_cstamp,0,1135.150561,37,239.623220,9.499297,64.799919,0.000000,0,2,5,0,/home/sa2shun/tx-playground/ccbench/results/ermia_ycsbb_three_modes_20260607_163107/logs/ycsb_b_ermia_async_dep_frontier_cstamp_th4_remote0_r2_log8_com1_pend65536.err,/home/sa2shun/tx-playground/ccbench/results/ermia_ycsbb_three_modes_20260607_163107/logs/ycsb_b_ermia_async_dep_frontier_cstamp_th4_remote0_r2_log8_com1_pend65536.out,-1,0,4,4,1285420,78949769,0,0,96120582,71055902,7337449302,30420155,46336824,151618522,18739000799,779194042,269359160,9877211121,70.165609,1.002447,1.002447,872.195476,1.002447,228.401613,1373,128,256,256,256,256,753047,102430162,753047,753047,270309,7,0,36,86132297,753047,337541498,1,180438441147,48195008,6024376,2924820,754888,0,async_dep_frontier_cstamp,95709,9435002557,753047,95709,7906476,1370350652,658876061,6778244261,7906476,0,8,753047,0,0,132,2,132,1373,128,256,256,256,256,753009,0,753045,36,37,1,0,0,854819454,7153398,48797255,38,203555843036,52837861,754888,656802442,754888,171996693,0,376731,2649702993,0.000000,4,ycsb,ycsb_b,0.500277,3518.651599,10,95
2100,5,10,10,100,10000,0,50,8,1,10,0,95,100000,0,0,5,0.0000,1358,128,256,256,256,256,0.000000,4,1,0,0,9,0,-nan,0,4120395.750000,149222,0.999946,392.797861,1,1,,,0.000000,149214,149214,37303.500000,0,99107.739180,37305.500000,100,0.000000,0.000000,0.000000,0.000000,0.000000,0.000000,0.000000,0.000000,1.502165,8,8,8,0,37303.500000,297.182858,65536,1,0,240172 kB,ermia_pwal_group_global_prefix,0,1666.169790,0,0.000000,0.000000,436.534052,0.000000,0,2,5,0,/home/sa2shun/tx-playground/ccbench/results/ermia_ycsbb_three_modes_20260607_163107/logs/ycsb_b_ermia_pwal_group_global_prefix_th8_remote0_r2_log8_com1_pend65536.err,/home/sa2shun/tx-playground/ccbench/results/ermia_ycsbb_three_modes_20260607_163107/logs/ycsb_b_ermia_pwal_group_global_prefix_th8_remote0_r2_log8_com1_pend65536.out,-1,0,8,8,3035588,24343121,0,0,26737825,16480806,833541991,10218960,22225974,46108989,39628387724,85186405,65896490,38494611575,112.577540,0.000000,0.000000,0.000000,0.000000,286.189969,1358,128,256,256,256,256,149222,0,149222,0,366083,1,0,0,16481583,149222,58610940,1,0,0,0,0,0,224144,group_global_prefix,149222,14788262194,149222,149222,0,0,0,0,0,224144,8,149222,0,44343843,0,1,0,1358,128,256,256,256,256,149214,224131,149214,0,0,1,0,37781390001,248615859,0,65136992,8,54627701925,16798145,0,0,0,42703550,0,0,1581840401,0.000000,8,ycsb,ycsb_b,0.000000,10601.152714,10,95
2100,5,10,10,100,10000,0,50,8,1,10,0,95,100000,0,0,12,0.0000,400465,262144,262144,262144,262144,262144,172.547557,4,3,0,62055,9,0,-nan,0,26441832.500000,942121,3.911357,639.930162,1,1,,,0.000000,876576,942113,219144.000000,0,32105.335679,60216.500000,0,0.000000,0.000000,0.000000,0.000000,0.000000,0.000000,0.000000,0.000000,1.500817,4,8,8,65537,235528.250000,200.028320,65536,6,65543,377548 kB,ermia_async_global_lsn_prefix,0,1630.454186,65537,377569.436571,0.000000,136.849684,0.000000,0,2,5,0,/home/sa2shun/tx-playground/ccbench/results/ermia_ycsbb_three_modes_20260607_163107/logs/ycsb_b_ermia_async_global_lsn_prefix_th8_remote0_r2_log8_com1_pend65536.err,/home/sa2shun/tx-playground/ccbench/results/ermia_ycsbb_three_modes_20260607_163107/logs/ycsb_b_ermia_async_global_lsn_prefix_th8_remote0_r2_log8_com1_pend65536.out,-1,0,8,8,8055903,126146287,0,0,136354859,106347371,5094327662,94919955,132529222,263623916,37742277556,523141705,400375618,30856455058,95.343703,0.000000,1.000008,9698.513780,1.000008,135.879078,400465,262144,262144,262144,262144,262144,942121,162559297,942121,942121,351394795,3,0,62055,105767330,942121,602886525,1,330968306431376,0,0,0,0,1413939,async_global_lsn_prefix,240866,30246854113,942121,240866,0,0,0,0,0,1413939,8,942121,0,188449281,65543,6,65543,400465,262144,262144,262144,262144,262144,876576,1315792,942113,65537,65537,1,0,18275891074,1536072085,0,128927866,65545,331056415723010,89824542,942121,9137095913,942121,128013446,18275891074,0,9336826418,19398.831217,8,ycsb,ycsb_b,0.000000,9910.516486,10,95
2100,5,10,10,100,10000,0,50,8,1,10,0,95,100000,0,0,13,0.0000,1131,256,256,256,512,512,158.447801,4,7,0,79,9,0,-nan,0,33326961.000000,1162672,7.538644,581.564566,1,1,,,1.006167,1162609,1162670,290652.250000,0,18776.050489,38557.000000,100,10.500149,64.000110,2817.727585,8.000014,1155.243225,7.817314,11911.075795,10.500149,0.000000,8,8,8,61,290667.500000,0.000000,65536,1,207,525840 kB,ermia_async_dep_frontier_cstamp,0,1382.947895,61,335.908261,9.500029,83.553796,0.000000,0,2,5,0,/home/sa2shun/tx-playground/ccbench/results/ermia_ycsbb_three_modes_20260607_163107/logs/ycsb_b_ermia_async_dep_frontier_cstamp_th8_remote0_r2_log8_com1_pend65536.err,/home/sa2shun/tx-playground/ccbench/results/ermia_ycsbb_three_modes_20260607_163107/logs/ycsb_b_ermia_async_dep_frontier_cstamp_th8_remote0_r2_log8_com1_pend65536.out,-1,0,8,8,7475038,148082692,0,0,146415008,118463242,13631975156,74746506,123766161,299400584,37517932706,1375799626,472663387,21119145306,103.888254,1.006167,1.006167,2431.190508,1.006167,238.348387,1131,256,256,256,512,512,1162672,184222505,1162672,1162672,380910,7,0,79,133307844,1162672,676167674,1,390529966988,74411008,9301376,9088957,1169840,0,async_dep_frontier_cstamp,154228,21830350622,1162672,154228,12208208,3276087331,1343166640,13848650495,12208208,0,8,1162672,0,0,205,1,207,1131,256,256,256,512,512,1162609,0,1162670,61,61,1,0,0,1607912029,11045399,97145492,63,442873688393,120787756,1169840,2826672268,1169840,277120519,0,580790,6255438074,0.000000,8,ycsb,ycsb_b,0.499531,5380.235212,10,95
2100,5,10,10,100,10000,0,50,16,1,10,0,95,100000,0,0,11,0.0000,1474,256,256,256,512,256,0.000000,4,1,0,0,9,0,-nan,0,7429497.250000,266621,1.883961,264.026466,1,1,,,0.000000,266605,266605,66651.250000,0,53463.767953,35378.250000,100,0.000000,0.000000,0.000000,0.000000,0.000000,0.000000,0.000000,0.000000,1.499668,8,8,8,0,66651.250000,506.937878,65536,1,0,261136 kB,ermia_pwal_group_global_prefix,0,2687.974940,0,0.000000,0.000000,353.324349,0.000000,0,2,5,0,/home/sa2shun/tx-playground/ccbench/results/ermia_ycsbb_three_modes_20260607_163107/logs/ycsb_b_ermia_pwal_group_global_prefix_th16_remote0_r2_log8_com1_pend65536.err,/home/sa2shun/tx-playground/ccbench/results/ermia_ycsbb_three_modes_20260607_163107/logs/ycsb_b_ermia_pwal_group_global_prefix_th16_remote0_r2_log8_com1_pend65536.out,-1,0,16,16,7237090,71352513,0,0,52070030,38642687,1575956006,47374928,87200800,113255540,78785929273,171361059,145009717,76476468903,137.472947,0.000000,0.000000,0.000000,0.000000,379.171280,1474,256,256,256,512,256,266621,0,266621,0,347386,1,0,0,29717989,266621,70390776,1,0,0,0,0,0,399819,group_global_prefix,141513,14253707855,266621,141513,0,0,0,0,0,399819,8,266621,0,135152173,0,1,0,1474,256,256,256,512,256,266605,399791,266605,0,0,1,0,74782781679,716627559,0,94198038,16,92620404910,36650975,0,0,0,101088959,0,0,2429806896,0.000000,16,ycsb,ycsb_b,0.000000,9113.883446,10,95
2100,5,10,10,100,10000,0,50,16,1,10,0,95,100000,0,0,21,0.0000,400742,262144,262144,262144,262144,262144,262.770052,4,3,0,61937,9,0,-nan,0,25911939.000000,919427,3.999648,1198.268886,1,1,,,0.000000,853868,919411,213467.000000,0,34527.997493,57468.250000,0,0.000000,0.000000,0.000000,0.000000,0.000000,0.000000,0.000000,0.000000,1.500349,4,8,8,65543,229852.750000,342.588615,65536,6,65551,361376 kB,ermia_async_global_lsn_prefix,0,2142.630625,65538,388164.619632,0.000000,182.426721,0.000000,0,2,5,0,/home/sa2shun/tx-playground/ccbench/results/ermia_ycsbb_three_modes_20260607_163107/logs/ycsb_b_ermia_async_global_lsn_prefix_th16_remote0_r2_log8_com1_pend65536.err,/home/sa2shun/tx-playground/ccbench/results/ermia_ycsbb_three_modes_20260607_163107/logs/ycsb_b_ermia_async_global_lsn_prefix_th16_remote0_r2_log8_com1_pend65536.out,-1,0,16,16,13308290,170456483,0,0,153415849,156191904,5526906338,150040047,227768799,371519522,76813579467,606294489,482979130,68954698616,139.378742,0.000000,1.000017,21320.644873,1.000017,251.528160,400742,262144,262144,262144,262144,262144,919427,241593676,919427,919427,360651347,3,0,61937,103647756,919427,1101701595,1,331441347436296,0,0,0,0,1379437,async_global_lsn_prefix,229873,31745420703,919427,229873,0,0,0,0,0,1379437,8,919427,0,314979741,65551,6,65551,400742,262144,262144,262144,262144,262144,853868,1281145,919411,65543,65538,1,0,43266297853,1969958166,0,167725134,65559,331592586316507,128146349,919427,19602435423,919427,231257757,43266297853,0,9203065961,47058.712429,16,ycsb,ycsb_b,0.000000,10009.740977,10,95
2100,5,10,10,100,10000,0,50,16,1,10,0,95,100000,0,0,28,0.0000,5778,256,256,256,4096,512,216.029253,4,6,0,60,9,0,-nan,0,27222062.250000,948624,6.532829,1063.604039,1,1,,,1.004283,948560,948619,237140.000000,0,17798.941421,36302.000000,100,10.499823,64.000337,15126.133549,8.000042,1236.412752,7.779857,40692.701068,10.499823,0.000000,8,8,8,59,237154.750000,0.000000,65536,2,1094,466076 kB,ermia_async_dep_frontier_cstamp,0,2177.869955,59,326.328426,9.499547,120.502207,0.000000,0,2,5,0,/home/sa2shun/tx-playground/ccbench/results/ermia_ycsbb_three_modes_20260607_163107/logs/ycsb_b_ermia_async_dep_frontier_cstamp_th16_remote0_r2_log8_com1_pend65536.err,/home/sa2shun/tx-playground/ccbench/results/ermia_ycsbb_three_modes_20260607_163107/logs/ycsb_b_ermia_async_dep_frontier_cstamp_th16_remote0_r2_log8_com1_pend65536.out,-1,0,16,16,14479691,183647119,0,0,158816908,144264991,23076249066,76234551,151107762,371277058,77308117557,2502550703,515657903,50113831805,138.257698,1.004283,1.004283,5865.372899,1.004283,432.038966,5778,256,256,256,4096,512,948624,204929454,948624,948624,416798,6,0,60,108888249,948624,1008955000,1,309542091315,60711936,7588992,7380120,952682,0,async_dep_frontier_cstamp,145208,16884414012,948624,145208,9960332,14348937681,1172884628,38601869394,9960332,0,8,948624,0,0,1034,2,1094,5778,256,256,256,4096,512,948560,0,948619,59,59,1,0,0,2065968819,9011451,114310683,64,395384700725,131153879,952682,5564004174,952682,409840372,0,474313,5335341314,0.000000,16,ycsb,ycsb_b,0.500004,5624.324744,10,95
2100,5,10,10,100,10000,0,50,32,1,10,0,95,100000,0,0,33,0.0001,1837,256,256,256,512,512,0.000000,4,3,0,0,9,0,-nan,0,12341109.000000,438697,3.123861,174.064293,1,1,,,0.000000,438665,438665,109666.250000,0,32370.422514,35106.000000,100,0.000000,0.000000,0.000000,0.000000,0.000000,0.000000,0.000000,0.000000,1.500899,8,8,8,0,109666.250000,756.152032,65536,2,0,296628 kB,ermia_pwal_group_global_prefix,0,3035.991385,0,0.000000,0.000000,173.241895,0.000000,0,2,5,0,/home/sa2shun/tx-playground/ccbench/results/ermia_ycsbb_three_modes_20260607_163107/logs/ycsb_b_ermia_pwal_group_global_prefix_th32_remote0_r2_log8_com1_pend65536.err,/home/sa2shun/tx-playground/ccbench/results/ermia_ycsbb_three_modes_20260607_163107/logs/ycsb_b_ermia_pwal_group_global_prefix_th32_remote0_r2_log8_com1_pend65536.out,-1,0,32,32,16928621,163638053,0,0,109376840,67652273,2773353142,136232632,287999406,278102908,156645193359,304481382,284572273,152222855829,150.215155,0.000000,0.000000,0.000000,0.000000,442.827094,1837,256,256,256,512,512,438697,0,438697,0,384664,3,0,0,49364436,438697,76355913,1,0,0,0,0,0,658392,group_global_prefix,140424,14199771392,438697,140424,0,0,0,0,0,658392,8,438697,0,331697431,0,2,0,1837,256,256,256,512,512,438665,658338,438665,0,0,1,0,149249220820,1331783161,0,75995156,32,168751284295,65894131,0,0,0,194252747,0,0,3226313544,0.000000,32,ycsb,ycsb_b,0.000000,7354.846053,10,95
2100,5,10,10,100,10000,0,50,32,1,10,0,95,100000,0,0,66,0.0001,399640,262144,262144,262144,262144,262144,398.191004,4,3,4,63317,9,0,-nan,0,25839186.750000,912436,3.989694,2061.020577,1,1,,,0.000000,846874,912407,211718.500000,0,33612.629331,57172.750000,0,0.000000,0.000000,0.000000,0.000000,0.000000,0.000000,0.000000,0.000000,1.500969,4,8,8,65533,228101.750000,488.528560,65536,663,65567,368448 kB,ermia_async_global_lsn_prefix,0,2925.768259,65557,394829.877401,0.000000,172.084384,0.000000,0,2,5,0,/home/sa2shun/tx-playground/ccbench/results/ermia_ycsbb_three_modes_20260607_163107/logs/ycsb_b_ermia_async_global_lsn_prefix_th32_remote0_r2_log8_com1_pend65536.err,/home/sa2shun/tx-playground/ccbench/results/ermia_ycsbb_three_modes_20260607_163107/logs/ycsb_b_ermia_async_global_lsn_prefix_th32_remote0_r2_log8_com1_pend65536.out,-1,0,32,32,24172134,169261062,0,0,181192517,145457913,5633339279,158396696,320274732,448115992,156707911807,620116260,488930782,148518654440,140.024935,0.000000,1.000032,38188.534688,1.000032,269.144905,399640,262144,262144,262144,262144,262144,912436,363312259,912436,912436,366774888,3,4,63317,103356747,912436,1880489602,1,334371157594105,0,0,0,0,1369495,async_global_lsn_prefix,228691,30668398290,912436,228691,0,0,0,0,0,1369495,8,912436,0,445736878,65567,663,65567,399640,262144,262144,262144,262144,262144,846874,1271199,912407,65533,65557,1,0,103092877182,2669491440,0,157010997,65562,334658612598210,127759731,912436,34843486369,912436,245569695,103092877182,0,9867994480,112990.011236,32,ycsb,ycsb_b,0.000000,10815.342802,10,95
2100,5,10,10,100,10000,0,50,32,1,10,0,95,100000,0,0,43,0.0000,2152,256,256,256,512,512,230.640898,4,6,0,57,9,0,-nan,0,26030539.500000,904907,6.347341,1291.064430,1,1,,,1.003048,904844,904896,226211.000000,0,18619.267354,35640.750000,100,10.501202,64.000778,48264.057633,8.000097,1305.010018,7.768357,95071.544653,10.501202,0.000000,8,8,8,52,226224.000000,0.000000,65536,7,254,459888 kB,ermia_async_dep_frontier_cstamp,0,2501.020175,53,322.993685,9.500616,120.397273,0.000000,0,2,5,0,/home/sa2shun/tx-playground/ccbench/results/ermia_ycsbb_three_modes_20260607_163107/logs/ycsb_b_ermia_async_dep_frontier_cstamp_th32_remote0_r2_log8_com1_pend65536.err,/home/sa2shun/tx-playground/ccbench/results/ermia_ycsbb_three_modes_20260607_163107/logs/ycsb_b_ermia_async_dep_frontier_cstamp_th32_remote0_r2_log8_com1_pend65536.out,-1,0,32,32,27207343,182511120,0,0,183311836,139713110,50040374602,88450973,219481755,429682456,157019720040,5388621420,520457438,99799907987,140.309049,1.003048,1.003048,8192.792778,1.003048,508.115930,2152,256,256,256,512,512,904907,208706026,904907,904907,504974,6,0,57,104122158,904907,1168279038,1,292258897854,57914048,7239256,7029555,907654,0,async_dep_frontier_cstamp,142563,16848500552,904907,142563,9502496,43673952696,1180898345,86029860470,9502496,0,8,904907,0,0,251,7,254,2152,256,256,256,512,512,904844,0,904896,52,53,1,0,0,2263163152,8597069,108947011,63,456955265931,126965097,907654,7413625414,907654,459792073,0,451495,5213678203,0.000000,32,ycsb,ycsb_b,0.498947,5761.632500,10,95
2100,5,10,10,100,10000,0,50,1,1,10,0,95,100000,0,0,0,0.0000,836,128,128,128,256,256,0.000000,4,1,0,0,9,0,-nan,0,540942.500000,19991,0.999950,216.191696,1,1,,,0.000000,19990,19990,4997.500000,0,86415.123812,4997.750000,100,0.000000,0.000000,0.000000,0.000000,0.000000,0.000000,0.000000,0.000000,1.504302,8,8,8,0,4997.500000,136.783992,65536,1,0,218768 kB,ermia_pwal_group_global_prefix,0,1198.095948,0,0.000000,0.000000,387.202401,0.000000,0,3,5,0,/home/sa2shun/tx-playground/ccbench/results/ermia_ycsbb_three_modes_20260607_163107/logs/ycsb_b_ermia_pwal_group_global_prefix_th1_remote0_r3_log8_com1_pend65536.err,/home/sa2shun/tx-playground/ccbench/results/ermia_ycsbb_three_modes_20260607_163107/logs/ycsb_b_ermia_pwal_group_global_prefix_th1_remote0_r3_log8_com1_pend65536.out,-1,0,1,1,0,1109312,0,0,1507988,594261,120934143,607482,616591,1440535,4975942055,9777728,6750068,4832603947,106.189645,0.000000,0.000000,0.000000,0.000000,247.258479,836,128,128,128,256,256,19991,0,19991,0,332272,1,0,0,2163770,19991,4321672,1,0,0,0,0,0,30071,group_global_prefix,19991,1727438325,19991,19991,0,0,0,0,0,30071,8,19991,0,2734312,0,1,0,836,128,128,128,256,256,19990,30069,19990,0,0,1,0,4757151105,23949938,0,7740176,1,6642466006,2122731,0,0,0,4942697,0,0,112065050,0.000000,1,ycsb,ycsb_b,0.000000,5606.055528,10,95
2100,5,10,10,100,10000,0,50,1,1,10,0,95,100000,0,0,0,0.0000,1729441,1048576,1048576,1048576,1048576,1048576,133.444625,4,3,0,52844,9,0,-nan,0,7143212.750000,258158,3.999892,356.158160,1,1,,,0.000000,192621,258157,48155.250000,0,21932.201695,16135.250000,0,0.000000,0.000000,0.000000,0.000000,0.000000,0.000000,0.000000,0.000000,1.498383,4,8,8,65536,64539.250000,74.018024,65536,3,65536,258516 kB,ermia_async_global_lsn_prefix,0,971.967605,65536,1817048.147983,0.000000,89.060087,0.000000,0,3,5,0,/home/sa2shun/tx-playground/ccbench/results/ermia_ycsbb_three_modes_20260607_163107/logs/ycsb_b_ermia_async_global_lsn_prefix_th1_remote0_r3_log8_com1_pend65536.err,/home/sa2shun/tx-playground/ccbench/results/ermia_ycsbb_three_modes_20260607_163107/logs/ycsb_b_ermia_async_global_lsn_prefix_th1_remote0_r3_log8_com1_pend65536.out,-1,0,1,1,0,10023797,0,0,19332595,7690058,1255449468,7720350,7954174,19225624,4751979721,110626436,70651854,3243305365,51.076016,0.000000,1.000004,195.466042,1.000004,100.622443,1729441,1048576,1048576,1048576,1048576,1048576,258158,34449664,258158,258158,1355813202,3,0,52844,28572851,258158,91944722,1,350001631312550,0,0,0,0,386818,async_global_lsn_prefix,64541,5661951393,258158,64541,0,0,0,0,0,386818,8,258158,0,19108271,65536,3,65536,1729441,1048576,1048576,1048576,1048576,1048576,192621,288868,258157,65536,65536,1,0,2767178975,250920241,0,22991485,65537,350014024702714,13185631,258158,50460927,258158,25976388,2767178975,0,688043492,10718.977115,1,ycsb,ycsb_b,0.000000,2665.213386,10,95
2100,5,10,10,100,10000,0,50,1,1,10,0,95,100000,0,0,0,0.0000,755,128,128,128,256,256,108.187500,4,7,0,10,9,0,-nan,0,8338722.250000,291851,7.997424,358.276769,1,1,,,1.000003,291836,291850,72959.000000,0,10522.847812,9123.250000,100,10.496796,64.000219,902.546870,8.000027,458.420792,0.950464,5011.950005,10.496796,0.000000,8,8,8,14,72962.500000,0.000000,65536,1,46,256260 kB,ermia_async_dep_frontier_cstamp,0,882.027997,14,179.353936,9.496793,43.307175,0.000000,0,3,5,0,/home/sa2shun/tx-playground/ccbench/results/ermia_ycsbb_three_modes_20260607_163107/logs/ycsb_b_ermia_async_dep_frontier_cstamp_th1_remote0_r3_log8_com1_pend65536.err,/home/sa2shun/tx-playground/ccbench/results/ermia_ycsbb_three_modes_20260607_163107/logs/ycsb_b_ermia_async_dep_frontier_cstamp_th1_remote0_r3_log8_com1_pend65536.out,-1,0,1,1,0,11981877,0,0,22598495,8760070,2181717052,8975091,9069623,21224199,4711451776,211297817,81049156,2154778396,65.029275,1.000003,1.000003,244.238112,1.000003,151.265588,755,128,128,128,256,256,291851,31574522,291851,291851,200097,7,0,10,33354889,291851,104563075,1,52341935166,18678464,2334808,277393,291851,0,async_dep_frontier_cstamp,36493,3071093134,291851,36493,3063490,263408304,133790108,1462737609,3063490,0,8,291851,0,0,46,1,46,755,128,128,128,256,256,291836,0,291850,14,14,1,0,0,257419871,2771639,12639199,15,58398752879,18978794,291851,71280893,291851,44146862,0,146732,585185342,0.000000,1,ycsb,ycsb_b,0.502765,2005.089402,10,95
2100,5,10,10,100,10000,0,50,2,1,10,0,95,100000,0,0,0,0.0000,1851,128,128,128,256,256,0.000000,4,1,0,0,9,0,-nan,0,1118045.000000,41171,0.999951,212.463917,1,1,,,0.000000,41169,41169,10292.250000,0,79467.553062,10292.750000,100,0.000000,0.000000,0.000000,0.000000,0.000000,0.000000,0.000000,0.000000,1.502101,8,8,8,0,10292.250000,172.786247,65536,1,0,221888 kB,ermia_pwal_group_global_prefix,0,1414.810270,0,0.000000,0.000000,295.618839,0.000000,0,3,5,0,/home/sa2shun/tx-playground/ccbench/results/ermia_ycsbb_three_modes_20260607_163107/logs/ycsb_b_ermia_pwal_group_global_prefix_th2_remote0_r3_log8_com1_pend65536.err,/home/sa2shun/tx-playground/ccbench/results/ermia_ycsbb_three_modes_20260607_163107/logs/ycsb_b_ermia_pwal_group_global_prefix_th2_remote0_r3_log8_com1_pend65536.out,-1,0,2,2,0,4680789,0,0,5449465,1380946,240489048,1265018,1886008,5908523,9948336769,19792106,14032153,9653452713,94.666570,0.000000,0.000000,0.000000,0.000000,258.388205,1851,128,128,128,256,256,41171,0,41171,0,318125,1,0,0,4472180,41171,8746927,1,0,0,0,0,0,61840,group_global_prefix,41171,3271599692,41171,41171,0,0,0,0,0,61840,8,41171,0,7113437,0,1,0,1851,128,128,128,256,256,41169,61837,41169,0,0,1,0,9487742564,58246324,0,12170332,2,13097560757,3897328,0,0,0,10637584,0,0,237406569,0.000000,2,ycsb,ycsb_b,0.000000,5766.634337,10,95
2100,5,10,10,100,10000,0,50,2,1,10,0,95,100000,0,0,3,0.0000,1010698,524288,524288,524288,524288,524288,151.929773,4,3,0,57188,9,0,-nan,0,11562452.250000,415397,3.999923,502.275130,1,1,,,0.000000,349861,415396,87465.250000,0,23129.803084,25962.750000,0,0.000000,0.000000,0.000000,0.000000,0.000000,0.000000,0.000000,0.000000,1.500053,4,8,8,65535,103849.000000,96.773972,65536,4,65537,270660 kB,ermia_async_global_lsn_prefix,0,1211.005619,65535,979076.685102,0.000000,110.341221,0.000000,0,3,5,0,/home/sa2shun/tx-playground/ccbench/results/ermia_ycsbb_three_modes_20260607_163107/logs/ycsb_b_ermia_async_global_lsn_prefix_th2_remote0_r3_log8_com1_pend65536.err,/home/sa2shun/tx-playground/ccbench/results/ermia_ycsbb_three_modes_20260607_163107/logs/ycsb_b_ermia_async_global_lsn_prefix_th2_remote0_r3_log8_com1_pend65536.out,-1,0,2,2,1868635,29300658,0,0,45896801,39024260,2059133322,14387292,22219266,81473905,9369495317,187267136,129975166,6758948876,56.374681,0.000000,1.000002,1034.294293,1.000002,108.812882,1022279,524288,524288,524288,524288,524288,415397,63111020,415397,415397,824667870,3,0,57188,46249809,415397,208643080,1,342540748126373,0,0,0,0,623116,async_global_lsn_prefix,103851,9608027682,415397,103851,0,0,0,0,0,623116,8,415397,0,40199521,65537,4,65537,1010698,524288,524288,524288,524288,524288,349861,524640,415396,65535,65535,1,0,5399292475,503046890,0,45835302,65536,342564559411248,23417817,415397,429641712,415397,45200436,5399292475,0,2045576465,12997.940459,2,ycsb,ycsb_b,0.000000,4924.400969,10,95
2100,5,10,10,100,10000,0,50,2,1,10,0,95,100000,0,0,1,0.0000,708,128,256,256,256,256,118.327897,4,7,0,19,9,0,-nan,0,12680990.250000,445255,7.990901,419.178739,1,1,,,1.000874,445229,445253,111307.250000,0,11414.861072,13930.000000,100,10.500899,64.000287,1373.597734,8.000036,627.279542,1.920515,7228.221943,10.500899,0.000000,8,8,8,24,111313.250000,0.000000,65536,1,50,268212 kB,ermia_async_dep_frontier_cstamp,0,1016.061738,24,213.242913,9.500891,55.842274,0.000000,0,3,5,0,/home/sa2shun/tx-playground/ccbench/results/ermia_ycsbb_three_modes_20260607_163107/logs/ycsb_b_ermia_async_dep_frontier_cstamp_th2_remote0_r3_log8_com1_pend65536.err,/home/sa2shun/tx-playground/ccbench/results/ermia_ycsbb_three_modes_20260607_163107/logs/ycsb_b_ermia_async_dep_frontier_cstamp_th2_remote0_r3_log8_com1_pend65536.out,-1,0,2,2,313,38865391,0,0,57813398,34552419,3792082503,15346182,19673340,82553435,9318971767,395656381,147775572,4734652833,60.165564,1.000874,1.000874,505.519249,1.000874,207.464691,708,128,256,256,256,256,445255,52685851,445255,445255,239194,7,0,19,50723961,445255,186640591,1,94941928947,28496320,3562040,855115,445642,0,async_dep_frontier_cstamp,55720,5082501137,445255,55720,4675557,611598512,279298098,3218387505,4675557,0,8,445255,0,0,50,1,50,708,128,256,256,256,256,445229,0,445253,24,24,1,0,0,452404537,4230300,24863940,26,106502528399,26788898,445642,225083962,445642,92374276,0,222038,1307972145,0.000000,2,ycsb,ycsb_b,0.498678,2937.593110,10,95
2100,5,10,10,100,10000,0,50,4,1,10,0,95,100000,0,0,1,0.0000,1945,128,256,256,256,256,0.000000,4,1,0,0,9,0,-nan,0,2121788.750000,78018,0.999949,262.789128,1,1,,,0.000000,78014,78014,19503.500000,0,89509.491194,19504.500000,100,0.000000,0.000000,0.000000,0.000000,0.000000,0.000000,0.000000,0.000000,1.499551,8,8,8,0,19503.500000,173.887020,65536,1,0,227844 kB,ermia_pwal_group_global_prefix,0,1388.335799,0,0.000000,0.000000,334.825134,0.000000,0,3,5,0,/home/sa2shun/tx-playground/ccbench/results/ermia_ycsbb_three_modes_20260607_163107/logs/ycsb_b_ermia_pwal_group_global_prefix_th4_remote0_r3_log8_com1_pend65536.err,/home/sa2shun/tx-playground/ccbench/results/ermia_ycsbb_three_modes_20260607_163107/logs/ycsb_b_ermia_pwal_group_global_prefix_th4_remote0_r3_log8_com1_pend65536.out,-1,0,4,4,1167012,8380624,0,0,10544800,5694348,418326646,2910584,5212994,14966654,19870277159,37087526,27432464,19338553507,76.929910,0.000000,0.000000,0.000000,0.000000,259.535263,1945,128,256,256,256,256,78018,0,78018,0,345051,1,0,0,8487155,78018,20501231,1,0,0,0,0,0,116986,group_global_prefix,78018,6982993446,78018,78018,0,0,0,0,0,116986,8,78018,0,13565622,0,1,0,1945,128,256,256,256,256,78014,116979,78014,0,0,1,0,19013657903,108309629,0,26121048,4,26920236580,6001610,0,0,0,20247384,0,0,728838707,0.000000,4,ycsb,ycsb_b,0.000000,9342.409145,10,95
2100,5,10,10,100,10000,0,50,4,1,10,0,95,100000,0,0,2,0.0000,615413,524288,524288,524288,524288,524288,147.904072,4,3,0,60594,9,0,-nan,0,18708273.250000,670624,3.999839,488.198881,1,1,,,0.000000,605096,670621,151274.000000,0,26106.373293,41915.500000,0,0.000000,0.000000,0.000000,0.000000,0.000000,0.000000,0.000000,0.000000,1.499959,4,8,8,65525,167655.250000,138.762037,65536,5,65539,305288 kB,ermia_async_global_lsn_prefix,0,1394.077753,65526,558320.418755,0.000000,119.248040,0.000000,0,3,5,0,/home/sa2shun/tx-playground/ccbench/results/ermia_ycsbb_three_modes_20260607_163107/logs/ycsb_b_ermia_async_global_lsn_prefix_th4_remote0_r3_log8_com1_pend65536.err,/home/sa2shun/tx-playground/ccbench/results/ermia_ycsbb_three_modes_20260607_163107/logs/ycsb_b_ermia_async_global_lsn_prefix_th4_remote0_r3_log8_com1_pend65536.out,-1,0,4,4,934104,73302195,0,0,89631820,69216017,3437324099,37707810,61873171,157119768,18690285689,332676651,259620652,14170879402,68.171665,0.000000,1.000004,3801.540527,1.000004,124.024972,624812,524288,524288,524288,524288,524288,670624,99187577,670624,670624,503832926,3,0,60594,74833093,670624,327396422,1,337837452107235,0,0,0,0,1005904,async_global_lsn_prefix,167662,17507482164,670624,167662,0,0,0,0,0,1005904,8,670624,0,93056736,65539,5,65539,615413,524288,524288,524288,524288,524288,605096,907546,670621,65525,65526,1,0,9671436823,934897817,0,79970240,65528,337882452320159,45717350,670624,2549392910,670624,83173751,9671436823,0,3937064311,14421.613434,4,ycsb,ycsb_b,0.000000,5870.773971,10,95
2100,5,10,10,100,10000,0,50,4,1,10,0,95,100000,0,0,5,0.0000,4516,128,256,256,2048,256,143.436387,4,7,0,37,9,0,-nan,0,21267480.500000,742534,7.850514,461.840000,1,1,,,1.002559,742509,742533,185627.250000,0,12663.792971,23646.000000,100,10.498053,64.000086,1830.317787,8.000011,896.941329,3.883345,9024.676957,10.498053,0.000000,8,8,8,24,185633.250000,0.000000,65536,1,724,349160 kB,ermia_async_dep_frontier_cstamp,0,1129.632068,24,249.930606,9.498016,66.205701,0.000000,0,3,5,0,/home/sa2shun/tx-playground/ccbench/results/ermia_ycsbb_three_modes_20260607_163107/logs/ycsb_b_ermia_async_dep_frontier_cstamp_th4_remote0_r3_log8_com1_pend65536.err,/home/sa2shun/tx-playground/ccbench/results/ermia_ycsbb_three_modes_20260607_163107/logs/ycsb_b_ermia_async_dep_frontier_cstamp_th4_remote0_r3_log8_com1_pend65536.out,-1,0,4,4,3385957,81166636,0,0,100055569,66565864,7339060314,30725971,46810301,156728510,18728416791,783648697,264603857,9855665115,72.909270,1.002559,1.002559,918.452904,1.002559,234.661981,4516,128,256,256,2048,256,742534,106506251,742534,742534,281002,7,0,37,85069922,742534,342931441,1,185575724185,47522176,5940272,2883512,744433,0,async_dep_frontier_cstamp,94584,9403284186,742534,94584,7795151,1359071357,666008536,6701120455,7795151,0,8,742534,0,0,701,1,724,4516,128,256,256,2048,256,742509,0,742533,24,24,1,0,0,838789088,7052590,49159918,25,208653904353,54137539,744433,681981590,744433,174244265,0,372411,2700945542,0.000000,4,ycsb,ycsb_b,0.501541,3637.475428,10,95
2100,5,10,10,100,10000,0,50,8,1,10,0,95,100000,0,0,3,0.0000,4340,128,256,256,256,256,0.000000,4,1,0,0,9,0,-nan,0,4040159.000000,147339,0.999946,375.242352,1,1,,,0.000000,147331,147331,36832.750000,0,100973.315276,36834.750000,100,0.000000,0.000000,0.000000,0.000000,0.000000,0.000000,0.000000,0.000000,1.497180,8,8,8,0,36832.750000,258.447808,65536,1,0,239928 kB,ermia_pwal_group_global_prefix,0,1606.198288,0,0.000000,0.000000,470.230861,0.000000,0,3,5,0,/home/sa2shun/tx-playground/ccbench/results/ermia_ycsbb_three_modes_20260607_163107/logs/ycsb_b_ermia_pwal_group_global_prefix_th8_remote0_r3_log8_com1_pend65536.err,/home/sa2shun/tx-playground/ccbench/results/ermia_ycsbb_three_modes_20260607_163107/logs/ycsb_b_ermia_pwal_group_global_prefix_th8_remote0_r3_log8_com1_pend65536.out,-1,0,8,8,1867928,22689287,0,0,25238688,14991929,814747570,9225561,20376103,42039822,39664028307,80705617,62029770,38570116032,100.381298,0.000000,0.000000,0.000000,0.000000,277.982875,4340,128,256,256,256,256,147339,0,147339,0,373430,1,0,0,16160636,147339,55284831,1,0,0,0,0,0,220581,group_global_prefix,147339,14876499513,147339,147339,0,0,0,0,0,220581,8,147339,0,38077374,0,1,0,4340,128,256,256,256,256,147331,220570,147331,0,0,1,0,37874467782,236642800,0,69279583,8,55020892500,14789277,0,0,0,40955495,0,0,1814895845,0.000000,8,ycsb,ycsb_b,0.000000,12318.492680,10,95
2100,5,10,10,100,10000,0,50,8,1,10,0,95,100000,0,0,10,0.0000,385690,262144,262144,262144,262144,262144,157.053777,4,3,0,62072,9,0,-nan,0,27789861.500000,989743,3.966556,597.167269,1,1,,,0.000000,924199,989735,231049.750000,0,31242.587946,62380.000000,0,0.000000,0.000000,0.000000,0.000000,0.000000,0.000000,0.000000,0.000000,1.500695,4,8,8,65536,247433.750000,187.548251,65536,6,65543,388544 kB,ermia_async_global_lsn_prefix,0,1587.606826,65536,358956.185292,0.000000,160.693466,0.000000,0,3,5,0,/home/sa2shun/tx-playground/ccbench/results/ermia_ycsbb_three_modes_20260607_163107/logs/ycsb_b_ermia_async_global_lsn_prefix_th8_remote0_r3_log8_com1_pend65536.err,/home/sa2shun/tx-playground/ccbench/results/ermia_ycsbb_three_modes_20260607_163107/logs/ycsb_b_ermia_async_global_lsn_prefix_th8_remote0_r3_log8_com1_pend65536.out,-1,0,8,8,6421037,143394859,0,0,140581643,127373385,5413099191,95175226,130958444,285000956,37737240051,559782567,435875350,30399577393,101.016203,0.000000,1.000008,9302.854427,1.000008,126.497861,385690,262144,262144,262144,262144,262144,989743,155441620,989743,989743,335273829,3,0,62072,111159446,989743,591037347,1,331746947490317,0,0,0,0,1485290,async_global_lsn_prefix,249520,30921882781,989743,249520,0,0,0,0,0,1485290,8,989743,0,185623068,65543,6,65543,385690,262144,262144,262144,262144,262144,924199,1386660,989735,65536,65536,1,0,17605326294,1571310042,0,159043948,65544,331834926119694,99979272,989743,9207360626,989743,125199360,17605326294,0,9751098725,17787.919285,8,ycsb,ycsb_b,0.000000,9852.231885,10,95
2100,5,10,10,100,10000,0,50,8,1,10,0,95,100000,0,0,13,0.0000,1991,256,256,256,512,512,218.452052,4,6,0,61,9,0,-nan,0,27547906.250000,965144,6.549265,913.989645,1,1,,,1.004779,965094,965139,241273.500000,0,18936.097415,36841.500000,100,10.500203,64.000332,3624.974417,8.000041,1118.135001,7.782058,15821.728806,10.500203,0.000000,8,8,8,45,241284.750000,0.000000,65536,1,359,437396 kB,ermia_async_dep_frontier_cstamp,0,1591.827545,28,314.630138,9.500074,120.593644,0.000000,0,3,5,0,/home/sa2shun/tx-playground/ccbench/results/ermia_ycsbb_three_modes_20260607_163107/logs/ycsb_b_ermia_async_dep_frontier_cstamp_th8_remote0_r3_log8_com1_pend65536.err,/home/sa2shun/tx-playground/ccbench/results/ermia_ycsbb_three_modes_20260607_163107/logs/ycsb_b_ermia_async_dep_frontier_cstamp_th8_remote0_r3_log8_com1_pend65536.out,-1,0,8,8,5372414,138855943,0,0,149977062,103863141,12235019530,55919301,96945718,265359254,37956498525,1336918575,417866068,23150401519,107.453169,1.004779,1.004779,3476.620971,1.004779,290.525848,1991,256,256,256,512,512,965144,210836595,965144,965144,366254,6,0,61,110191625,965144,882127052,1,303647658561,61769216,7721152,7510768,969751,0,async_dep_frontier_cstamp,147366,18275966123,965144,147366,10134155,3498604184,1079155697,15270167518,10134155,0,8,965144,0,0,355,1,359,1991,256,256,256,512,512,965094,0,965139,45,28,1,0,0,1536334845,9168892,116389629,50,353488709745,103707244,969751,3355422487,969751,280397826,0,482055,5231941984,0.000000,8,ycsb,ycsb_b,0.499467,5420.920701,10,95
2100,5,10,10,100,10000,0,50,16,1,10,0,95,100000,0,0,8,0.0000,1371,256,256,256,512,256,0.000000,4,1,0,0,9,0,-nan,0,7528541.000000,270126,1.886875,256.274125,1,1,,,0.000000,270110,270110,67527.500000,0,51490.043771,35788.000000,100,0.000000,0.000000,0.000000,0.000000,0.000000,0.000000,0.000000,0.000000,1.499715,8,8,8,0,67527.500000,494.919977,65536,1,0,261536 kB,ermia_pwal_group_global_prefix,0,2630.307775,0,0.000000,0.000000,322.760405,0.000000,0,3,5,0,/home/sa2shun/tx-playground/ccbench/results/ermia_ycsbb_three_modes_20260607_163107/logs/ycsb_b_ermia_pwal_group_global_prefix_th16_remote0_r3_log8_com1_pend65536.err,/home/sa2shun/tx-playground/ccbench/results/ermia_ycsbb_three_modes_20260607_163107/logs/ycsb_b_ermia_pwal_group_global_prefix_th16_remote0_r3_log8_com1_pend65536.out,-1,0,16,16,4319722,72190344,0,0,53345385,39257790,1558452025,43232997,88589920,116410665,78826374738,178474212,146618180,76525483498,136.538832,0.000000,0.000000,0.000000,0.000000,368.783270,1371,256,256,256,512,256,270126,0,270126,0,342255,1,0,0,30114164,270126,69222204,1,0,0,0,0,0,405088,group_global_prefix,143152,13907975723,270126,143152,0,0,0,0,0,405088,8,270126,0,133682835,0,1,0,1371,256,256,256,512,256,270110,405063,270110,0,0,1,0,74860524546,710472433,0,87180813,16,92452050830,36880504,0,0,0,99612049,0,0,2546499723,0.000000,16,ycsb,ycsb_b,0.000000,9427.639565,10,95
2100,5,10,10,100,10000,0,50,16,1,10,0,95,100000,0,0,21,0.0000,405715,262144,262144,262144,262144,262144,264.760149,4,3,0,61945,9,0,-nan,0,26307563.000000,933699,3.999704,1196.674464,1,1,,,0.000000,868141,933683,217035.250000,0,34619.767105,58359.500000,0,0.000000,0.000000,0.000000,0.000000,0.000000,0.000000,0.000000,0.000000,1.499929,4,8,8,65542,233420.750000,326.384103,65536,7,65551,358756 kB,ermia_async_global_lsn_prefix,0,2221.864308,65542,383174.787648,0.000000,171.264888,0.000000,0,3,5,0,/home/sa2shun/tx-playground/ccbench/results/ermia_ycsbb_three_modes_20260607_163107/logs/ycsb_b_ermia_async_global_lsn_prefix_th16_remote0_r3_log8_com1_pend65536.err,/home/sa2shun/tx-playground/ccbench/results/ermia_ycsbb_three_modes_20260607_163107/logs/ycsb_b_ermia_async_global_lsn_prefix_th16_remote0_r3_log8_com1_pend65536.out,-1,0,16,16,13192474,159105485,0,0,146077979,139617390,5515822376,134553277,213426565,372925441,76963787626,619928259,479474893,69169663487,138.190727,0.000000,1.000017,22678.658805,1.000017,255.135118,405715,262144,262144,262144,262144,262144,933699,247202050,933699,933699,356432303,3,0,61945,105230252,933699,1117314604,1,332649743323223,0,0,0,0,1400458,async_global_lsn_prefix,233438,32323888010,933699,233438,0,0,0,0,0,1400458,8,933699,0,304739288,65551,7,65551,405715,262144,262144,262144,262144,262144,868141,1302058,933683,65542,65542,1,0,41879223227,2074516933,0,159907114,65558,332800485462975,129026333,933699,21174678189,933699,238215322,41879223227,0,9214205455,44853.792162,16,ycsb,ycsb_b,0.000000,9868.665762,10,95
2100,5,10,10,100,10000,0,50,16,1,10,0,95,100000,0,0,23,0.0000,1106,256,256,256,512,512,243.938681,4,6,0,61,9,0,-nan,0,27963585.000000,974580,6.801376,1194.764978,1,1,,,1.004311,974508,974576,243627.000000,0,17599.409206,35822.750000,100,10.500103,64.000263,13755.867665,8.000033,1210.305154,7.787512,37526.602454,10.500103,0.000000,8,8,8,68,243644.000000,0.000000,65536,2,161,458032 kB,ermia_async_dep_frontier_cstamp,0,2217.336564,68,324.355227,9.499836,132.496410,0.000000,0,3,5,0,/home/sa2shun/tx-playground/ccbench/results/ermia_ycsbb_three_modes_20260607_163107/logs/ycsb_b_ermia_async_dep_frontier_cstamp_th16_remote0_r3_log8_com1_pend65536.err,/home/sa2shun/tx-playground/ccbench/results/ermia_ycsbb_three_modes_20260607_163107/logs/ycsb_b_ermia_async_dep_frontier_cstamp_th16_remote0_r3_log8_com1_pend65536.out,-1,0,16,16,12375168,183492581,0,0,166801723,145938509,22590153104,88521127,170580097,397527231,76987360324,2504386048,526643660,50200941076,140.262581,1.004311,1.004311,7384.487203,1.004311,463.081480,1106,256,256,256,512,512,974580,237736784,974580,974580,412000,6,0,61,111854340,974580,1164389273,1,316086763960,62373120,7796640,7589522,978777,0,async_dep_frontier_cstamp,143291,17151961826,974580,143291,10233148,13406138485,1179534356,36572526113,10233148,0,8,974580,0,0,160,2,161,1106,256,256,256,512,512,974508,0,974576,68,68,1,0,0,2160962999,9258312,129127821,72,401527868574,136696545,978777,7196744000,978777,451308096,0,486995,5653978316,0.000000,16,ycsb,ycsb_b,0.499699,5801.475017,10,95
2100,5,10,10,100,10000,0,50,32,1,10,0,95,100000,0,0,18,0.0000,1706,256,256,256,512,512,0.000000,4,3,0,0,9,0,-nan,0,12157398.250000,432959,3.102337,163.903229,1,1,,,0.000000,432928,432928,108232.000000,0,33600.726629,34887.250000,100,0.000000,0.000000,0.000000,0.000000,0.000000,0.000000,0.000000,0.000000,1.499587,8,8,8,0,108232.000000,697.069497,65536,2,0,293872 kB,ermia_pwal_group_global_prefix,0,2919.428977,0,0.000000,0.000000,165.196314,0.000000,0,3,5,0,/home/sa2shun/tx-playground/ccbench/results/ermia_ycsbb_three_modes_20260607_163107/logs/ycsb_b_ermia_pwal_group_global_prefix_th32_remote0_r3_log8_com1_pend65536.err,/home/sa2shun/tx-playground/ccbench/results/ermia_ycsbb_three_modes_20260607_163107/logs/ycsb_b_ermia_pwal_group_global_prefix_th32_remote0_r3_log8_com1_pend65536.out,-1,0,32,32,9106714,162274686,0,0,105131777,69303890,2751087669,150981786,301689525,276505392,156362841959,299803237,289595776,151947361507,147.379957,0.000000,0.000000,0.000000,0.000000,424.324072,1706,256,256,256,512,512,432959,0,432959,0,389425,3,0,0,48629593,432959,70958297,1,0,0,0,0,0,649213,group_global_prefix,139549,14546695378,432959,139549,0,0,0,0,0,649213,8,432959,0,301780903,0,2,0,1706,256,256,256,512,512,432928,649162,432928,0,0,1,0,149120462768,1263902548,0,71518110,31,168605261864,63804910,0,0,0,183701772,0,0,2982437178,0.000000,32,ycsb,ycsb_b,0.000000,6888.991190,10,95
2100,5,10,10,100,10000,0,50,32,1,10,0,95,100000,0,0,145,0.0001,383369,262144,262144,262144,262144,262144,373.010099,4,3,5,63331,9,0,-nan,0,27395509.500000,969033,3.999629,1952.830671,1,1,,,0.000000,903453,969002,225863.250000,0,31797.084226,60568.250000,0,0.000000,0.000000,0.000000,0.000000,0.000000,0.000000,0.000000,0.000000,1.499151,4,8,8,65549,242250.500000,533.843675,65536,701,65567,376148 kB,ermia_async_global_lsn_prefix,0,2925.266700,65554,371374.331049,0.000000,155.042669,0.000000,0,3,5,0,/home/sa2shun/tx-playground/ccbench/results/ermia_ycsbb_three_modes_20260607_163107/logs/ycsb_b_ermia_async_global_lsn_prefix_th32_remote0_r3_log8_com1_pend65536.err,/home/sa2shun/tx-playground/ccbench/results/ermia_ycsbb_three_modes_20260607_163107/logs/ycsb_b_ermia_async_global_lsn_prefix_th32_remote0_r3_log8_com1_pend65536.out,-1,0,32,32,10758182,189013793,0,0,193801098,173737919,5989366021,177597129,342750331,485350452,156377850521,658297820,525688820,147631488956,137.279218,0.000000,1.000032,36792.687948,1.000032,278.490551,383369,262144,262144,262144,262144,262144,969033,361447532,969033,969033,346534903,3,5,63331,109582038,969033,1892296826,1,335519253509434,0,0,0,0,1452680,async_global_lsn_prefix,242273,30811438209,969033,242273,0,0,0,0,0,1452680,8,969033,0,517295589,65567,701,65567,383369,262144,262144,262144,262144,262144,903453,1354246,969002,65549,65554,1,0,100681900817,2834589283,0,150236656,65580,335803757015495,133023837,969033,35652188207,969033,269857901,100681900817,0,10517330387,103902.675967,32,ycsb,ycsb_b,0.000000,10853.775727,10,95
2100,5,10,10,100,10000,0,50,32,1,10,0,95,100000,0,0,48,0.0001,1696,256,256,256,512,512,250.352790,4,6,0,58,9,0,-nan,0,26412388.500000,916886,6.411133,1385.495518,1,1,,,1.003040,916811,916869,229202.750000,0,18359.438055,35753.000000,100,10.500576,64.001187,44388.283385,8.000148,1252.326197,7.771628,95432.718872,10.500576,0.000000,8,8,8,58,229217.250000,0.000000,65536,3,142,443452 kB,ermia_async_dep_frontier_cstamp,0,2556.350859,58,325.628437,9.499790,135.057280,0.000000,0,3,5,0,/home/sa2shun/tx-playground/ccbench/results/ermia_ycsbb_three_modes_20260607_163107/logs/ycsb_b_ermia_async_dep_frontier_cstamp_th32_remote0_r3_log8_com1_pend65536.err,/home/sa2shun/tx-playground/ccbench/results/ermia_ycsbb_three_modes_20260607_163107/logs/ycsb_b_ermia_async_dep_frontier_cstamp_th32_remote0_r3_log8_com1_pend65536.out,-1,0,32,32,26155176,180001209,0,0,181536681,141539274,47520430262,88871587,223736237,435297215,156969411542,5158875310,530976490,102481992101,138.784037,1.003040,1.003040,9203.546802,1.003040,509.157511,1696,256,256,256,512,512,916886,229540712,916886,916886,505100,6,0,58,105649554,916886,1270317890,1,298539732595,58680704,7335088,7125565,919656,0,async_dep_frontier_cstamp,143012,16833199610,916886,143012,9627653,40698240999,1148219068,87499301519,9627653,0,8,916886,0,0,141,3,142,1696,256,256,256,512,512,916811,0,916869,58,58,1,0,0,2343838856,8710063,123829833,75,463119488096,127246781,919656,8438446753,919656,466830738,0,458277,5400742742,0.000000,32,ycsb,ycsb_b,0.499828,5890.419179,10,95
2100,5,10,10,100,10000,0,50,1,1,10,0,95,100000,0,0,0,0.0000,1010,128,128,128,256,256,0.000000,4,1,0,0,9,0,-nan,0,560220.500000,20625,0.999952,200.156371,1,1,,,0.000000,20624,20624,5156.000000,0,79388.309154,5156.250000,100,0.000000,0.000000,0.000000,0.000000,0.000000,0.000000,0.000000,0.000000,1.506788,8,8,8,0,5156.000000,141.432263,65536,1,0,218468 kB,ermia_pwal_group_global_prefix,0,1276.584271,0,0.000000,0.000000,270.870685,0.000000,0,4,5,0,/home/sa2shun/tx-playground/ccbench/results/ermia_ycsbb_three_modes_20260607_163107/logs/ycsb_b_ermia_pwal_group_global_prefix_th1_remote0_r4_log8_com1_pend65536.err,/home/sa2shun/tx-playground/ccbench/results/ermia_ycsbb_three_modes_20260607_163107/logs/ycsb_b_ermia_pwal_group_global_prefix_th1_remote0_r4_log8_com1_pend65536.out,-1,0,1,1,0,1128888,0,0,1533959,615430,127948173,625254,636477,1532485,4976158211,10233717,7148481,4824755347,109.405741,0.000000,0.000000,0.000000,0.000000,260.537820,1010,128,128,128,256,256,20625,0,20625,0,317296,1,0,0,2240882,20625,4128025,1,0,0,0,0,0,31076,group_global_prefix,20625,1637304488,20625,20625,0,0,0,0,0,31076,8,20625,0,2916899,0,1,0,1010,128,128,128,256,256,20624,31075,20624,0,0,1,0,4745457886,26328274,0,5586437,1,6544246536,2256384,0,0,0,5373332,0,0,114894811,0.000000,1,ycsb,ycsb_b,0.000000,5570.927609,10,95
2100,5,10,10,100,10000,0,50,1,1,10,0,95,100000,0,0,0,0.0000,1606363,1048576,1048576,1048576,1048576,1048576,130.232644,4,3,0,53022,9,0,-nan,0,7546576.500000,271906,3.999897,349.608485,1,1,,,0.000000,206369,271905,51592.250000,0,20819.675034,16994.500000,0,0.000000,0.000000,0.000000,0.000000,0.000000,0.000000,0.000000,0.000000,1.500263,4,8,8,65536,67976.250000,76.081955,65536,2,65536,259124 kB,ermia_async_global_lsn_prefix,0,992.428889,65536,1693656.103759,0.000000,92.528383,0.000000,0,4,5,0,/home/sa2shun/tx-playground/ccbench/results/ermia_ycsbb_three_modes_20260607_163107/logs/ycsb_b_ermia_async_global_lsn_prefix_th1_remote0_r4_log8_com1_pend65536.err,/home/sa2shun/tx-playground/ccbench/results/ermia_ycsbb_three_modes_20260607_163107/logs/ycsb_b_ermia_async_global_lsn_prefix_th1_remote0_r4_log8_com1_pend65536.out,-1,0,1,1,0,10552869,0,0,20399960,8239048,1323385298,8112073,8334822,20374433,4738279422,117760709,73753333,3147366877,52.200919,0.000000,1.000004,193.583332,1.000004,101.124683,1606363,1048576,1048576,1048576,1048576,1048576,271906,35410907,271906,271906,1285482093,3,0,53022,30186306,271906,95060295,1,349518116476572,0,0,0,0,407929,async_global_lsn_prefix,67978,5660973740,271906,67978,0,0,0,0,0,407929,8,271906,0,20687064,65536,2,65536,1606363,1048576,1048576,1048576,1048576,1048576,206369,309541,271905,65536,65536,1,0,2639804922,269846377,0,25158930,65537,349530294094920,14193691,271906,52636276,271906,27496307,2639804922,0,696544917,9708.556010,1,ycsb,ycsb_b,0.000000,2561.721620,10,95
2100,5,10,10,100,10000,0,50,1,1,10,0,95,100000,0,0,0,0.0000,734,128,128,256,256,256,109.116818,4,7,0,11,9,0,-nan,0,8266568.000000,290110,7.997298,359.288377,1,1,,,1.000000,290101,290110,72525.250000,0,10846.630575,9069.000000,100,10.498742,64.000000,899.624501,8.000000,458.763345,0.950340,5038.584926,10.498742,0.000000,8,8,8,9,72527.500000,0.000000,65536,1,44,256176 kB,ermia_async_dep_frontier_cstamp,0,877.258940,9,185.290543,9.498742,48.716239,0.000000,0,4,5,0,/home/sa2shun/tx-playground/ccbench/results/ermia_ycsbb_three_modes_20260607_163107/logs/ycsb_b_ermia_async_dep_frontier_cstamp_th1_remote0_r4_log8_com1_pend65536.err,/home/sa2shun/tx-playground/ccbench/results/ermia_ycsbb_three_modes_20260607_163107/logs/ycsb_b_ermia_async_dep_frontier_cstamp_th1_remote0_r4_log8_com1_pend65536.out,-1,0,1,1,0,12238361,0,0,22251850,8725561,2195558608,8951724,8977115,21107549,4714645120,210240206,80393986,2146200160,68.054610,1.000000,1.000000,249.000565,1.000000,153.438840,734,128,128,256,256,256,290110,31655880,290110,290110,206454,7,0,11,33066272,290110,104233151,1,53752971868,18567040,2320880,275703,290110,0,async_dep_frontier_cstamp,36276,3146715996,290110,36276,3045790,260990064,133091834,1461743873,3045790,0,8,290110,0,0,44,1,44,734,128,128,256,256,256,290101,0,290110,9,9,1,0,0,254501591,2755680,14133068,9,59894632116,19743323,290110,72237554,290110,44514142,0,145295,598099772,0.000000,1,ycsb,ycsb_b,0.500827,2061.631009,10,95
2100,5,10,10,100,10000,0,50,2,1,10,0,95,100000,0,0,0,0.0000,1810,128,128,128,256,256,0.000000,4,1,0,0,9,0,-nan,0,1097513.750000,40572,0.999951,253.176263,1,1,,,0.000000,40570,40570,10142.500000,0,81906.057333,10143.000000,100,0.000000,0.000000,0.000000,0.000000,0.000000,0.000000,0.000000,0.000000,1.499310,8,8,8,0,10142.500000,188.215381,65536,1,0,221836 kB,ermia_pwal_group_global_prefix,0,1396.667217,0,0.000000,0.000000,413.397042,0.000000,0,4,5,0,/home/sa2shun/tx-playground/ccbench/results/ermia_ycsbb_three_modes_20260607_163107/logs/ycsb_b_ermia_pwal_group_global_prefix_th2_remote0_r4_log8_com1_pend65536.err,/home/sa2shun/tx-playground/ccbench/results/ermia_ycsbb_three_modes_20260607_163107/logs/ycsb_b_ermia_pwal_group_global_prefix_th2_remote0_r4_log8_com1_pend65536.out,-1,0,2,2,0,4840450,0,0,5986119,2195464,241698242,1298780,2161291,6738239,9937641836,19995885,14875495,9637851871,101.763347,0.000000,0.000000,0.000000,0.000000,257.474242,1810,128,128,128,256,256,40572,0,40572,0,324499,1,0,0,4390055,40572,10271361,1,0,0,0,0,0,60827,group_global_prefix,40572,3322928746,40572,40572,0,0,0,0,0,60827,8,40572,0,7635898,0,1,0,1810,128,128,128,256,256,40570,60824,40570,0,0,1,0,9474314719,56662789,0,16771518,2,13165595790,4128539,0,0,0,10445730,0,0,262436490,0.000000,2,ycsb,ycsb_b,0.000000,6468.732807,10,95
2100,5,10,10,100,10000,0,50,2,1,10,0,95,100000,0,0,0,0.0000,970149,524288,524288,524288,524288,524288,161.665520,4,3,0,57290,9,0,-nan,0,11559396.000000,415840,3.999913,515.787059,1,1,,,0.000000,350304,415839,87576.000000,0,22906.111060,25990.500000,0,0.000000,0.000000,0.000000,0.000000,0.000000,0.000000,0.000000,0.000000,1.499056,4,8,8,65535,103959.750000,112.950435,65536,5,65537,270368 kB,ermia_async_global_lsn_prefix,0,1249.450056,65535,973644.450612,0.000000,111.898855,0.000000,0,4,5,0,/home/sa2shun/tx-playground/ccbench/results/ermia_ycsbb_three_modes_20260607_163107/logs/ycsb_b_ermia_async_global_lsn_prefix_th2_remote0_r4_log8_com1_pend65536.err,/home/sa2shun/tx-playground/ccbench/results/ermia_ycsbb_three_modes_20260607_163107/logs/ycsb_b_ermia_async_global_lsn_prefix_th2_remote0_r4_log8_com1_pend65536.out,-1,0,2,2,0,31344813,0,0,51614738,43707267,2121730395,14866603,25689147,89197257,9308981959,195778227,133349677,6601703835,66.727467,0.000000,1.000002,1061.081541,1.000002,105.469920,973831,524288,524288,524288,524288,524288,415840,67226828,415840,415840,820255219,3,0,57290,46237584,415840,214484375,1,341071545627163,0,0,0,0,623366,async_global_lsn_prefix,103962,9525254317,415840,103962,0,0,0,0,0,623366,8,415840,0,46969196,65537,5,65537,970149,524288,524288,524288,524288,524288,350304,525135,415839,65535,65535,1,0,5193661182,519570062,0,46531908,65536,341094930318170,27747883,415840,441239087,415840,43858506,5193661182,0,2064486481,12489.596171,2,ycsb,ycsb_b,0.000000,4964.629294,10,95
2100,5,10,10,100,10000,0,50,2,1,10,0,95,100000,0,0,1,0.0000,805,128,256,256,256,256,125.658420,4,7,0,18,9,0,-nan,0,12404223.750000,434549,7.899580,415.774278,1,1,,,1.000854,434527,434548,108631.750000,0,11414.581782,13752.250000,100,10.499033,64.000147,1436.132680,8.000018,621.885417,1.918718,7523.492977,10.499033,0.000000,8,8,8,21,108637.000000,0.000000,65536,1,53,268640 kB,ermia_async_dep_frontier_cstamp,0,1023.050991,21,211.598360,9.499013,52.343044,0.000000,0,4,5,0,/home/sa2shun/tx-playground/ccbench/results/ermia_ycsbb_three_modes_20260607_163107/logs/ycsb_b_ermia_async_dep_frontier_cstamp_th2_remote0_r4_log8_com1_pend65536.err,/home/sa2shun/tx-playground/ccbench/results/ermia_ycsbb_three_modes_20260607_163107/logs/ycsb_b_ermia_async_dep_frontier_cstamp_th2_remote0_r4_log8_com1_pend65536.out,-1,0,2,2,817152,40002989,0,0,61700213,35270208,3779553801,14762672,18374479,80572761,9358909577,399865308,146344445,4781645549,64.343184,1.000854,1.000854,524.026478,1.000854,207.546204,805,128,256,256,256,256,434549,54604615,434549,434549,237815,7,0,18,49616895,434549,180673881,1,91945200677,27811136,3476392,833775,434919,0,async_dep_frontier_cstamp,55009,4960183684,434549,55009,4562334,624068584,270239064,3269318826,4562334,0,8,434549,0,0,53,1,53,805,128,256,256,256,256,434527,0,434548,21,21,1,0,0,444564762,4127777,22745565,22,103342557362,27960202,434919,227714658,434919,90188788,0,217486,1225094056,0.000000,2,ycsb,ycsb_b,0.500488,2819.237589,10,95
2100,5,10,10,100,10000,0,50,4,1,10,0,95,100000,0,0,2,0.0000,3718,128,128,256,256,256,0.000000,4,1,0,0,9,0,-nan,0,2164882.500000,79549,0.999950,251.813942,1,1,,,0.000000,79545,79545,19886.250000,0,85444.342561,19887.250000,100,0.000000,0.000000,0.000000,0.000000,0.000000,0.000000,0.000000,0.000000,1.499830,8,8,8,0,19886.250000,176.277352,65536,1,0,228100 kB,ermia_pwal_group_global_prefix,0,1370.161355,0,0.000000,0.000000,386.748821,0.000000,0,4,5,0,/home/sa2shun/tx-playground/ccbench/results/ermia_ycsbb_three_modes_20260607_163107/logs/ycsb_b_ermia_pwal_group_global_prefix_th4_remote0_r4_log8_com1_pend65536.err,/home/sa2shun/tx-playground/ccbench/results/ermia_ycsbb_three_modes_20260607_163107/logs/ycsb_b_ermia_pwal_group_global_prefix_th4_remote0_r4_log8_com1_pend65536.out,-1,0,4,4,1050953,9322339,0,0,10812246,6488196,435582206,3213440,5651487,15611758,19868235314,37909203,29490800,19313102686,82.568534,0.000000,0.000000,0.000000,0.000000,249.868276,3718,128,128,256,256,256,79549,0,79549,0,335064,1,0,0,8659530,79549,20030540,1,0,0,0,0,0,119304,group_global_prefix,79549,6796670229,79549,79549,0,0,0,0,0,119304,8,79549,0,14021982,0,1,0,3718,128,128,256,256,256,79545,119297,79545,0,0,1,0,18987615725,108989485,0,30763935,4,26654012102,6567914,0,0,0,19875772,0,0,669476520,0.000000,4,ycsb,ycsb_b,0.000000,8416.324345,10,95
2100,5,10,10,100,10000,0,50,4,1,10,0,95,100000,0,0,1,0.0000,618526,524288,524288,524288,524288,524288,153.463270,4,3,0,60479,9,0,-nan,0,18057304.500000,647611,3.999846,504.963621,1,1,,,0.000000,582076,647607,145519.000000,0,27168.015673,40477.000000,0,0.000000,0.000000,0.000000,0.000000,0.000000,0.000000,0.000000,0.000000,1.499749,4,8,8,65531,161901.750000,139.091994,65536,4,65539,309420 kB,ermia_async_global_lsn_prefix,0,1400.572006,65535,579390.835490,0.000000,122.850723,0.000000,0,4,5,0,/home/sa2shun/tx-playground/ccbench/results/ermia_ycsbb_three_modes_20260607_163107/logs/ycsb_b_ermia_async_global_lsn_prefix_th4_remote0_r4_log8_com1_pend65536.err,/home/sa2shun/tx-playground/ccbench/results/ermia_ycsbb_three_modes_20260607_163107/logs/ycsb_b_ermia_async_global_lsn_prefix_th4_remote0_r4_log8_com1_pend65536.out,-1,0,4,4,1050435,67970737,0,0,82088579,62877196,3330778474,34879741,56765315,146545756,18779353497,320763925,246324661,14429308678,66.317717,0.000000,1.000006,3905.574693,1.000006,120.903299,618526,524288,524288,524288,524288,524288,647611,99383888,647611,647611,520830118,3,0,60479,72229218,647611,327017976,1,337249499958482,0,0,0,0,971248,async_global_lsn_prefix,161908,17594197126,647611,161908,0,0,0,0,0,971248,8,647611,0,90076949,65539,4,65539,618526,524288,524288,524288,524288,524288,582076,872742,647607,65531,65535,1,0,10024038642,907020235,0,79558988,65535,337295313642703,42947818,647611,2529277510,647611,78297823,10024038642,0,4017828624,15478.582909,4,ycsb,ycsb_b,0.000000,6204.115496,10,95
2100,5,10,10,100,10000,0,50,4,1,10,0,95,100000,0,0,3,0.0000,2009,128,256,256,512,512,145.910990,4,7,0,35,9,0,-nan,0,19135767.500000,669094,7.336937,508.844842,1,1,,,1.002342,669065,669092,167266.250000,0,13587.279935,22798.750000,100,10.498700,64.000191,2208.052673,8.000024,891.709297,3.868936,10521.845975,10.498700,0.000000,8,8,8,27,167273.000000,0.000000,65536,1,200,355148 kB,ermia_async_dep_frontier_cstamp,0,1197.618958,28,251.836916,9.498641,70.544891,0.000000,0,4,5,0,/home/sa2shun/tx-playground/ccbench/results/ermia_ycsbb_three_modes_20260607_163107/logs/ycsb_b_ermia_async_dep_frontier_cstamp_th4_remote0_r4_log8_com1_pend65536.err,/home/sa2shun/tx-playground/ccbench/results/ermia_ycsbb_three_modes_20260607_163107/logs/ycsb_b_ermia_async_dep_frontier_cstamp_th4_remote0_r4_log8_com1_pend65536.out,-1,0,4,4,2101099,82858868,0,0,98834143,71896002,6941181892,28657098,48917363,169806941,18681598206,753122253,263990617,10220231930,96.997009,1.002342,1.002342,1104.458460,1.002342,252.697347,2009,128,256,256,512,512,669094,97627876,669094,669094,286161,7,0,35,76543070,669094,340464013,1,168495266246,42822016,5352752,2588674,670659,0,async_dep_frontier_cstamp,91195,9091140306,669094,91195,7024596,1477390379,596635557,7040082967,7024596,0,8,669094,0,0,199,1,200,2009,128,256,256,512,512,669065,0,669092,27,28,1,0,0,801317264,6355465,47201022,29,191468872565,64899923,670659,738984320,670659,169077773,0,335172,2508784919,0.000000,4,ycsb,ycsb_b,0.500936,3749.536564,10,95
2100,5,10,10,100,10000,0,50,8,1,10,0,95,100000,0,0,0,0.0000,1212,128,256,256,256,256,0.000000,4,1,0,0,9,0,-nan,0,4212823.250000,152775,0.999948,428.253399,1,1,,,0.000000,152767,152767,38191.750000,0,92775.331930,38193.750000,100,0.000000,0.000000,0.000000,0.000000,0.000000,0.000000,0.000000,0.000000,1.500887,8,8,8,0,38191.750000,329.845248,65536,1,0,241728 kB,ermia_pwal_group_global_prefix,0,1662.951861,0,0.000000,0.000000,379.612024,0.000000,0,4,5,0,/home/sa2shun/tx-playground/ccbench/results/ermia_ycsbb_three_modes_20260607_163107/logs/ycsb_b_ermia_pwal_group_global_prefix_th8_remote0_r4_log8_com1_pend65536.err,/home/sa2shun/tx-playground/ccbench/results/ermia_ycsbb_three_modes_20260607_163107/logs/ycsb_b_ermia_pwal_group_global_prefix_th8_remote0_r4_log8_com1_pend65536.out,-1,0,8,8,0,25159350,0,0,28147949,17412176,852222462,10218643,22887791,47732207,39628617088,87727677,69262478,38467846355,116.479645,0.000000,0.000000,0.000000,0.000000,292.511086,1212,128,256,256,256,256,152775,0,152775,0,354167,1,0,0,16851293,152775,65422987,1,0,0,0,0,0,229286,group_global_prefix,152775,14173009133,152775,152775,0,0,0,0,0,229286,8,152775,0,50389469,0,1,0,1212,128,256,256,256,256,152767,229276,152767,0,0,1,0,37742992460,254044167,0,57992190,8,54107921026,17794246,0,0,0,44686041,0,0,1701590333,0.000000,8,ycsb,ycsb_b,0.000000,11138.467948,10,95
2100,5,10,10,100,10000,0,50,8,1,10,0,95,100000,0,0,12,0.0000,362178,262144,262144,262144,262144,262144,142.146302,4,3,0,62233,9,0,-nan,0,29693644.500000,1056950,3.999788,519.797457,1,1,,,0.000000,991412,1056944,247853.000000,0,30076.373699,66062.500000,0,0.000000,0.000000,0.000000,0.000000,0.000000,0.000000,0.000000,0.000000,1.500028,4,8,8,65532,264236.000000,148.447012,65536,7,65543,402504 kB,ermia_async_global_lsn_prefix,0,1472.314300,65533,334263.863844,0.000000,124.882621,0.000000,0,4,5,0,/home/sa2shun/tx-playground/ccbench/results/ermia_ycsbb_three_modes_20260607_163107/logs/ycsb_b_ermia_async_global_lsn_prefix_th8_remote0_r4_log8_com1_pend65536.err,/home/sa2shun/tx-playground/ccbench/results/ermia_ycsbb_three_modes_20260607_163107/logs/ycsb_b_ermia_async_global_lsn_prefix_th8_remote0_r4_log8_com1_pend65536.out,-1,0,8,8,6539899,128094933,0,0,131912090,111372532,5579335256,101469128,129660950,264040904,37777906193,554994606,409118908,30361366987,75.234078,0.000000,1.000006,8797.915030,1.000006,116.893734,362178,262144,262144,262144,262144,262144,1056950,150240681,1056950,1056950,313620882,3,0,62233,118774578,1056950,549396803,1,331393205781205,0,0,0,0,1585446,async_global_lsn_prefix,264250,31789042723,1056950,264250,0,0,0,0,0,1585446,8,1056950,0,156900179,65543,7,65543,362178,262144,262144,262144,262144,262144,991412,1487271,1056944,65532,65533,1,0,17686998710,1556153766,0,131993937,65538,331481591525156,79518207,1056950,9298903503,1056950,123550131,17686998710,0,9176046601,16734.092544,8,ycsb,ycsb_b,0.000000,8681.677176,10,95
2100,5,10,10,100,10000,0,50,8,1,10,0,95,100000,0,0,21,0.0000,1046,256,256,256,512,512,188.166275,4,6,0,67,9,0,-nan,0,29059469.000000,1018075,6.927875,716.121115,1,1,,,1.005424,1018016,1018072,254504.000000,0,18895.522677,36738.250000,100,10.500723,64.000189,3317.274683,8.000024,1110.891681,7.790869,14395.301111,10.500723,0.000000,8,8,8,56,254518.000000,0.000000,65536,1,161,480684 kB,ermia_async_dep_frontier_cstamp,0,1542.992670,56,326.118784,9.500582,133.004744,0.000000,0,4,5,0,/home/sa2shun/tx-playground/ccbench/results/ermia_ycsbb_three_modes_20260607_163107/logs/ycsb_b_ermia_async_dep_frontier_cstamp_th8_remote0_r4_log8_com1_pend65536.err,/home/sa2shun/tx-playground/ccbench/results/ermia_ycsbb_three_modes_20260607_163107/logs/ycsb_b_ermia_async_dep_frontier_cstamp_th8_remote0_r4_log8_com1_pend65536.out,-1,0,8,8,11910888,157366879,0,0,145983687,122364165,12788240135,64666661,112263243,306291177,37739853908,1341403941,452032621,22237330511,119.388772,1.005424,1.005424,2808.581829,1.005424,305.348401,1046,256,256,256,512,512,1018075,191566816,1018075,1018075,375181,6,0,67,116237876,1018075,729062856,1,331994140331,65156800,8144600,7931666,1023594,0,async_dep_frontier_cstamp,146953,19237002563,1018075,146953,10690492,3377224471,1130967715,14655452993,10690492,0,8,1018075,0,0,161,1,161,1046,256,256,256,512,512,1018016,0,1018072,56,56,1,0,0,1570877634,9672277,135408406,59,381963331150,121546366,1023594,2859338520,1023594,310866657,0,507982,5649875822,0.000000,8,ycsb,ycsb_b,0.498965,5549.583745,10,95
2100,5,10,10,100,10000,0,50,16,1,10,0,95,100000,0,0,6,0.0000,1415,256,256,256,512,256,0.000000,4,1,0,0,9,0,-nan,0,7457745.750000,267204,1.890138,234.434080,1,1,,,0.000000,267188,267188,66797.000000,0,53626.057439,35339.750000,100,0.000000,0.000000,0.000000,0.000000,0.000000,0.000000,0.000000,0.000000,1.500880,8,8,8,0,66797.000000,473.435379,65536,1,0,258656 kB,ermia_pwal_group_global_prefix,0,2640.546933,0,0.000000,0.000000,276.883928,0.000000,0,4,5,0,/home/sa2shun/tx-playground/ccbench/results/ermia_ycsbb_three_modes_20260607_163107/logs/ycsb_b_ermia_pwal_group_global_prefix_th16_remote0_r4_log8_com1_pend65536.err,/home/sa2shun/tx-playground/ccbench/results/ermia_ycsbb_three_modes_20260607_163107/logs/ycsb_b_ermia_pwal_group_global_prefix_th16_remote0_r4_log8_com1_pend65536.out,-1,0,16,16,4202245,73030969,0,0,53490859,39912203,1551179430,47795992,92714608,122607909,78778722411,171674402,145027936,76477085858,139.221907,0.000000,0.000000,0.000000,0.000000,394.176007,1415,256,256,256,512,256,267204,0,267204,0,347183,1,0,0,29830983,267204,62637973,1,0,0,0,0,0,401017,group_global_prefix,141359,14328239035,267204,141359,0,0,0,0,0,401017,8,267204,0,126496252,0,1,0,1415,256,256,256,512,256,267188,400990,267188,0,0,1,0,74788972386,705522454,0,73980063,16,92768828449,37198423,0,0,0,105319099,0,0,2540462764,0.000000,16,ycsb,ycsb_b,0.000000,9508.146938,10,95
2100,5,10,10,100,10000,0,50,16,1,10,0,95,100000,0,0,9,0.0000,400974,262144,262144,262144,262144,262144,260.055557,4,3,0,62042,9,0,-nan,0,25776517.500000,914562,3.999694,1097.403321,1,1,,,0.000000,849003,914546,212250.750000,0,36024.499918,57163.500000,0,0.000000,0.000000,0.000000,0.000000,0.000000,0.000000,0.000000,0.000000,1.500510,4,8,8,65543,228636.500000,313.672057,65536,7,65551,346348 kB,ermia_async_global_lsn_prefix,0,2102.130434,65543,393282.221176,0.000000,140.054036,0.000000,0,4,5,0,/home/sa2shun/tx-playground/ccbench/results/ermia_ycsbb_three_modes_20260607_163107/logs/ycsb_b_ermia_async_global_lsn_prefix_th16_remote0_r4_log8_com1_pend65536.err,/home/sa2shun/tx-playground/ccbench/results/ermia_ycsbb_three_modes_20260607_163107/logs/ycsb_b_ermia_async_global_lsn_prefix_th16_remote0_r4_log8_com1_pend65536.out,-1,0,16,16,7120930,167013592,0,0,160163649,145515989,5420671661,129413496,202625697,372619365,77042923914,599014498,471671364,69367093673,133.675848,0.000000,1.000017,21711.162434,1.000017,242.371265,400974,262144,262144,262144,262144,262144,914562,237832769,914562,914562,365258055,3,0,62042,103106070,914562,1003625818,1,333897785625269,0,0,0,0,1372285,async_global_lsn_prefix,228654,32946062302,914562,228654,0,0,0,0,0,1372285,8,914562,0,286867525,65551,7,65551,400974,262144,262144,262144,262144,262144,849003,1273995,914546,65543,65543,1,0,43865028836,1922494980,0,128085858,65559,334051137535493,122252712,914562,19855856759,914562,221659671,43865028836,0,8897114158,47963.720618,16,ycsb,ycsb_b,0.000000,9728.449042,10,95
2100,5,10,10,100,10000,0,50,16,1,10,0,95,100000,0,0,27,0.0000,1051,256,256,256,512,512,228.323038,4,7,0,65,9,0,-nan,0,30265407.000000,1052815,7.112963,1111.742150,1,1,,,1.004640,1052757,1052811,263189.250000,0,17131.221653,37003.250000,100,10.499643,64.000243,12009.640485,8.000030,1236.932086,7.801101,33847.823528,10.499643,0.000000,8,8,8,54,263202.750000,0.000000,65536,2,148,460328 kB,ermia_async_dep_frontier_cstamp,0,2130.998438,54,318.931686,9.499388,100.691744,0.000000,0,4,5,0,/home/sa2shun/tx-playground/ccbench/results/ermia_ycsbb_three_modes_20260607_163107/logs/ycsb_b_ermia_async_dep_frontier_cstamp_th16_remote0_r4_log8_com1_pend65536.err,/home/sa2shun/tx-playground/ccbench/results/ermia_ycsbb_three_modes_20260607_163107/logs/ycsb_b_ermia_async_dep_frontier_cstamp_th16_remote0_r4_log8_com1_pend65536.out,-1,0,16,16,17628252,198658912,0,0,181488366,155295063,22784576643,90157223,174009816,418781892,76922682011,2542887668,570867070,49788331106,138.199791,1.004640,1.004640,7092.138144,1.004640,456.110003,1051,256,256,256,512,512,1052815,240381006,1052815,1052815,399781,7,0,65,121061628,1052815,1170454365,1,335757564527,67380160,8422520,8213085,1057696,0,async_dep_frontier_cstamp,148013,18035938600,1052815,148013,11054140,12643881609,1302255706,35635360936,11054140,0,8,1052815,0,0,146,2,148,1051,256,256,256,512,512,1052757,0,1052811,54,54,1,0,0,2243538596,10001060,106009376,58,420895707879,145498260,1057696,7466681051,1057696,480197628,0,526550,5667946219,0.000000,16,ycsb,ycsb_b,0.500137,5383.631268,10,95
2100,5,10,10,100,10000,0,50,32,1,10,0,95,100000,0,0,22,0.0001,1610,256,256,256,512,512,0.000000,4,3,0,0,9,0,-nan,0,12280057.250000,436879,3.119110,160.708623,1,1,,,0.000000,436847,436847,109211.750000,0,33447.838960,35013.750000,100,0.000000,0.000000,0.000000,0.000000,0.000000,0.000000,0.000000,0.000000,1.500328,8,8,8,0,109211.750000,673.044315,65536,1,0,295684 kB,ermia_pwal_group_global_prefix,0,2938.163380,0,0.000000,0.000000,167.748063,0.000000,0,4,5,0,/home/sa2shun/tx-playground/ccbench/results/ermia_ycsbb_three_modes_20260607_163107/logs/ycsb_b_ermia_pwal_group_global_prefix_th32_remote0_r4_log8_com1_pend65536.err,/home/sa2shun/tx-playground/ccbench/results/ermia_ycsbb_three_modes_20260607_163107/logs/ycsb_b_ermia_pwal_group_global_prefix_th32_remote0_r4_log8_com1_pend65536.out,-1,0,32,32,12492786,153694935,0,0,102788727,65260219,2721053769,146912201,294709571,278643715,156631972416,300481257,275998798,152279936438,148.833784,0.000000,0.000000,0.000000,0.000000,451.291441,1610,256,256,256,512,512,436879,0,436879,0,386501,3,0,0,49120229,436879,70205080,1,0,0,0,0,0,655414,group_global_prefix,140055,14611588106,436879,140055,0,0,0,0,0,655414,8,436879,0,294017390,0,1,0,1610,256,256,256,512,512,436847,655363,436847,0,0,1,0,149324000907,1283527858,0,73280238,32,168854335953,65017592,0,0,0,197145312,0,0,2935553470,0.000000,32,ycsb,ycsb_b,0.000000,6719.866383,10,95
2100,5,10,10,100,10000,0,50,32,1,10,0,95,100000,0,0,226,0.0002,395624,262144,262144,262144,262144,262144,387.768022,4,3,5,63330,9,0,-nan,0,26731721.000000,945888,3.999645,1940.837686,1,1,,,0.000000,880325,945856,220081.250000,0,32101.365900,59121.250000,0,0.000000,0.000000,0.000000,0.000000,0.000000,0.000000,0.000000,0.000000,1.499081,4,8,8,65531,236464.000000,561.353353,65536,723,65567,358952 kB,ermia_async_global_lsn_prefix,0,3035.504752,65543,380892.414586,0.000000,152.833274,0.000000,0,4,5,0,/home/sa2shun/tx-playground/ccbench/results/ermia_ycsbb_three_modes_20260607_163107/logs/ycsb_b_ermia_async_global_lsn_prefix_th32_remote0_r4_log8_com1_pend65536.err,/home/sa2shun/tx-playground/ccbench/results/ermia_ycsbb_three_modes_20260607_163107/logs/ycsb_b_ermia_async_global_lsn_prefix_th32_remote0_r4_log8_com1_pend65536.out,-1,0,32,32,17184543,178020719,0,0,187991892,151782470,5848774315,174663199,336610085,478158990,156445831827,647508711,499540014,147925596889,141.964517,0.000000,1.000034,36297.499793,1.000034,278.443668,395624,262144,262144,262144,262144,262144,945888,366772710,945888,945888,354793394,3,5,63330,106926884,945888,1835752970,1,335309114870722,0,0,0,0,1417915,async_global_lsn_prefix,236485,30363269545,945888,236485,0,0,0,0,0,1417915,8,945888,0,530959437,65567,723,65567,395624,262144,262144,262144,262144,262144,880325,1319518,945856,65531,65543,1,0,102025323017,2871150383,0,144558269,65563,335594814225250,134277990,945888,34332207964,945888,263367614,102025323017,0,10806391612,107865.597953,32,ycsb,ycsb_b,0.000000,11424.986057,10,95
2100,5,10,10,100,10000,0,50,32,1,10,0,95,100000,0,0,53,0.0001,1567,256,256,256,512,512,233.674233,4,6,0,55,9,0,-nan,0,25996675.000000,902565,6.259493,1298.944696,1,1,,,1.002799,902485,902550,225621.250000,0,18289.940778,36047.250000,100,10.500252,64.001064,48306.462816,8.000133,1298.328954,7.766344,95256.742539,10.500252,0.000000,8,8,8,65,225637.500000,0.000000,65536,2,115,455772 kB,ermia_async_dep_frontier_cstamp,0,2523.484509,63,316.881006,9.499674,125.254059,0.000000,0,4,5,0,/home/sa2shun/tx-playground/ccbench/results/ermia_ycsbb_three_modes_20260607_163107/logs/ycsb_b_ermia_async_dep_frontier_cstamp_th32_remote0_r4_log8_com1_pend65536.err,/home/sa2shun/tx-playground/ccbench/results/ermia_ycsbb_three_modes_20260607_163107/logs/ycsb_b_ermia_async_dep_frontier_cstamp_th32_remote0_r4_log8_com1_pend65536.out,-1,0,32,32,26971055,179033663,0,0,177001106,136098628,50007866387,84193051,208872073,425724874,157076692957,5366408971,520410391,99944112758,139.025048,1.002799,1.002799,8404.079827,1.002799,500.602833,1567,256,256,256,512,512,902565,210902679,902565,902565,498964,6,0,55,103986700,902565,1172362535,1,285980354940,57764160,7220520,7009514,905076,0,async_dep_frontier_cstamp,144189,16507586049,902565,144189,9477002,43598998015,1171806797,85973972979,9477002,0,8,902565,0,0,115,2,115,1567,256,256,256,512,512,902485,0,902550,65,63,1,0,0,2277570944,8573931,113048051,80,450347888590,125477057,905076,7585102248,905076,451819087,0,451201,5178887209,0.000000,32,ycsb,ycsb_b,0.499918,5738.061281,10,95
