FLAGS_clocks_per_us,FLAGS_extime,FLAGS_gc_inter_us,FLAGS_max_ope,FLAGS_pre_reserve_tmt_element,FLAGS_pre_reserve_version,FLAGS_rmw,FLAGS_rratio,FLAGS_thread_num,FLAGS_ycsb,FLAGS_ycsb_max_ope,FLAGS_ycsb_rmw,FLAGS_ycsb_rratio,FLAGS_ycsb_tuple_num,FLAGS_ycsb_zipf_skew,FLAGS_zipf_skew,abort_counts_,abort_rate,ack_latency_max_us,ack_latency_p50_us,ack_latency_p90_us,ack_latency_p95_us,ack_latency_p999_us,ack_latency_p99_us,ack_process_ns_per_tx,actual_extime,avg_batch_size,avg_ready_queue_len,avg_waitlist_len,batch_abort_counts_,batch_abort_rate,batch_commit_counts_,bytes_flushed_per_sec,commit_counts_,commits_per_fdatasync,committer_event_ns_per_tx,committer_num,dep_wait_conditions_per_tx,derived_acked_commits,derived_logical_commits,durable_ack_tps,exit_code,fdatasync_ns_per_tx,fdatasync_per_sec,flush_us,frontier_alloc_count_per_tx,frontier_bytes_per_tx,frontier_collect_ns_per_tx,frontier_entries_per_tx,frontier_merge_ns_per_tx,frontier_nonzero_entries_per_tx,frontier_publish_ns_per_tx,frontier_shared_ptr_count_per_tx,global_atomic_per_tx,group_size,logger_num,logical_minus_acked,logical_tps,lsn_alloc_ns_per_tx,max_pending,max_ready_queue_len,max_waitlist_len,maxrss,mode,payload_build_ns_per_tx,pending_commits,queue_wait_us_per_acked_tx,read_frontier_updates_per_tx,ready_queue_push_ns_per_tx,repeat,seconds,stderr_log,stdout_log,thread_num,tx_breakdown_abort_cleanup_ns,tx_breakdown_commit_cleanup_ns,tx_breakdown_delete_ns,tx_breakdown_insert_ns,tx_breakdown_maintenance_ns,tx_breakdown_node_validation_ns,tx_breakdown_read_ns,tx_breakdown_ssn_exclusion_ns,tx_breakdown_ssn_finalize_eta_ns,tx_breakdown_ssn_finalize_pi_ns,tx_breakdown_total_accounted_ns,tx_breakdown_update_ns,tx_breakdown_version_install_ns,tx_breakdown_wal_log_ns,version_install_ns_per_tx,waiting_conditions_per_tx,waitlist_pops_per_tx,waitlist_registration_ns_per_tx,waitlist_registrations_per_tx,wal_enqueue_ns_per_tx,wal_stats_ack_latency_max_us,wal_stats_ack_latency_p50_us,wal_stats_ack_latency_p90_us,wal_stats_ack_latency_p95_us,wal_stats_ack_latency_p999_us,wal_stats_ack_latency_p99_us,wal_stats_ack_latency_samples,wal_stats_ack_process_ns,wal_stats_acked_commits,wal_stats_async_acked_commits,wal_stats_avg_accounted_ns_per_commit,wal_stats_avg_batch_size,wal_stats_avg_ready_queue_len,wal_stats_avg_waitlist_len,wal_stats_bytes,wal_stats_commits,wal_stats_committer_event_ns,wal_stats_committer_num,wal_stats_committer_queue_wait_ns,wal_stats_dep_frontier_bytes,wal_stats_dep_frontier_entries,wal_stats_dep_frontier_nonzero_entries,wal_stats_dep_wait_conditions,wal_stats_durable_global_lsn,wal_stats_durable_mode,wal_stats_fdatasync_count,wal_stats_fdatasync_ns,wal_stats_flushed_commits,wal_stats_flusher_batches,wal_stats_frontier_alloc_count,wal_stats_frontier_collect_ns,wal_stats_frontier_merge_ns,wal_stats_frontier_publish_ns,wal_stats_frontier_shared_ptr_count,wal_stats_global_atomic_count,wal_stats_logger_num,wal_stats_logical_commits,wal_stats_logical_minus_acked,wal_stats_lsn_alloc_ns,wal_stats_max_pending_commits,wal_stats_max_ready_queue_len,wal_stats_max_waitlist_len,wal_stats_measured_ack_latency_max_us,wal_stats_measured_ack_latency_p50_us,wal_stats_measured_ack_latency_p90_us,wal_stats_measured_ack_latency_p95_us,wal_stats_measured_ack_latency_p999_us,wal_stats_measured_ack_latency_p99_us,wal_stats_measured_acked_commits,wal_stats_measured_durable_global_lsn,wal_stats_measured_logical_commits,wal_stats_measured_logical_minus_acked,wal_stats_measurement_pending_commits,wal_stats_measurement_stop_recorded,wal_stats_mutex_wait_ns,wal_stats_notify_wait_ns,wal_stats_payload_build_ns,wal_stats_read_frontier_updates,wal_stats_ready_queue_push_ns,wal_stats_shutdown_drain_acked_commits,wal_stats_total_accounted_ns,wal_stats_version_install_ns,wal_stats_waitlist_pops,wal_stats_waitlist_registration_ns,wal_stats_waitlist_registrations,wal_stats_wal_enqueue_ns,wal_stats_worker_stall_ns,wal_stats_write_frontier_updates,wal_stats_write_ns,worker_stall_ns_per_tx,worker_threads,workload_mode,write_frontier_updates_per_tx,write_ns_per_tx
2100,5,10,10,100,10000,0,50,1,1,10,0,95,100000,0,0,0,0.0000,0,0,0,0,0,0,0.000000,4,0,0,0,0,-nan,0,1508528.500000,55583,55583.000000,0.000000,0,0.000000,55583,55583,13895.750000,0,77010.440296,0.000000,0,0.000000,0.000000,0.000000,0.000000,0.000000,0.000000,0.000000,0.000000,0.000000,0,1,0,13895.750000,0.000000,0,0,0,221560 kB,ermia_single_wal,1723.860911,0,0.000000,0.000000,0.000000,0,5,/home/sa2shun/tx-playground/ccbench/results/ermia_wal_pwal_cstamp_20260607_195430/logs/ycsb_b_ermia_single_wal_th1_r0.err,/home/sa2shun/tx-playground/ccbench/results/ermia_wal_pwal_cstamp_20260607_195430/logs/ycsb_b_ermia_single_wal_th1_r0.out,1,0,3614906,0,0,4347070,1656210,301571246,1625776,1705870,3935472,4929765931,18312786,15949216,4577047379,0.000000,0.000000,0.000000,0.000000,0.000000,0.000000,,,,,,,,,,,82083,,,,6034114,55583,,,,,,,,,,,4280471303,,,,,,,,,,,,,,,,,,,,,,,,,,,,3336585,0,95817361,,,,4562439492,,,,,,,,182814243,0.000000,1,ycsb_b,0.000000,3289.031592
2100,5,10,10,100,10000,0,50,1,1,10,0,95,100000,0,0,0,0.0000,4125,64,64,64,128,64,0.000000,4,0,0,0,0,-nan,0,1385868.000000,51142,0.999980,0.000000,0,0.000000,51141,51141,12785.250000,0,79558.418177,12785.500000,0,0.000000,0.000000,0.000000,0.000000,0.000000,0.000000,0.000000,0.000000,1.499599,0,1,0,12785.250000,43.204924,0,0,0,221576 kB,ermia_plain_pwal,1904.021998,0,0.000000,0.000000,0.000000,0,5,/home/sa2shun/tx-playground/ccbench/results/ermia_wal_pwal_cstamp_20260607_195430/logs/ycsb_b_ermia_plain_pwal_th1_r0.err,/home/sa2shun/tx-playground/ccbench/results/ermia_wal_pwal_cstamp_20260607_195430/logs/ycsb_b_ermia_plain_pwal_th1_r0.out,1,0,3327228,0,0,4046242,1533793,332008936,1518207,1570091,3739339,4935589969,25094379,14435464,4548316290,115.947479,0.000000,0.000000,0.000000,0.000000,0.000000,4125,64,64,64,128,64,51142,0,51142,0,88223,0,0,0,5543472,51142,0,1,0,0,0,0,0,76691,sync,51142,4068697064,0,0,0,0,0,0,0,76691,1,51142,0,2209543,0,0,0,4125,64,64,64,128,64,51141,76689,51141,0,0,1,1707497,2704664,97373589,0,0,1,4511932049,5929670,0,0,0,0,0,0,333310022,0.000000,1,ycsb_b,0.000000,6517.471735
2100,5,10,10,100,10000,0,50,1,1,10,0,95,100000,0,0,0,0.0000,6770,128,256,256,4096,512,123.323643,4,7,0,13,0,-nan,0,8390907.750000,294371,7.989442,498.920386,1,1.000000,294354,294371,73588.500000,0,10492.981146,9211.250000,100,10.498541,64.000000,968.234446,8.000000,506.464642,0.950855,4848.827456,10.498541,0.000000,8,8,17,73592.750000,0.000000,65536,1,402,256112 kB,ermia_async_dep_frontier_cstamp,926.198739,17,212.148939,9.498541,53.030947,0,5,/home/sa2shun/tx-playground/ccbench/results/ermia_wal_pwal_cstamp_20260607_195430/logs/ycsb_b_ermia_async_dep_frontier_cstamp_th1_r0.err,/home/sa2shun/tx-playground/ccbench/results/ermia_wal_pwal_cstamp_20260607_195430/logs/ycsb_b_ermia_async_dep_frontier_cstamp_th1_r0.out,1,0,11891147,0,0,22677324,8901514,2170650750,9093487,9196077,22098775,4704156021,211157900,81883155,2156605892,80.179454,1.000000,1.000000,294.785312,1.000000,171.613393,6770,128,256,256,4096,512,294371,36302904,294371,294371,233538,7,0,13,33563631,294371,146867693,1,62446888745,18839744,2354968,279904,294371,0,async_dep_frontier_cstamp,36845,3088829353,294371,36845,3090466,285020142,149088503,1427354187,3090466,0,8,294371,0,0,402,1,402,6770,128,256,256,4096,512,294354,0,294371,17,17,1,0,0,272646049,2796095,15610773,17,68746936763,23602506,294371,86776247,294371,50518006,0,147471,717431655,0.000000,1,ycsb_b,0.500970,2437.168250
2100,5,10,10,100,10000,0,50,2,1,10,0,95,100000,0,0,0,0.0000,0,0,0,0,0,0,0.000000,4,0,0,0,0,-nan,0,1420974.750000,52076,52076.000000,0.000000,0,0.000000,52076,52076,13019.000000,0,80421.440299,0.000000,0,0.000000,0.000000,0.000000,0.000000,0.000000,0.000000,0.000000,0.000000,0.000000,0,2,0,13019.000000,0.000000,0,0,0,222096 kB,ermia_single_wal,1762.305342,0,0.000000,0.000000,0.000000,0,5,/home/sa2shun/tx-playground/ccbench/results/ermia_wal_pwal_cstamp_20260607_195430/logs/ycsb_b_ermia_single_wal_th2_r0.err,/home/sa2shun/tx-playground/ccbench/results/ermia_wal_pwal_cstamp_20260607_195430/logs/ycsb_b_ermia_single_wal_th2_r0.out,2,0,10272239,0,0,9283339,1597837,288480861,1516153,2013298,6809162,9914896605,17647033,20939314,9556337369,0.000000,0.000000,0.000000,0.000000,0.000000,0.000000,,,,,,,,,,,181674,,,,5683899,52076,,,,,,,,,,,4188026925,,,,,,,,,,,,,,,,,,,,,,,,,,,,4791876979,0,91773813,,,,9460904562,,,,,,,,389226845,0.000000,2,ycsb_b,0.000000,7474.207792
2100,5,10,10,100,10000,0,50,2,1,10,0,95,100000,0,0,0,0.0000,4010,64,64,64,128,128,0.000000,4,0,0,0,0,-nan,0,2383491.250000,87186,0.999977,0.000000,0,0.000000,87184,87184,21796.000000,0,86084.813154,21796.500000,0,0.000000,0.000000,0.000000,0.000000,0.000000,0.000000,0.000000,0.000000,1.502168,0,2,0,21796.000000,154.165329,0,0,0,225716 kB,ermia_plain_pwal,2036.962585,0,0.000000,0.000000,0.000000,0,5,/home/sa2shun/tx-playground/ccbench/results/ermia_wal_pwal_cstamp_20260607_195430/logs/ycsb_b_ermia_plain_pwal_th2_r0.err,/home/sa2shun/tx-playground/ccbench/results/ermia_wal_pwal_cstamp_20260607_195430/logs/ycsb_b_ermia_plain_pwal_th2_r0.out,2,0,13378239,0,0,15574300,10942937,568441880,3123921,6731820,22986284,9769449700,48460496,36362332,9043447491,130.225466,0.000000,0.000000,0.000000,0.000000,0.000000,4010,64,64,64,128,128,87186,0,87186,0,101884,0,0,0,9533965,87186,0,1,0,0,0,0,0,130965,sync,87186,7505218350,0,0,0,0,0,0,0,130965,2,87186,0,13440750,0,0,0,4010,64,64,64,128,128,87184,130963,87184,0,0,1,16091804,114201182,177590546,0,0,2,8882928198,11353577,0,0,0,0,0,0,1045031989,0.000000,2,ycsb_b,0.000000,11986.511160
2100,5,10,10,100,10000,0,50,2,1,10,0,95,100000,0,0,1,0.0000,6507,128,256,256,4096,256,122.122294,4,7,0,22,0,-nan,0,13408055.500000,469519,7.987292,395.708036,1,1.001037,469503,469517,117375.750000,0,10963.486481,14695.750000,100,10.499207,64.000273,1427.862957,8.000034,688.264238,1.924133,6675.203765,10.499207,0.000000,8,8,14,117379.250000,0.000000,65536,1,572,270984 kB,ermia_async_dep_frontier_cstamp,984.014411,15,232.309931,9.499190,51.643693,0,5,/home/sa2shun/tx-playground/ccbench/results/ermia_wal_pwal_cstamp_20260607_195430/logs/ycsb_b_ermia_async_dep_frontier_cstamp_th2_r0.err,/home/sa2shun/tx-playground/ccbench/results/ermia_wal_pwal_cstamp_20260607_195430/logs/ycsb_b_ermia_async_dep_frontier_cstamp_th2_r0.out,2,817080,38639142,0,0,64924110,37991019,3868891824,16053532,20024703,84584838,9308050845,391745504,156688466,4627690627,64.474230,1.001037,1.001037,497.880339,1.001037,194.355572,6507,128,256,256,4096,256,469519,57338493,469519,469519,257628,7,0,22,53632222,469519,185791650,1,109070209640,30049216,3756152,903413,470004,0,async_dep_frontier_cstamp,58783,5147543282,469519,58783,4929556,670405932,323151760,3134121646,4929556,0,8,469519,0,0,564,1,572,6507,128,256,256,4096,256,469503,0,469517,14,15,1,0,0,462011494,4460031,24247592,16,120961347060,30271747,470004,233763283,470004,91253245,0,234929,1531237296,0.000000,2,ycsb_b,0.500363,3261.303203
2100,5,10,10,100,10000,0,50,4,1,10,0,95,100000,0,0,0,0.0000,0,0,0,0,0,0,0.000000,4,0,0,0,0,-nan,0,1418477.000000,52060,52060.000000,0.000000,0,0.000000,52060,52060,13015.000000,0,80509.880945,0.000000,0,0.000000,0.000000,0.000000,0.000000,0.000000,0.000000,0.000000,0.000000,0.000000,0,4,0,13015.000000,0.000000,0,0,0,225336 kB,ermia_single_wal,1805.132194,0,0.000000,0.000000,0.000000,0,5,/home/sa2shun/tx-playground/ccbench/results/ermia_wal_pwal_cstamp_20260607_195430/logs/ycsb_b_ermia_single_wal_th4_r0.err,/home/sa2shun/tx-playground/ccbench/results/ermia_wal_pwal_cstamp_20260607_195430/logs/ycsb_b_ermia_single_wal_th4_r0.out,4,0,10530795,0,0,7163009,1570101,288240718,1525167,2034866,11711131,19919016254,18005137,21353586,19556881744,0.000000,0.000000,0.000000,0.000000,0.000000,0.000000,,,,,,,,,,,373854,,,,5673908,52060,,,,,,,,,,,4191344402,,,,,,,,,,,,,,,,,,,,,,,,,,,,14798036153,0,93975182,,,,19462873177,,,,,,,,379517440,0.000000,4,ycsb_b,0.000000,7290.000768
2100,5,10,10,100,10000,0,50,4,1,10,0,95,100000,0,0,1,0.0000,4741,64,64,128,128,128,0.000000,4,0,0,0,0,-nan,0,4689506.250000,169623,0.999976,0.000000,0,0.000000,169619,169619,42404.750000,0,88654.794339,42405.750000,0,0.000000,0.000000,0.000000,0.000000,0.000000,0.000000,0.000000,0.000000,1.501536,0,4,0,42404.750000,145.001203,0,0,0,234620 kB,ermia_plain_pwal,2069.841303,0,0.000000,0.000000,0.000000,0,5,/home/sa2shun/tx-playground/ccbench/results/ermia_wal_pwal_cstamp_20260607_195430/logs/ycsb_b_ermia_plain_pwal_th4_r0.err,/home/sa2shun/tx-playground/ccbench/results/ermia_wal_pwal_cstamp_20260607_195430/logs/ycsb_b_ermia_plain_pwal_th4_r0.out,4,116966,24034105,0,0,27127963,16823800,1032836501,7876579,14975468,37076889,19607429474,87781779,63658988,18295120436,99.480212,0.000000,0.000000,0.000000,0.000000,0.000000,4741,64,64,128,128,128,169623,0,169623,0,106246,0,0,0,18758025,169623,0,1,0,0,0,0,0,254689,sync,169623,15037537561,0,0,0,0,0,0,0,254689,4,169623,0,24594959,0,0,0,4741,64,64,128,128,128,169619,254684,169619,0,0,1,21133402,522265943,351084412,0,0,4,18021834313,16873734,0,0,0,0,0,0,2048344302,0.000000,4,ycsb_b,0.000000,12076.148910
2100,5,10,10,100,10000,0,50,4,1,10,0,95,100000,0,0,8,0.0000,3086,128,256,256,2048,256,139.252571,4,7,0,41,0,-nan,0,22704529.000000,794110,7.955320,459.542582,1,1.002846,794071,794108,198517.750000,0,13538.705980,24955.250000,100,10.499630,64.000161,1784.919199,8.000020,848.929765,3.890777,8472.607296,10.499630,0.000000,8,8,37,198527.000000,0.000000,65536,1,496,358312 kB,ermia_async_dep_frontier_cstamp,1138.220745,34,258.294930,9.499582,71.016455,0,5,/home/sa2shun/tx-playground/ccbench/results/ermia_wal_pwal_cstamp_20260607_195430/logs/ycsb_b_ermia_async_dep_frontier_cstamp_th4_r0.err,/home/sa2shun/tx-playground/ccbench/results/ermia_wal_pwal_cstamp_20260607_195430/logs/ycsb_b_ermia_async_dep_frontier_cstamp_th4_r0.out,4,3502057,80284620,0,0,112155089,69615901,7147912373,32712738,50049386,159703449,18662963469,748523841,281371087,9977132928,67.112102,1.002846,1.002846,959.063378,1.002846,224.525543,3086,128,256,256,2048,256,794110,110581581,794110,794110,290040,7,0,41,90818116,794110,364926441,1,205104513061,50823040,6352880,3089697,796368,0,async_dep_frontier_cstamp,99821,10751194728,794110,99821,8337840,1417418615,674141918,6728165235,8337840,0,8,794110,0,0,488,1,496,3086,128,256,256,2048,256,794071,0,794108,37,34,1,0,0,903870199,7543694,56394735,39,230323814628,53294257,796368,761599901,796368,178297530,0,397029,3219416427,0.000000,4,ycsb_b,0.499969,4054.129195
2100,5,10,10,100,10000,0,50,8,1,10,0,95,100000,0,0,0,0.0000,0,0,0,0,0,0,0.000000,4,0,0,0,0,-nan,0,1294747.250000,47742,47742.000000,0.000000,0,0.000000,47742,47742,11935.500000,0,88098.607411,0.000000,0,0.000000,0.000000,0.000000,0.000000,0.000000,0.000000,0.000000,0.000000,0.000000,0,8,0,11935.500000,0.000000,0,0,0,229924 kB,ermia_single_wal,1794.576997,0,0.000000,0.000000,0.000000,0,5,/home/sa2shun/tx-playground/ccbench/results/ermia_wal_pwal_cstamp_20260607_195430/logs/ycsb_b_ermia_single_wal_th8_r0.err,/home/sa2shun/tx-playground/ccbench/results/ermia_wal_pwal_cstamp_20260607_195430/logs/ycsb_b_ermia_single_wal_th8_r0.out,8,0,10995663,0,0,7209557,1432409,251797102,1413265,6599383,20707121,39924601237,16913927,23051084,39584481726,0.000000,0.000000,0.000000,0.000000,0.000000,0.000000,,,,,,,,,,,826983,,,,5178989,47742,,,,,,,,,,,4206003715,,,,,,,,,,,,,,,,,,,,,,,,,,,,34816513914,0,85676695,,,,39481826638,,,,,,,,373632314,0.000000,8,ycsb_b,0.000000,7826.071677
2100,5,10,10,100,10000,0,50,8,1,10,0,95,100000,0,0,1,0.0000,2685,64,128,128,256,128,0.000000,4,0,0,0,0,-nan,0,7677883.750000,276194,0.999971,0.000000,0,0.000000,276186,276186,69046.500000,0,104747.772309,69048.500000,0,0.000000,0.000000,0.000000,0.000000,0.000000,0.000000,0.000000,0.000000,1.501398,0,8,0,69046.500000,184.138696,0,0,0,250452 kB,ermia_plain_pwal,2044.753213,0,0.000000,0.000000,0.000000,0,5,/home/sa2shun/tx-playground/ccbench/results/ermia_wal_pwal_cstamp_20260607_195430/logs/ycsb_b_ermia_plain_pwal_th8_r0.err,/home/sa2shun/tx-playground/ccbench/results/ermia_wal_pwal_cstamp_20260607_195430/logs/ycsb_b_ermia_plain_pwal_th8_r0.out,8,817008,60081408,0,0,55287924,32748371,1673647965,22550620,41301358,82745781,39182824752,161252878,129934641,36922456798,121.142672,0.000000,0.000000,0.000000,0.000000,0.000000,2685,64,128,128,256,128,276194,0,276194,0,130157,0,0,0,30711535,276194,0,1,0,0,0,0,0,414665,sync,276194,28929868243,0,0,0,0,0,0,0,414665,8,276194,0,50856530,0,0,0,2685,64,128,128,256,128,276186,414654,276186,0,0,1,38642429,1889641057,564732211,0,0,8,35948661693,33457910,0,0,0,0,0,0,4441463313,0.000000,8,ycsb_b,0.000000,16081.420901
2100,5,10,10,100,10000,0,50,8,1,10,0,95,100000,0,0,9,0.0000,2180,256,256,256,1024,512,212.377896,4,6,0,60,0,-nan,0,27920122.250000,977821,6.530290,915.721059,1,1.004639,977742,977813,244435.500000,0,17677.220903,37433.750000,100,10.500025,64.000524,3706.186586,8.000065,1131.170096,7.783745,14744.479735,10.500025,0.000000,8,8,71,244453.250000,0.000000,65536,1,496,460872 kB,ermia_async_dep_frontier_cstamp,1574.437380,72,307.307641,9.499922,125.916654,0,5,/home/sa2shun/tx-playground/ccbench/results/ermia_wal_pwal_cstamp_20260607_195430/logs/ycsb_b_ermia_async_dep_frontier_cstamp_th8_r0.err,/home/sa2shun/tx-playground/ccbench/results/ermia_wal_pwal_cstamp_20260607_195430/logs/ycsb_b_ermia_async_dep_frontier_cstamp_th8_r0.out,8,6187543,162470328,0,0,145819094,130153144,12145830296,66732904,123052697,310171370,37570536132,1314303836,451644640,22714170280,124.373590,1.004639,1.004639,3671.518127,1.004639,289.935032,2180,256,256,256,1024,512,977821,207665868,977821,977821,357242,6,0,60,111680489,977821,895403956,1,300467587060,62580544,7822568,7611047,982349,0,async_dep_frontier_cstamp,149735,17285016403,977821,149735,10267061,3623957424,1106072825,14417343963,10267061,0,8,977821,0,0,489,1,496,2180,256,256,256,1024,512,977742,0,977813,71,72,1,0,0,1539505338,9289147,123122941,79,349319105676,121614113,982349,3590058154,982349,283502243,0,488603,5658255388,0.000000,8,ycsb_b,0.499690,5786.643651
2100,5,10,10,100,10000,0,50,16,1,10,0,95,100000,0,0,1,0.0000,0,0,0,0,0,0,0.000000,4,0,0,0,0,-nan,0,1297818.750000,48027,48027.000000,0.000000,0,0.000000,48027,48027,12006.750000,0,86993.514523,0.000000,0,0.000000,0.000000,0.000000,0.000000,0.000000,0.000000,0.000000,0.000000,0.000000,0,16,0,12006.750000,0.000000,0,0,0,240588 kB,ermia_single_wal,1881.564828,0,0.000000,0.000000,0.000000,0,5,/home/sa2shun/tx-playground/ccbench/results/ermia_wal_pwal_cstamp_20260607_195430/logs/ycsb_b_ermia_single_wal_th16_r0.err,/home/sa2shun/tx-playground/ccbench/results/ermia_wal_pwal_cstamp_20260607_195430/logs/ycsb_b_ermia_single_wal_th16_r0.out,16,700537,10617164,0,0,7638169,1449982,276381714,1440624,25785741,43066044,79924295462,21181211,24564634,79511469642,0.000000,0.000000,0.000000,0.000000,0.000000,0.000000,,,,,,,,,,,1653129,,,,5191275,48027,,,,,,,,,,,4178037522,,,,,,,,,,,,,,,,,,,,,,,,,,,,74777607471,0,90365914,,,,79394862504,,,,,,,,348851597,0.000000,16,ycsb_b,0.000000,7263.655798
2100,5,10,10,100,10000,0,50,16,1,10,0,95,100000,0,0,9,0.0000,3235,128,256,256,256,256,0.000000,4,0,0,0,0,-nan,0,9931139.250000,355747,0.999983,0.000000,0,0.000000,355741,355741,88935.250000,0,166143.067417,88936.750000,0,0.000000,0.000000,0.000000,0.000000,0.000000,0.000000,0.000000,0.000000,1.499212,0,16,0,88935.250000,255.218060,0,0,0,265592 kB,ermia_plain_pwal,2235.098948,0,0.000000,0.000000,0.000000,0,5,/home/sa2shun/tx-playground/ccbench/results/ermia_wal_pwal_cstamp_20260607_195430/logs/ycsb_b_ermia_plain_pwal_th16_r0.err,/home/sa2shun/tx-playground/ccbench/results/ermia_wal_pwal_cstamp_20260607_195430/logs/ycsb_b_ermia_plain_pwal_th16_r0.out,16,5720160,130549271,0,0,86760826,59548980,2160241671,63362433,104430508,142016924,78276794452,222631052,229488292,75072044335,139.586354,0.000000,0.000000,0.000000,0.000000,0.000000,3235,128,256,256,256,256,355747,0,355747,0,203908,0,0,0,39724557,355747,0,1,0,0,0,0,0,533331,sync,355747,59103900946,0,0,0,0,0,0,0,533331,16,355747,0,90791528,0,0,0,3235,128,256,256,256,256,355741,533324,355741,0,0,1,48686164,5471309456,795116335,0,0,6,72539749329,49656589,0,0,0,0,0,0,6980288311,0.000000,16,ycsb_b,0.000000,19621.826866
2100,5,10,10,100,10000,0,50,16,1,10,0,95,100000,0,0,24,0.0000,5700,256,256,256,4096,512,256.269866,4,7,0,67,0,-nan,0,29762589.000000,1035364,7.085898,1317.617810,1,1.004751,1035295,1035356,258823.750000,0,17220.535581,36528.750000,100,10.499705,64.000495,12054.677814,8.000062,1260.060880,7.797425,33069.385085,10.499705,0.000000,8,8,61,258839.000000,0.000000,65536,2,1214,467564 kB,ermia_async_dep_frontier_cstamp,2153.690477,62,336.870140,9.499419,122.984168,0,5,/home/sa2shun/tx-playground/ccbench/results/ermia_wal_pwal_cstamp_20260607_195430/logs/ycsb_b_ermia_async_dep_frontier_cstamp_th16_r0.err,/home/sa2shun/tx-playground/ccbench/results/ermia_wal_pwal_cstamp_20260607_195430/logs/ycsb_b_ermia_async_dep_frontier_cstamp_th16_r0.out,16,14710492,210538732,0,0,192918122,180789845,21912311377,97244354,182378213,412756123,76819208122,2443535165,555948569,50616077130,141.660763,1.004751,1.004751,9344.220956,1.004751,458.725844,5700,256,256,256,4096,512,1035364,265330543,1035364,1035364,419842,7,0,67,119050356,1035364,1364203505,1,348759971947,66263296,8282912,8073111,1040275,0,async_dep_frontier_cstamp,146115,17829384837,1035364,146115,10870933,12480883003,1304611592,34238586264,10870933,0,8,1035364,0,0,1166,2,1214,5700,256,256,256,4096,512,1035295,0,1035356,61,62,1,0,0,2229836358,9835280,127332396,69,434690108226,146669321,1040275,9674595232,1040275,474944555,0,517845,5793758673,0.000000,16,ycsb_b,0.500161,5595.909690
2100,5,10,10,100,10000,0,50,32,1,10,0,95,100000,0,0,3,0.0001,0,0,0,0,0,0,0.000000,4,0,0,0,0,-nan,0,1318473.750000,47988,47988.000000,0.000000,0,0.000000,47988,47988,11997.000000,0,86485.543219,0.000000,0,0.000000,0.000000,0.000000,0.000000,0.000000,0.000000,0.000000,0.000000,0.000000,0,32,0,11997.000000,0.000000,0,0,0,263932 kB,ermia_single_wal,1955.269713,0,0.000000,0.000000,0.000000,0,5,/home/sa2shun/tx-playground/ccbench/results/ermia_wal_pwal_cstamp_20260607_195430/logs/ycsb_b_ermia_single_wal_th32_r0.err,/home/sa2shun/tx-playground/ccbench/results/ermia_wal_pwal_cstamp_20260607_195430/logs/ycsb_b_ermia_single_wal_th32_r0.out,32,701854,9149148,0,0,11753856,1479089,286288005,1468381,105501654,160576292,159964671810,28732245,24783316,159334237970,0.000000,0.000000,0.000000,0.000000,0.000000,0.000000,,,,,,,,,,,3317792,,,,5273895,47988,,,,,,,,,,,4150268248,,,,,,,,,,,,,,,,,,,,,,,,,,,,154598136245,0,93829483,,,,159214241675,,,,,,,,372007699,0.000000,32,ycsb_b,0.000000,7752.098420
2100,5,10,10,100,10000,0,50,32,1,10,0,95,100000,0,0,33,0.0001,2211,256,256,256,512,512,0.000000,4,0,0,0,0,-nan,0,12133006.000000,432052,0.999926,0.000000,0,0.000000,432020,432020,108005.000000,0,275607.729533,108013.000000,0,0.000000,0.000000,0.000000,0.000000,0.000000,0.000000,0.000000,0.000000,1.499711,0,32,0,108005.000000,312.958312,0,0,0,300532 kB,ermia_plain_pwal,2478.303315,0,0.000000,0.000000,0.000000,0,5,/home/sa2shun/tx-playground/ccbench/results/ermia_wal_pwal_cstamp_20260607_195430/logs/ycsb_b_ermia_plain_pwal_th32_r0.err,/home/sa2shun/tx-playground/ccbench/results/ermia_wal_pwal_cstamp_20260607_195430/logs/ycsb_b_ermia_plain_pwal_th32_r0.out,32,9577924,226543316,0,0,158383192,72099448,2946579837,139031290,282370158,268690039,156751712702,307147736,372744246,151968545516,150.326163,0.000000,0.000000,0.000000,0.000000,0.000000,2211,256,256,256,512,512,432052,0,432052,0,336750,0,0,0,48532024,432052,0,1,0,0,0,0,0,647905,sync,432052,119068051313,0,0,0,0,0,0,0,647905,32,432052,0,135204250,0,0,0,2211,256,256,256,512,512,432020,647862,432020,0,0,1,79502782,12315897355,1070676598,0,0,32,145493799769,64943909,0,0,0,0,0,0,12759523562,0.000000,32,ycsb_b,0.000000,29534.566830
2100,5,10,10,100,10000,0,50,32,1,10,0,95,100000,0,0,33,0.0000,1523,256,256,512,512,512,262.513020,4,6,0,58,0,-nan,0,25881870.000000,898786,6.375300,1386.383311,1,1.002925,898713,898777,224678.250000,0,19480.001316,35244.500000,100,10.500638,64.000641,44535.057084,8.000080,1328.295505,7.765825,99798.681721,10.500638,0.000000,8,8,64,224694.250000,0.000000,65536,2,190,457852 kB,ermia_async_dep_frontier_cstamp,2506.812786,64,332.383232,9.499878,132.763210,0,5,/home/sa2shun/tx-playground/ccbench/results/ermia_wal_pwal_cstamp_20260607_195430/logs/ycsb_b_ermia_async_dep_frontier_cstamp_th32_r0.err,/home/sa2shun/tx-playground/ccbench/results/ermia_wal_pwal_cstamp_20260607_195430/logs/ycsb_b_ermia_async_dep_frontier_cstamp_th32_r0.out,32,15765364,182885867,0,0,173959974,134406803,46108113307,84425944,221287287,427149752,157097933981,4983509172,516391958,104250038553,140.912086,1.002925,1.002925,9163.849543,1.002925,503.442670,1523,256,256,512,512,512,898786,235940665,898786,898786,517274,6,0,58,103527480,898786,1246049433,1,298717131141,57522304,7190288,6979745,901406,0,async_dep_frontier_cstamp,140978,17508177143,898786,140978,9437732,40027085001,1193841449,89696759761,9437732,0,8,898786,0,0,188,2,190,1523,256,256,512,512,512,898713,0,898777,64,64,1,0,0,2253065675,8538272,119324520,73,464918630424,126648542,901406,8236257201,901406,452482693,0,449087,5105867200,0.000000,32,ycsb_b,0.499665,5680.905497
2100,5,10,10,100,10000,0,50,1,1,10,0,95,100000,0,0,0,0.0000,0,0,0,0,0,0,0.000000,4,0,0,0,0,-nan,0,1397774.250000,51184,51184.000000,0.000000,0,0.000000,51184,51184,12796.000000,0,81124.732514,0.000000,0,0.000000,0.000000,0.000000,0.000000,0.000000,0.000000,0.000000,0.000000,0.000000,0,1,0,12796.000000,0.000000,0,0,0,220900 kB,ermia_single_wal,1691.600637,0,0.000000,0.000000,0.000000,1,5,/home/sa2shun/tx-playground/ccbench/results/ermia_wal_pwal_cstamp_20260607_195430/logs/ycsb_b_ermia_single_wal_th1_r1.err,/home/sa2shun/tx-playground/ccbench/results/ermia_wal_pwal_cstamp_20260607_195430/logs/ycsb_b_ermia_single_wal_th1_r1.out,1,0,3342525,0,0,4074128,1527477,273170885,1500192,1552130,3636067,4934800620,16712078,14733105,4614552033,0.000000,0.000000,0.000000,0.000000,0.000000,0.000000,,,,,,,,,,,89890,,,,5591097,51184,,,,,,,,,,,4152288309,,,,,,,,,,,,,,,,,,,,,,,,,,,,3109892,0,86582887,,,,4600977091,,,,,,,,358996003,0.000000,1,ycsb_b,0.000000,7013.832506
2100,5,10,10,100,10000,0,50,1,1,10,0,95,100000,0,0,0,0.0000,1699,64,64,64,128,128,0.000000,4,0,0,0,0,-nan,0,1388083.500000,51039,0.999980,0.000000,0,0.000000,51038,51038,12759.500000,0,80035.266742,12759.750000,0,0.000000,0.000000,0.000000,0.000000,0.000000,0.000000,0.000000,0.000000,1.502273,0,1,0,12759.500000,43.201497,0,0,0,221088 kB,ermia_plain_pwal,1899.263666,0,0.000000,0.000000,0.000000,1,5,/home/sa2shun/tx-playground/ccbench/results/ermia_wal_pwal_cstamp_20260607_195430/logs/ycsb_b_ermia_plain_pwal_th1_r1.err,/home/sa2shun/tx-playground/ccbench/results/ermia_wal_pwal_cstamp_20260607_195430/logs/ycsb_b_ermia_plain_pwal_th1_r1.out,1,0,3309047,0,0,4042915,1514525,317617510,1492049,1549284,3721691,4936413844,24552612,14378138,4564236073,105.444120,0.000000,0.000000,0.000000,0.000000,0.000000,1699,64,64,64,128,128,51039,0,51039,0,88709,0,0,0,5552334,51039,0,1,0,0,0,0,0,76673,sync,51039,4084839944,0,0,0,0,0,0,0,76673,1,51039,0,2204918,0,0,0,1699,64,64,64,128,128,51038,76670,51038,0,0,1,1660273,2629816,96934619,0,0,1,4527648708,5381657,0,0,0,0,0,0,333997481,0.000000,1,ycsb_b,0.000000,6544.094224
2100,5,10,10,100,10000,0,50,1,1,10,0,95,100000,0,0,0,0.0000,5601,128,256,1024,4096,4096,146.809954,4,7,0,24,0,-nan,0,8028863.250000,282895,7.997032,597.233511,1,1.000000,282885,282895,70721.250000,0,11046.369353,8843.750000,100,10.501458,64.000000,937.844882,8.000000,473.144357,0.948295,5254.797077,10.501458,0.000000,8,8,10,70723.750000,0.000000,65536,1,373,255996 kB,ermia_async_dep_frontier_cstamp,999.112003,10,396.183193,9.501458,46.143647,1,5,/home/sa2shun/tx-playground/ccbench/results/ermia_wal_pwal_cstamp_20260607_195430/logs/ycsb_b_ermia_async_dep_frontier_cstamp_th1_r1.err,/home/sa2shun/tx-playground/ccbench/results/ermia_wal_pwal_cstamp_20260607_195430/logs/ycsb_b_ermia_async_dep_frontier_cstamp_th1_r1.out,1,0,11610629,0,0,21872852,8579017,2049521975,8678864,8939897,21034670,4712919995,199153440,79544655,2303983996,72.677863,1.000000,1.000000,395.484254,1.000000,205.424493,5601,128,256,1024,4096,4096,282895,41531802,282895,282895,418951,7,0,24,32115453,282895,168954374,1,112074282425,18105280,2263160,268268,282895,0,async_dep_frontier_cstamp,35375,3124962658,282895,35375,2970810,265311628,133850173,1486555819,2970810,0,8,282895,0,0,373,1,373,5601,128,256,1024,4096,4096,282885,0,282895,10,10,1,0,0,282643790,2687915,13053807,10,118519247093,20560204,282895,111880518,282895,58113562,0,140908,737546333,0.000000,1,ycsb_b,0.498093,2607.138101
2100,5,10,10,100,10000,0,50,2,1,10,0,95,100000,0,0,0,0.0000,0,0,0,0,0,0,0.000000,4,0,0,0,0,-nan,0,1392614.250000,51669,51669.000000,0.000000,0,0.000000,51669,51669,12917.250000,0,81188.966247,0.000000,0,0.000000,0.000000,0.000000,0.000000,0.000000,0.000000,0.000000,0.000000,0.000000,0,2,0,12917.250000,0.000000,0,0,0,222224 kB,ermia_single_wal,1760.496565,0,0.000000,0.000000,0.000000,1,5,/home/sa2shun/tx-playground/ccbench/results/ermia_wal_pwal_cstamp_20260607_195430/logs/ycsb_b_ermia_single_wal_th2_r1.err,/home/sa2shun/tx-playground/ccbench/results/ermia_wal_pwal_cstamp_20260607_195430/logs/ycsb_b_ermia_single_wal_th2_r1.out,2,0,10653444,0,0,8771681,1558130,276915733,1502120,1659533,7226007,9914049679,16824066,21710536,9567228429,0.000000,0.000000,0.000000,0.000000,0.000000,0.000000,,,,,,,,,,,183328,,,,5570457,51669,,,,,,,,,,,4194952697,,,,,,,,,,,,,,,,,,,,,,,,,,,,4799156368,0,90963097,,,,9472417799,,,,,,,,387345637,0.000000,2,ycsb_b,0.000000,7496.673770
2100,5,10,10,100,10000,0,50,2,1,10,0,95,100000,0,0,0,0.0000,2413,64,64,64,128,128,0.000000,4,0,0,0,0,-nan,0,2493393.000000,90985,0.999978,0.000000,0,0.000000,90983,90983,22745.750000,0,83144.134014,22746.250000,0,0.000000,0.000000,0.000000,0.000000,0.000000,0.000000,0.000000,0.000000,1.503545,0,2,0,22745.750000,93.490234,0,0,0,225868 kB,ermia_plain_pwal,1919.758383,0,0.000000,0.000000,0.000000,1,5,/home/sa2shun/tx-playground/ccbench/results/ermia_wal_pwal_cstamp_20260607_195430/logs/ycsb_b_ermia_plain_pwal_th2_r1.err,/home/sa2shun/tx-playground/ccbench/results/ermia_wal_pwal_cstamp_20260607_195430/logs/ycsb_b_ermia_plain_pwal_th2_r1.out,2,0,10723711,0,0,13045306,5993106,547611515,3054734,4349082,15229478,9832240374,44171385,30890565,9157171492,98.196377,0.000000,0.000000,0.000000,0.000000,0.000000,2413,64,64,64,128,128,90985,0,90985,0,99430,0,0,0,9973572,90985,0,1,0,0,0,0,0,136797,sync,90985,7564702745,0,0,0,0,0,0,0,136797,2,90985,0,8506022,0,0,0,2413,64,64,64,128,128,90983,136794,90983,0,0,1,7167398,84725052,174665377,0,0,2,9046684659,8934201,0,0,0,0,0,0,1197983864,0.000000,2,ycsb_b,0.000000,13167.117637
2100,5,10,10,100,10000,0,50,2,1,10,0,95,100000,0,0,0,0.0000,4661,128,256,256,2048,256,121.520988,4,7,0,21,0,-nan,0,13823793.250000,484318,7.987532,388.765670,1,1.000970,484293,484316,121073.250000,0,11315.078092,15158.500000,100,10.499760,64.000264,1379.356371,8.000033,655.325521,1.927308,6489.488006,10.499760,0.000000,8,8,23,121079.000000,0.000000,65536,1,449,272164 kB,ermia_async_dep_frontier_cstamp,996.346557,23,221.689919,9.499734,53.817355,1,5,/home/sa2shun/tx-playground/ccbench/results/ermia_wal_pwal_cstamp_20260607_195430/logs/ycsb_b_ermia_async_dep_frontier_cstamp_th2_r1.err,/home/sa2shun/tx-playground/ccbench/results/ermia_wal_pwal_cstamp_20260607_195430/logs/ycsb_b_ermia_async_dep_frontier_cstamp_th2_r1.out,2,0,39705835,0,0,61714818,40491908,3852355406,16438021,20230935,83801409,9310127545,393748736,161978756,4639661721,60.350098,1.000970,1.000970,487.625579,1.000970,188.018174,4661,128,256,256,2048,256,484318,58854559,484318,484318,247300,7,0,21,55295173,484318,188285434,1,107362875805,30996352,3874544,933426,484786,0,async_dep_frontier_cstamp,60634,5480073361,484318,60634,5085202,668044360,317384635,3142962873,5085202,0,8,484318,0,0,447,1,449,4661,128,256,256,2048,256,484293,0,484316,23,23,1,0,0,482546579,4600873,26064606,25,119772224112,29228518,484786,236164870,484786,91060210,0,242079,1688678302,0.000000,2,ycsb_b,0.499837,3486.728297
2100,5,10,10,100,10000,0,50,4,1,10,0,95,100000,0,0,0,0.0000,0,0,0,0,0,0,0.000000,4,0,0,0,0,-nan,0,1403673.000000,51710,51710.000000,0.000000,0,0.000000,51710,51710,12927.500000,0,81074.914601,0.000000,0,0.000000,0.000000,0.000000,0.000000,0.000000,0.000000,0.000000,0.000000,0.000000,0,4,0,12927.500000,0.000000,0,0,0,224988 kB,ermia_single_wal,1770.502823,0,0.000000,0.000000,0.000000,1,5,/home/sa2shun/tx-playground/ccbench/results/ermia_wal_pwal_cstamp_20260607_195430/logs/ycsb_b_ermia_single_wal_th4_r1.err,/home/sa2shun/tx-playground/ccbench/results/ermia_wal_pwal_cstamp_20260607_195430/logs/ycsb_b_ermia_single_wal_th4_r1.out,4,0,10339478,0,0,7202145,1538311,282149745,1519447,2777850,10964189,19919718878,17485926,21193463,19564548324,0.000000,0.000000,0.000000,0.000000,0.000000,0.000000,,,,,,,,,,,376525,,,,5614692,51710,,,,,,,,,,,4192383834,,,,,,,,,,,,,,,,,,,,,,,,,,,,14803453027,0,91552701,,,,19470138946,,,,,,,,382749384,0.000000,4,ycsb_b,0.000000,7401.844595
2100,5,10,10,100,10000,0,50,4,1,10,0,95,100000,0,0,0,0.0000,3637,64,64,128,128,128,0.000000,4,0,0,0,0,-nan,0,4699113.500000,170583,0.999977,0.000000,0,0.000000,170579,170579,42644.750000,0,88726.949566,42645.750000,0,0.000000,0.000000,0.000000,0.000000,0.000000,0.000000,0.000000,0.000000,1.498813,0,4,0,42644.750000,142.518358,0,0,0,237816 kB,ermia_plain_pwal,2015.918267,0,0.000000,0.000000,0.000000,1,5,/home/sa2shun/tx-playground/ccbench/results/ermia_wal_pwal_cstamp_20260607_195430/logs/ycsb_b_ermia_plain_pwal_th4_r1.err,/home/sa2shun/tx-playground/ccbench/results/ermia_wal_pwal_cstamp_20260607_195430/logs/ycsb_b_ermia_plain_pwal_th4_r1.out,4,0,23397988,0,0,25588869,16329224,947010310,8408890,15512283,33728924,19631646440,81567744,60139200,18419963008,80.950299,0.000000,0.000000,0.000000,0.000000,0.000000,3637,64,64,128,128,128,170583,0,170583,0,106593,0,0,0,18796454,170583,0,1,0,0,0,0,0,255666,sync,170583,15134954330,0,0,0,0,0,0,0,255666,4,170583,0,24310639,0,0,0,3637,64,64,128,128,128,170579,255660,170579,0,0,1,19278147,523781505,343873322,0,0,4,18183058070,13808421,0,0,0,0,0,0,2123051706,0.000000,4,ycsb_b,0.000000,12446.149327
2100,5,10,10,100,10000,0,50,4,1,10,0,95,100000,0,0,4,0.0000,2003,256,256,256,512,256,140.429845,4,7,0,42,0,-nan,0,23030171.250000,806861,7.956238,463.632468,1,1.002891,806831,806858,201707.750000,0,13177.135967,25353.000000,100,10.500967,64.000238,1772.465170,8.000030,851.334788,3.892270,8211.339669,10.500967,0.000000,8,8,27,201714.500000,0.000000,65536,1,301,348600 kB,ermia_async_dep_frontier_cstamp,1137.090970,28,258.449097,9.500923,71.769868,1,5,/home/sa2shun/tx-playground/ccbench/results/ermia_wal_pwal_cstamp_20260607_195430/logs/ycsb_b_ermia_async_dep_frontier_cstamp_th4_r1.err,/home/sa2shun/tx-playground/ccbench/results/ermia_wal_pwal_cstamp_20260607_195430/logs/ycsb_b_ermia_async_dep_frontier_cstamp_th4_r1.out,4,2802014,80855693,0,0,104210282,79673579,7167149850,33594134,51605774,160375110,18626334010,771343511,292050024,9882674039,64.069214,1.002891,1.002891,987.044539,1.002891,220.425584,2003,256,256,256,512,256,806861,113306944,806861,806861,290148,7,0,42,92120685,806861,374085566,1,208524743657,51639104,6454888,3140509,809191,0,async_dep_frontier_cstamp,101412,10632077572,806861,101412,8472789,1430127702,686906284,6625385103,8472789,0,8,806861,0,0,296,1,301,2003,256,256,256,512,256,806831,0,806858,27,28,1,0,0,917470946,7665896,57908092,30,234109458423,51694758,809191,796404783,809191,177852146,0,402349,3721494870,0.000000,4,ycsb_b,0.498661,4612.329394
2100,5,10,10,100,10000,0,50,8,1,10,0,95,100000,0,0,2,0.0000,0,0,0,0,0,0,0.000000,4,0,0,0,0,-nan,0,1315899.750000,48776,48776.000000,0.000000,0,0.000000,48776,48776,12194.000000,0,85561.504756,0.000000,0,0.000000,0.000000,0.000000,0.000000,0.000000,0.000000,0.000000,0.000000,0.000000,0,8,0,12194.000000,0.000000,0,0,0,230576 kB,ermia_single_wal,1808.278272,0,0.000000,0.000000,0.000000,1,5,/home/sa2shun/tx-playground/ccbench/results/ermia_wal_pwal_cstamp_20260607_195430/logs/ycsb_b_ermia_single_wal_th8_r1.err,/home/sa2shun/tx-playground/ccbench/results/ermia_wal_pwal_cstamp_20260607_195430/logs/ycsb_b_ermia_single_wal_th8_r1.out,8,700900,12535437,0,0,7794890,1474994,282500446,1438637,6109111,17729315,39917481634,20020729,24796285,39542380890,0.000000,0.000000,0.000000,0.000000,0.000000,0.000000,,,,,,,,,,,808327,,,,5263599,48776,,,,,,,,,,,4173347956,,,,,,,,,,,,,,,,,,,,,,,,,,,,34796282580,0,88200581,,,,39427001343,,,,,,,,369170226,0.000000,8,ycsb_b,0.000000,7568.685952
2100,5,10,10,100,10000,0,50,8,1,10,0,95,100000,0,0,9,0.0000,5472,64,128,128,128,128,0.000000,4,0,0,0,0,-nan,0,7992750.750000,287043,0.999972,0.000000,0,0.000000,287035,287035,71758.750000,0,102962.115059,71760.750000,0,0.000000,0.000000,0.000000,0.000000,0.000000,0.000000,0.000000,0.000000,1.502371,0,8,0,71758.750000,151.144463,0,0,0,251656 kB,ermia_plain_pwal,2083.665327,0,0.000000,0.000000,0.000000,1,5,/home/sa2shun/tx-playground/ccbench/results/ermia_wal_pwal_cstamp_20260607_195430/logs/ycsb_b_ermia_plain_pwal_th8_r1.err,/home/sa2shun/tx-playground/ccbench/results/ermia_wal_pwal_cstamp_20260607_195430/logs/ycsb_b_ermia_plain_pwal_th8_r1.out,8,4669857,51011040,0,0,47528317,27282905,1623830972,23678357,36728718,65007311,39289408552,147165286,113854332,37148651457,80.790214,0.000000,0.000000,0.000000,0.000000,0.000000,5472,64,128,128,128,128,287043,0,287043,0,127271,0,0,0,31971003,287043,0,1,0,0,0,0,0,431233,sync,287043,29553730696,0,0,0,0,0,0,0,431233,8,287043,0,43383751,0,0,0,5472,64,128,128,128,128,287035,431221,287035,0,0,1,32471138,1866108316,598084877,0,0,8,36532300127,23189619,0,0,0,0,0,0,4415331730,0.000000,8,ycsb_b,0.000000,15382.555194
2100,5,10,10,100,10000,0,50,8,1,10,0,95,100000,0,0,16,0.0000,1123,256,256,256,512,512,193.524251,4,6,0,65,0,-nan,0,30176435.500000,1054564,6.802365,722.885774,1,1.005044,1054503,1054557,263625.750000,0,17543.627900,38757.000000,100,10.499643,64.000425,3405.979629,8.000053,1109.916296,7.799331,13999.640590,10.499643,0.000000,8,8,54,263639.250000,0.000000,65536,2,149,464340 kB,ermia_async_dep_frontier_cstamp,1548.189978,55,300.363819,9.499498,99.036346,1,5,/home/sa2shun/tx-playground/ccbench/results/ermia_wal_pwal_cstamp_20260607_195430/logs/ycsb_b_ermia_async_dep_frontier_cstamp_th8_r1.err,/home/sa2shun/tx-playground/ccbench/results/ermia_wal_pwal_cstamp_20260607_195430/logs/ycsb_b_ermia_async_dep_frontier_cstamp_th8_r1.out,8,7240278,157277651,0,0,152767702,124578483,12444531852,70337459,121454239,301903143,37547235095,1342565183,450764502,22373814603,105.907366,1.005044,1.005044,2830.240598,1.005044,281.886072,1123,256,256,256,512,512,1054564,204082354,1054564,1054564,347409,6,0,65,120705742,1054564,762324253,1,316734548402,67492096,8436512,8224839,1059876,0,async_dep_frontier_cstamp,155028,18500755607,1054564,155028,11072472,3591799660,1170469999,14763418982,11072472,0,8,1054564,0,0,148,2,149,1123,256,256,256,512,512,1054503,0,1054557,54,55,1,0,0,1632654579,10017762,104439472,61,366365067069,111685354,1059876,2984650034,1059876,297264930,0,527384,5506973443,0.000000,8,ycsb_b,0.500100,5222.072816
2100,5,10,10,100,10000,0,50,16,1,10,0,95,100000,0,0,1,0.0000,0,0,0,0,0,0,0.000000,4,0,0,0,0,-nan,0,1292312.250000,47524,47524.000000,0.000000,0,0.000000,47524,47524,11881.000000,0,87497.197185,0.000000,0,0.000000,0.000000,0.000000,0.000000,0.000000,0.000000,0.000000,0.000000,0.000000,0,16,0,11881.000000,0.000000,0,0,0,240868 kB,ermia_single_wal,1918.677721,0,0.000000,0.000000,0.000000,1,5,/home/sa2shun/tx-playground/ccbench/results/ermia_wal_pwal_cstamp_20260607_195430/logs/ycsb_b_ermia_single_wal_th16_r1.err,/home/sa2shun/tx-playground/ccbench/results/ermia_wal_pwal_cstamp_20260607_195430/logs/ycsb_b_ermia_single_wal_th16_r1.out,16,700459,10428582,0,0,7130895,1429830,271961331,1424290,25885535,31005774,79924916351,20724353,24525681,79529699621,0.000000,0.000000,0.000000,0.000000,0.000000,0.000000,,,,,,,,,,,1670985,,,,5169249,47524,,,,,,,,,,,4158216799,,,,,,,,,,,,,,,,,,,,,,,,,,,,74795529746,0,91183240,,,,79411937335,,,,,,,,367007550,0.000000,16,ycsb_b,0.000000,7722.572805
2100,5,10,10,100,10000,0,50,16,1,10,0,95,100000,0,0,6,0.0000,4227,128,256,256,256,256,0.000000,4,0,0,0,0,-nan,0,9756261.250000,349087,0.999954,0.000000,0,0.000000,349071,349071,87267.750000,0,171472.135007,87271.750000,0,0.000000,0.000000,0.000000,0.000000,0.000000,0.000000,0.000000,0.000000,1.500202,0,16,0,87267.750000,253.336863,0,0,0,267952 kB,ermia_plain_pwal,2243.327108,0,0.000000,0.000000,0.000000,1,5,/home/sa2shun/tx-playground/ccbench/results/ermia_wal_pwal_cstamp_20260607_195430/logs/ycsb_b_ermia_plain_pwal_th16_r1.err,/home/sa2shun/tx-playground/ccbench/results/ermia_wal_pwal_cstamp_20260607_195430/logs/ycsb_b_ermia_plain_pwal_th16_r1.out,16,3152288,117740717,0,0,84414757,53788159,2110927268,68961134,113672726,143323696,78267592847,216248504,223045723,75132317875,135.626784,0.000000,0.000000,0.000000,0.000000,0.000000,4227,128,256,256,256,256,349087,0,349087,0,208278,0,0,0,39025045,349087,0,1,0,0,0,0,0,523677,sync,349087,59855949639,0,0,0,0,0,0,0,523677,16,349087,0,88432552,0,0,0,4227,128,256,256,256,256,349071,523655,349071,0,0,1,50194916,5278386642,783080437,0,0,16,72707145367,47343377,0,0,0,0,0,0,6603757804,0.000000,16,ycsb_b,0.000000,18918.093465
2100,5,10,10,100,10000,0,50,16,1,10,0,95,100000,0,0,25,0.0000,4053,256,256,256,2048,512,249.491445,4,6,0,59,0,-nan,0,27360265.000000,953489,6.572987,1248.820914,1,1.004178,953416,953484,238354.000000,0,17371.691173,36265.250000,100,10.500048,64.000336,14618.002490,8.000042,1242.152977,7.779008,38907.048503,10.500048,0.000000,8,8,68,238371.000000,0.000000,65536,2,745,446460 kB,ermia_async_dep_frontier_cstamp,2219.263252,68,321.330819,9.499776,128.057060,1,5,/home/sa2shun/tx-playground/ccbench/results/ermia_wal_pwal_cstamp_20260607_195430/logs/ycsb_b_ermia_async_dep_frontier_cstamp_th16_r1.err,/home/sa2shun/tx-playground/ccbench/results/ermia_wal_pwal_cstamp_20260607_195430/logs/ycsb_b_ermia_async_dep_frontier_cstamp_th16_r1.out,16,13195102,184144760,0,0,162498375,148244080,22406217030,89071927,169330261,386412917,77045979917,2479474158,519644407,50487746900,141.192975,1.004178,1.004178,7523.892617,1.004178,477.856132,4053,256,256,256,2048,512,953489,237886101,953489,953489,411180,6,0,59,109441060,953489,1190730760,1,306361943758,61023296,7627912,7417160,957468,0,async_dep_frontier_cstamp,145061,16563629586,953489,145061,10011628,13938031486,1184372989,37097248235,10011628,0,8,953489,0,0,725,2,745,4053,256,256,256,2048,512,953416,0,953484,68,68,1,0,0,2116032003,9057884,122100358,73,392055952507,134625243,957468,7173911228,957468,455628176,0,476531,5479812584,0.000000,16,ycsb_b,0.499779,5747.146868
2100,5,10,10,100,10000,0,50,32,1,10,0,95,100000,0,0,4,0.0001,0,0,0,0,0,0,0.000000,4,0,0,0,0,-nan,0,1308240.000000,47907,47907.000000,0.000000,0,0.000000,47907,47907,11976.750000,0,86968.855929,0.000000,0,0.000000,0.000000,0.000000,0.000000,0.000000,0.000000,0.000000,0.000000,0.000000,0,32,0,11976.750000,0.000000,0,0,0,263300 kB,ermia_single_wal,1903.991129,0,0.000000,0.000000,0.000000,1,5,/home/sa2shun/tx-playground/ccbench/results/ermia_wal_pwal_cstamp_20260607_195430/logs/ycsb_b_ermia_single_wal_th32_r1.err,/home/sa2shun/tx-playground/ccbench/results/ermia_wal_pwal_cstamp_20260607_195430/logs/ycsb_b_ermia_single_wal_th32_r1.out,32,1401685,9040933,0,0,11484146,1492958,284993075,1472974,145213589,144811618,159961105758,26406533,25502466,159309285781,0.000000,0.000000,0.000000,0.000000,0.000000,0.000000,,,,,,,,,,,3322938,,,,5232960,47907,,,,,,,,,,,4166416981,,,,,,,,,,,,,,,,,,,,,,,,,,,,154573547268,0,91214503,,,,159191991475,,,,,,,,360812723,0.000000,32,ycsb_b,0.000000,7531.524057
2100,5,10,10,100,10000,0,50,32,1,10,0,95,100000,0,0,25,0.0001,1823,256,256,256,512,512,0.000000,4,0,0,0,0,-nan,0,12363972.750000,440011,0.999927,0.000000,0,0.000000,439979,439979,109994.750000,0,271671.597149,110002.750000,0,0.000000,0.000000,0.000000,0.000000,0.000000,0.000000,0.000000,0.000000,1.500056,0,32,0,109994.750000,309.333868,0,0,0,302220 kB,ermia_plain_pwal,2371.941536,0,0.000000,0.000000,0.000000,1,5,/home/sa2shun/tx-playground/ccbench/results/ermia_wal_pwal_cstamp_20260607_195430/logs/ycsb_b_ermia_plain_pwal_th32_r1.err,/home/sa2shun/tx-playground/ccbench/results/ermia_wal_pwal_cstamp_20260607_195430/logs/ycsb_b_ermia_plain_pwal_th32_r1.out,32,13542895,223997477,0,0,159212584,70150533,2790027275,135249185,283714623,284100404,156725503361,306757309,364765803,152093985273,147.277584,0.000000,0.000000,0.000000,0.000000,0.000000,1823,256,256,256,512,512,440011,0,440011,0,330660,0,0,0,49455891,440011,0,1,0,0,0,0,0,659993,sync,440011,119529797642,0,0,0,0,0,0,0,659993,32,440011,0,136100406,0,0,0,1823,256,256,256,512,512,439979,659940,439979,0,0,1,84321289,11827115203,1043604465,0,0,32,145494284637,64799044,0,0,0,0,0,0,12808546588,0.000000,32,ycsb_b,0.000000,29111.722578
2100,5,10,10,100,10000,0,50,32,1,10,0,95,100000,0,0,56,0.0001,5365,256,256,256,2048,512,222.692869,4,6,0,57,0,-nan,0,25954144.000000,901913,6.288671,1293.508232,1,1.002986,901855,901896,225463.750000,0,18539.368110,35854.000000,100,10.501099,64.001206,48892.136852,8.000151,1308.830285,7.769214,95738.928110,10.501099,0.000000,8,8,41,225474.000000,0.000000,65536,2,825,446768 kB,ermia_async_dep_frontier_cstamp,2556.961641,41,326.351856,9.500513,134.429680,1,5,/home/sa2shun/tx-playground/ccbench/results/ermia_wal_pwal_cstamp_20260607_195430/logs/ycsb_b_ermia_async_dep_frontier_cstamp_th32_r1.err,/home/sa2shun/tx-playground/ccbench/results/ermia_wal_pwal_cstamp_20260607_195430/logs/ycsb_b_ermia_async_dep_frontier_cstamp_th32_r1.out,32,31179523,186811191,0,0,187901908,145267610,49772051221,89026289,218527258,424428660,157074380280,5380657794,526837047,100111691779,139.134935,1.002986,1.002986,8257.303280,1.002986,489.491694,5365,256,256,256,2048,512,901913,200845808,901913,901913,509698,6,0,57,103816576,901913,1166609900,1,294322052954,57722432,7215304,7007023,904589,0,async_dep_frontier_cstamp,143416,16720581941,901913,143416,9470899,44095622658,1180428799,86346556307,9470899,0,8,901913,0,0,793,2,825,5365,256,256,256,2048,512,901855,0,901896,41,41,1,0,0,2306113476,8568475,121241591,58,459703455530,125485241,904589,7447228799,904589,441470601,0,450177,5229217455,0.000000,32,ycsb_b,0.499145,5798.027106
2100,5,10,10,100,10000,0,50,1,1,10,0,95,100000,0,0,0,0.0000,0,0,0,0,0,0,0.000000,4,0,0,0,0,-nan,0,1396925.750000,51504,51504.000000,0.000000,0,0.000000,51504,51504,12876.000000,0,80562.703751,0.000000,0,0.000000,0.000000,0.000000,0.000000,0.000000,0.000000,0.000000,0.000000,0.000000,0,1,0,12876.000000,0.000000,0,0,0,221124 kB,ermia_single_wal,1734.540871,0,0.000000,0.000000,0.000000,2,5,/home/sa2shun/tx-playground/ccbench/results/ermia_wal_pwal_cstamp_20260607_195430/logs/ycsb_b_ermia_single_wal_th1_r2.err,/home/sa2shun/tx-playground/ccbench/results/ermia_wal_pwal_cstamp_20260607_195430/logs/ycsb_b_ermia_single_wal_th1_r2.out,1,0,3340883,0,0,4059287,1537241,272777424,1513057,1575044,3632868,4935286056,16539861,14677983,4615632408,0.000000,0.000000,0.000000,0.000000,0.000000,0.000000,,,,,,,,,,,89344,,,,5587703,51504,,,,,,,,,,,4149301494,,,,,,,,,,,,,,,,,,,,,,,,,,,,3161038,0,89335793,,,,4601616455,,,,,,,,359818130,0.000000,1,ycsb_b,0.000000,6986.217187
2100,5,10,10,100,10000,0,50,1,1,10,0,95,100000,0,0,0,0.0000,4008,64,64,64,128,128,0.000000,4,0,0,0,0,-nan,0,1351475.750000,49850,0.999980,0.000000,0,0.000000,49849,49849,12462.250000,0,83061.590784,12462.500000,0,0.000000,0.000000,0.000000,0.000000,0.000000,0.000000,0.000000,0.000000,1.500050,0,1,0,12462.250000,43.670405,0,0,0,221208 kB,ermia_plain_pwal,1855.963430,0,0.000000,0.000000,0.000000,2,5,/home/sa2shun/tx-playground/ccbench/results/ermia_wal_pwal_cstamp_20260607_195430/logs/ycsb_b_ermia_plain_pwal_th1_r2.err,/home/sa2shun/tx-playground/ccbench/results/ermia_wal_pwal_cstamp_20260607_195430/logs/ycsb_b_ermia_plain_pwal_th1_r2.out,1,0,3250955,0,0,3965837,1498131,302917252,1457385,1526991,3646095,4936298828,24010365,14061264,4579964553,108.860880,0.000000,0.000000,0.000000,0.000000,0.000000,4008,64,64,64,128,128,49850,0,49850,0,91149,0,0,0,5405903,49850,0,1,0,0,0,0,0,74776,sync,49850,4140537239,0,0,0,0,0,0,0,74776,1,49850,0,2176926,0,0,0,4008,64,64,64,128,128,49849,74774,49849,0,0,1,1817532,2589294,92517921,0,0,1,4543800633,5426606,0,0,0,0,0,0,298735115,0.000000,1,ycsb_b,0.000000,5992.800558
2100,5,10,10,100,10000,0,50,1,1,10,0,95,100000,0,0,0,0.0000,992,128,256,256,512,512,111.540621,4,7,0,14,0,-nan,0,9040620.500000,317278,7.991688,370.934717,1,1.000000,317267,317278,79316.750000,0,10877.486394,9925.250000,100,10.499360,64.000000,938.901197,8.000000,490.936772,0.954636,4412.337641,10.499360,0.000000,8,8,11,79319.500000,0.000000,65536,1,66,258136 kB,ermia_async_dep_frontier_cstamp,878.774636,11,211.455663,9.499360,48.241665,2,5,/home/sa2shun/tx-playground/ccbench/results/ermia_wal_pwal_cstamp_20260607_195430/logs/ycsb_b_ermia_async_dep_frontier_cstamp_th1_r2.err,/home/sa2shun/tx-playground/ccbench/results/ermia_wal_pwal_cstamp_20260607_195430/logs/ycsb_b_ermia_async_dep_frontier_cstamp_th1_r2.out,1,0,15332471,0,0,24208577,11312873,2214223242,11653339,11610302,24692687,4684306610,207537058,89216264,2074519797,64.499918,1.000000,1.000000,258.968233,1.000000,139.853731,992,128,256,256,512,512,317278,35389385,317278,317278,232436,7,0,14,36162482,317278,117689425,1,67087903962,20305792,2538224,302885,317278,0,async_dep_frontier_cstamp,39701,3451187128,317278,39701,3331216,297892694,155763437,1399937662,3331216,0,8,317278,0,0,66,1,66,992,128,256,256,512,512,317267,0,317278,11,11,1,0,0,278815859,3013938,15306019,11,73746865204,20464405,317278,82164923,317278,44372512,0,158696,759977793,0.000000,1,ycsb_b,0.500180,2395.305672
2100,5,10,10,100,10000,0,50,2,1,10,0,95,100000,0,0,0,0.0000,0,0,0,0,0,0,0.000000,4,0,0,0,0,-nan,0,1391984.500000,51759,51759.000000,0.000000,0,0.000000,51759,51759,12939.750000,0,81193.023493,0.000000,0,0.000000,0.000000,0.000000,0.000000,0.000000,0.000000,0.000000,0.000000,0.000000,0,2,0,12939.750000,0.000000,0,0,0,222256 kB,ermia_single_wal,1750.395062,0,0.000000,0.000000,0.000000,2,5,/home/sa2shun/tx-playground/ccbench/results/ermia_wal_pwal_cstamp_20260607_195430/logs/ycsb_b_ermia_single_wal_th2_r2.err,/home/sa2shun/tx-playground/ccbench/results/ermia_wal_pwal_cstamp_20260607_195430/logs/ycsb_b_ermia_single_wal_th2_r2.out,2,0,10284211,0,0,8872085,1556617,274961020,1508209,1674906,6816690,9914544022,16829674,20859828,9571180782,0.000000,0.000000,0.000000,0.000000,0.000000,0.000000,,,,,,,,,,,182950,,,,5567938,51759,,,,,,,,,,,4202469703,,,,,,,,,,,,,,,,,,,,,,,,,,,,4802052545,0,90598698,,,,9469314200,,,,,,,,374193254,0.000000,2,ycsb_b,0.000000,7229.530207
2100,5,10,10,100,10000,0,50,2,1,10,0,95,100000,0,0,0,0.0000,2325,64,64,64,128,128,0.000000,4,0,0,0,0,-nan,0,2488117.250000,91351,0.999978,0.000000,0,0.000000,91349,91349,22837.250000,0,83426.807562,22837.750000,0,0.000000,0.000000,0.000000,0.000000,0.000000,0.000000,0.000000,0.000000,1.498998,0,2,0,22837.250000,101.951012,0,0,0,226044 kB,ermia_plain_pwal,1966.943437,0,0.000000,0.000000,0.000000,2,5,/home/sa2shun/tx-playground/ccbench/results/ermia_wal_pwal_cstamp_20260607_195430/logs/ycsb_b_ermia_plain_pwal_th2_r2.err,/home/sa2shun/tx-playground/ccbench/results/ermia_wal_pwal_cstamp_20260607_195430/logs/ycsb_b_ermia_plain_pwal_th2_r2.out,2,0,10367345,0,0,12858573,6349338,555509344,3104719,4861211,15904095,9825953940,44695332,31258694,9141045289,98.498396,0.000000,0.000000,0.000000,0.000000,0.000000,2325,64,64,64,128,128,91351,0,91351,0,98848,0,0,0,9952469,91351,0,1,0,0,0,0,0,136932,sync,91351,7620955444,0,0,0,0,0,0,0,136932,2,91351,0,9313123,0,0,0,2325,64,64,64,128,128,91349,136930,91349,0,0,1,7577567,86505320,179678316,0,0,2,9029866943,8997730,0,0,0,0,0,0,1116839443,0.000000,2,ycsb_b,0.000000,12226.071911
2100,5,10,10,100,10000,0,50,2,1,10,0,95,100000,0,0,0,0.0000,4336,128,256,256,1024,256,138.161818,4,7,0,18,0,-nan,0,11232686.750000,394394,7.613617,496.764965,1,1.000816,394373,394393,98593.250000,0,11802.787950,12950.250000,100,10.500105,64.000162,1820.456116,8.000020,700.866187,1.909438,8638.563572,10.500105,0.000000,8,8,20,98598.250000,0.000000,65536,1,249,265432 kB,ermia_async_dep_frontier_cstamp,1065.991666,20,225.180289,9.500090,53.251204,2,5,/home/sa2shun/tx-playground/ccbench/results/ermia_wal_pwal_cstamp_20260607_195430/logs/ycsb_b_ermia_async_dep_frontier_cstamp_th2_r2.err,/home/sa2shun/tx-playground/ccbench/results/ermia_wal_pwal_cstamp_20260607_195430/logs/ycsb_b_ermia_async_dep_frontier_cstamp_th2_r2.out,2,0,42560183,0,0,65168783,42996253,3514813930,14064839,19618462,90275120,9306951719,392255478,147337765,4977860906,82.385222,1.000816,1.000816,697.350823,1.000816,237.247908,4336,128,256,256,1024,256,394394,54490054,394394,394394,254219,7,0,18,44930747,394394,195920625,1,88805026231,25241216,3155152,753069,394715,0,async_dep_frontier_cstamp,51801,4654936948,394394,51801,4141168,717975149,276416718,3406989003,4141168,0,8,394394,0,0,247,1,249,4336,128,256,256,1024,256,394373,0,394393,20,20,1,0,0,420419651,3746769,21001902,21,100262678548,32492155,394715,275030283,394715,93568914,0,196964,1308410915,0.000000,2,ycsb_b,0.499410,3317.530775
2100,5,10,10,100,10000,0,50,4,1,10,0,95,100000,0,0,1,0.0000,0,0,0,0,0,0,0.000000,4,0,0,0,0,-nan,0,1329037.250000,49217,49217.000000,0.000000,0,0.000000,49217,49217,12304.250000,0,84592.252839,0.000000,0,0.000000,0.000000,0.000000,0.000000,0.000000,0.000000,0.000000,0.000000,0.000000,0,4,0,12304.250000,0.000000,0,0,0,224392 kB,ermia_single_wal,1798.457017,0,0.000000,0.000000,0.000000,2,5,/home/sa2shun/tx-playground/ccbench/results/ermia_wal_pwal_cstamp_20260607_195430/logs/ycsb_b_ermia_single_wal_th4_r2.err,/home/sa2shun/tx-playground/ccbench/results/ermia_wal_pwal_cstamp_20260607_195430/logs/ycsb_b_ermia_single_wal_th4_r2.out,4,700790,12219600,0,0,8854965,1497335,285852255,1454088,3788308,13829156,19912579091,19250000,24655750,19540476844,0.000000,0.000000,0.000000,0.000000,0.000000,0.000000,,,,,,,,,,,394676,,,,5316149,49217,,,,,,,,,,,4163376908,,,,,,,,,,,,,,,,,,,,,,,,,,,,14787661968,0,88514659,,,,19424803197,,,,,,,,385249662,0.000000,4,ycsb_b,0.000000,7827.573034
2100,5,10,10,100,10000,0,50,4,1,10,0,95,100000,0,0,1,0.0000,4074,64,128,128,256,128,0.000000,4,0,0,0,0,-nan,0,4184784.750000,152806,0.999974,0.000000,0,0.000000,152802,152802,38200.500000,0,99252.659592,38201.500000,0,0.000000,0.000000,0.000000,0.000000,0.000000,0.000000,0.000000,0.000000,1.495772,0,4,0,38200.500000,168.856919,0,0,0,233320 kB,ermia_plain_pwal,2056.109194,0,0.000000,0.000000,0.000000,2,5,/home/sa2shun/tx-playground/ccbench/results/ermia_wal_pwal_cstamp_20260607_195430/logs/ycsb_b_ermia_plain_pwal_th4_r2.err,/home/sa2shun/tx-playground/ccbench/results/ermia_wal_pwal_cstamp_20260607_195430/logs/ycsb_b_ermia_plain_pwal_th4_r2.out,4,233808,22613852,0,0,25799446,16114148,888505753,7485880,13246545,35136562,19635816403,78901996,57501478,18490276935,96.704526,0.000000,0.000000,0.000000,0.000000,0.000000,4074,64,128,128,256,128,152806,0,152806,0,119390,0,0,0,16739139,152806,0,1,0,0,0,0,0,228557,sync,152806,15166004891,0,0,0,0,0,0,0,228557,4,152806,0,25801675,0,0,0,4074,64,128,128,256,128,152802,228551,152802,0,0,1,20498942,536522012,314177597,0,0,4,18243599088,14776645,0,0,0,0,0,0,2165817326,0.000000,4,ycsb_b,0.000000,14174.011636
2100,5,10,10,100,10000,0,50,4,1,10,0,95,100000,0,0,2,0.0000,6258,256,256,256,4096,2048,158.743770,4,7,0,52,0,-nan,0,19924666.000000,697207,7.510325,575.287377,1,1.003719,697185,697206,174296.250000,0,13965.842291,23208.250000,100,10.499392,64.000092,2151.207799,8.000011,923.456515,3.874924,9857.662275,10.499392,0.000000,8,8,21,174301.500000,0.000000,65536,2,1133,366228 kB,ermia_async_dep_frontier_cstamp,1215.591165,21,342.674235,9.499332,84.485017,2,5,/home/sa2shun/tx-playground/ccbench/results/ermia_wal_pwal_cstamp_20260607_195430/logs/ycsb_b_ermia_async_dep_frontier_cstamp_th4_r2.err,/home/sa2shun/tx-playground/ccbench/results/ermia_wal_pwal_cstamp_20260607_195430/logs/ycsb_b_ermia_async_dep_frontier_cstamp_th4_r2.out,4,700767,85485044,0,0,96220648,71630140,6912481477,29989425,51688224,168568063,18646997261,714287909,269698819,10246246745,93.642324,1.003719,1.003719,1275.519324,1.003719,248.630187,6258,256,256,256,4096,2048,697207,110677109,697207,697207,377713,7,0,52,79698664,697207,401093811,1,238907336699,44621248,5577656,2701620,699799,0,async_dep_frontier_cstamp,92833,9737069040,697207,92833,7320239,1499834985,643839423,6872821284,7320239,0,8,697207,0,0,1088,2,1133,6258,256,256,256,4096,2048,697185,0,697206,21,21,1,0,0,847517454,6622991,58903461,22,263344559531,65287990,699799,889299726,699799,173346458,0,348725,3137532091,0.000000,4,ycsb_b,0.500175,4500.150732
2100,5,10,10,100,10000,0,50,8,1,10,0,95,100000,0,0,1,0.0000,0,0,0,0,0,0,0.000000,4,0,0,0,0,-nan,0,1402259.250000,51465,51465.000000,0.000000,0,0.000000,51465,51465,12866.250000,0,81323.467424,0.000000,0,0.000000,0.000000,0.000000,0.000000,0.000000,0.000000,0.000000,0.000000,0.000000,0,8,0,12866.250000,0.000000,0,0,0,230364 kB,ermia_single_wal,1829.916526,0,0.000000,0.000000,0.000000,2,5,/home/sa2shun/tx-playground/ccbench/results/ermia_wal_pwal_cstamp_20260607_195430/logs/ycsb_b_ermia_single_wal_th8_r2.err,/home/sa2shun/tx-playground/ccbench/results/ermia_wal_pwal_cstamp_20260607_195430/logs/ycsb_b_ermia_single_wal_th8_r2.out,8,376,10615740,0,0,6597471,1552603,293921311,1523322,11402918,16759777,39922115238,19069357,21425012,39539247351,0.000000,0.000000,0.000000,0.000000,0.000000,0.000000,,,,,,,,,,,766483,,,,5609037,51465,,,,,,,,,,,4185312251,,,,,,,,,,,,,,,,,,,,,,,,,,,,34785637152,0,94176654,,,,39447087301,,,,,,,,381961244,0.000000,8,ycsb_b,0.000000,7421.767104
2100,5,10,10,100,10000,0,50,8,1,10,0,95,100000,0,0,3,0.0000,4193,128,128,128,256,128,0.000000,4,0,0,0,0,-nan,0,6986131.250000,251877,0.999968,0.000000,0,0.000000,251869,251869,62967.250000,0,119965.244484,62969.250000,0,0.000000,0.000000,0.000000,0.000000,0.000000,0.000000,0.000000,0.000000,1.500367,0,8,0,62967.250000,159.396929,0,0,0,253420 kB,ermia_plain_pwal,1993.180185,0,0.000000,0.000000,0.000000,2,5,/home/sa2shun/tx-playground/ccbench/results/ermia_wal_pwal_cstamp_20260607_195430/logs/ycsb_b_ermia_plain_pwal_th8_r2.err,/home/sa2shun/tx-playground/ccbench/results/ermia_wal_pwal_cstamp_20260607_195430/logs/ycsb_b_ermia_plain_pwal_th8_r2.out,8,2451127,47207882,0,0,43190091,25308418,1327420026,23712913,36468400,60366793,39351256694,132229021,103694731,37549207292,73.919287,0.000000,0.000000,0.000000,0.000000,0.000000,4193,128,128,128,256,128,251877,0,251877,0,146563,0,0,0,27944525,251877,0,1,0,0,0,0,0,377896,sync,251877,30215526163,0,0,0,0,0,0,0,377896,8,251877,0,40147145,0,0,0,4193,128,128,128,256,128,251869,377884,251869,0,0,1,29371994,1733739835,502020300,0,0,8,36915909819,18617977,0,0,0,0,0,0,4376486405,0.000000,8,ycsb_b,0.000000,17376.042328
2100,5,10,10,100,10000,0,50,8,1,10,0,95,100000,0,0,14,0.0000,5954,256,256,256,4096,512,182.912319,4,6,0,65,0,-nan,0,28997139.500000,1014934,6.783631,656.555101,1,1.005108,1014873,1014933,253718.250000,0,17621.798002,37403.750000,100,10.499938,64.000063,3799.347634,8.000008,1104.602067,7.791909,15315.705733,10.499938,0.000000,8,8,60,253733.250000,0.000000,65536,1,1163,475016 kB,ermia_async_dep_frontier_cstamp,1607.266474,60,322.684286,9.499813,120.083213,2,5,/home/sa2shun/tx-playground/ccbench/results/ermia_wal_pwal_cstamp_20260607_195430/logs/ycsb_b_ermia_async_dep_frontier_cstamp_th8_r2.err,/home/sa2shun/tx-playground/ccbench/results/ermia_wal_pwal_cstamp_20260607_195430/logs/ycsb_b_ermia_async_dep_frontier_cstamp_th8_r2.out,8,8872684,146702801,0,0,143815215,114251057,12464360018,61514158,107154016,277410905,37807215394,1303956240,433699437,22745478863,109.825371,1.005108,1.005108,2544.686593,1.005108,291.365507,5954,256,256,256,4096,512,1014934,185643749,1014934,1014934,371783,6,0,65,115988558,1014934,666359438,1,327483569476,64955776,8119472,7908266,1020117,0,async_dep_frontier_cstamp,149615,17884944312,1014934,149615,10656734,3856083292,1121097090,15544415167,10656734,0,8,1014934,0,0,1116,1,1163,5954,256,256,256,4096,512,1014873,0,1014933,60,60,1,0,0,1631267784,9641674,121876416,61,377335364392,111465393,1020117,2582686398,1020117,295716468,0,507176,5850239409,0.000000,8,ycsb_b,0.499714,5764.163161
2100,5,10,10,100,10000,0,50,16,1,10,0,95,100000,0,0,2,0.0000,0,0,0,0,0,0,0.000000,4,0,0,0,0,-nan,0,1320090.000000,48638,48638.000000,0.000000,0,0.000000,48638,48638,12159.500000,0,86472.601772,0.000000,0,0.000000,0.000000,0.000000,0.000000,0.000000,0.000000,0.000000,0.000000,0.000000,0,16,0,12159.500000,0.000000,0,0,0,240748 kB,ermia_single_wal,1905.835766,0,0.000000,0.000000,0.000000,2,5,/home/sa2shun/tx-playground/ccbench/results/ermia_wal_pwal_cstamp_20260607_195430/logs/ycsb_b_ermia_single_wal_th16_r2.err,/home/sa2shun/tx-playground/ccbench/results/ermia_wal_pwal_cstamp_20260607_195430/logs/ycsb_b_ermia_single_wal_th16_r2.out,16,1284404,9694344,0,0,7563238,1492809,285964593,1471245,40162463,39564887,79920898623,21687760,25027415,79486985465,0.000000,0.000000,0.000000,0.000000,0.000000,0.000000,,,,,,,,,,,1632065,,,,5280360,48638,,,,,,,,,,,4205854405,,,,,,,,,,,,,,,,,,,,,,,,,,,,74745994716,0,92696040,,,,79380406399,,,,,,,,335861238,0.000000,16,ycsb_b,0.000000,6905.325836
2100,5,10,10,100,10000,0,50,16,1,10,0,95,100000,0,0,8,0.0000,3961,128,256,256,256,256,0.000000,4,0,0,0,0,-nan,0,9808216.250000,350758,0.999954,0.000000,0,0.000000,350742,350742,87685.500000,0,170061.501223,87689.500000,0,0.000000,0.000000,0.000000,0.000000,0.000000,0.000000,0.000000,0.000000,1.500599,0,16,0,87685.500000,266.154398,0,0,0,267936 kB,ermia_plain_pwal,2269.159185,0,0.000000,0.000000,0.000000,2,5,/home/sa2shun/tx-playground/ccbench/results/ermia_wal_pwal_cstamp_20260607_195430/logs/ycsb_b_ermia_plain_pwal_th16_r2.err,/home/sa2shun/tx-playground/ccbench/results/ermia_wal_pwal_cstamp_20260607_195430/logs/ycsb_b_ermia_plain_pwal_th16_r2.out,16,6070932,119289958,0,0,86817440,57385583,2156962548,58224620,102422140,146795272,78401015621,220641649,222772157,75223633322,135.897209,0.000000,0.000000,0.000000,0.000000,0.000000,3961,128,256,256,256,256,350758,0,350758,0,207620,0,0,0,39232865,350758,0,1,0,0,0,0,0,526323,sync,350758,59647711062,0,0,0,0,0,0,0,526323,16,350758,0,93351526,0,0,0,3961,128,256,256,256,256,350742,526294,350742,0,0,1,51286020,5249056408,795889431,0,0,16,72824582450,47664859,0,0,0,0,0,0,6939623144,0.000000,16,ycsb_b,0.000000,19785.549333
2100,5,10,10,100,10000,0,50,16,1,10,0,95,100000,0,0,31,0.0000,6009,256,256,512,4096,1024,235.386670,4,6,0,71,0,-nan,0,28284290.500000,985840,6.986174,1200.033595,1,1.004972,985761,985826,246440.250000,0,18704.179358,35277.750000,100,10.500321,64.000909,13240.420976,8.000114,1278.230865,7.787634,37643.708063,10.500321,0.000000,8,8,65,246456.500000,0.000000,65536,2,1216,450340 kB,ermia_async_dep_frontier_cstamp,2129.301669,68,369.907030,9.500010,126.439086,2,5,/home/sa2shun/tx-playground/ccbench/results/ermia_wal_pwal_cstamp_20260607_195430/logs/ycsb_b_ermia_async_dep_frontier_cstamp_th16_r2.err,/home/sa2shun/tx-playground/ccbench/results/ermia_wal_pwal_cstamp_20260607_195430/logs/ycsb_b_ermia_async_dep_frontier_cstamp_th16_r2.out,16,16814591,185417726,0,0,176761062,153413115,21938468183,87042561,165778130,391226453,77045468444,2437688068,535820353,50957038202,140.392607,1.004972,1.004972,7556.430631,1.004972,484.784269,6009,256,256,512,4096,1024,985840,232050299,985840,985840,458252,6,0,71,113137162,985840,1183024319,1,364639923624,63093760,7886720,7677252,990728,0,async_dep_frontier_cstamp,141111,18439066320,985840,141111,10351489,13052751249,1260113221,37110146145,10351489,0,8,985840,0,0,1168,2,1216,6009,256,256,512,4096,1024,985761,0,985826,65,68,1,0,0,2099120947,9365357,124646938,79,451763210278,138402682,990728,7449325783,990728,477912937,0,492540,5556725814,0.000000,16,ycsb_b,0.499622,5636.619255
2100,5,10,10,100,10000,0,50,32,1,10,0,95,100000,0,0,5,0.0001,0,0,0,0,0,0,0.000000,4,0,0,0,0,-nan,0,1329618.250000,48540,48540.000000,0.000000,0,0.000000,48540,48540,12135.000000,0,85707.474990,0.000000,0,0.000000,0.000000,0.000000,0.000000,0.000000,0.000000,0.000000,0.000000,0.000000,0,32,0,12135.000000,0.000000,0,0,0,263860 kB,ermia_single_wal,1961.962897,0,0.000000,0.000000,0.000000,2,5,/home/sa2shun/tx-playground/ccbench/results/ermia_wal_pwal_cstamp_20260607_195430/logs/ycsb_b_ermia_single_wal_th32_r2.err,/home/sa2shun/tx-playground/ccbench/results/ermia_wal_pwal_cstamp_20260607_195430/logs/ycsb_b_ermia_single_wal_th32_r2.out,32,3851999,9196735,0,0,11429299,1530011,292775736,1487039,137499471,147683316,159963381467,30057933,25573068,159302296860,0.000000,0.000000,0.000000,0.000000,0.000000,0.000000,,,,,,,,,,,3279497,,,,5318473,48540,,,,,,,,,,,4160240836,,,,,,,,,,,,,,,,,,,,,,,,,,,,154571915784,0,95233679,,,,159186816927,,,,,,,,359426628,0.000000,32,ycsb_b,0.000000,7404.751298
2100,5,10,10,100,10000,0,50,32,1,10,0,95,100000,0,0,31,0.0001,4415,256,256,256,512,512,0.000000,4,0,0,0,0,-nan,0,12187940.750000,433465,0.999926,0.000000,0,0.000000,433433,433433,108358.250000,0,275797.481304,108366.250000,0,0.000000,0.000000,0.000000,0.000000,0.000000,0.000000,0.000000,0.000000,1.500638,0,32,0,108358.250000,302.425609,0,0,0,297864 kB,ermia_plain_pwal,2366.187840,0,0.000000,0.000000,0.000000,2,5,/home/sa2shun/tx-playground/ccbench/results/ermia_wal_pwal_cstamp_20260607_195430/logs/ycsb_b_ermia_plain_pwal_th32_r2.err,/home/sa2shun/tx-playground/ccbench/results/ermia_wal_pwal_cstamp_20260607_195430/logs/ycsb_b_ermia_plain_pwal_th32_r2.out,32,14828128,222451867,0,0,157302142,69106646,2738461866,138456854,283665870,270641277,156812310688,301356690,367761005,152248278343,151.267882,0.000000,0.000000,0.000000,0.000000,0.000000,4415,256,256,256,512,512,433465,0,433465,0,336469,0,0,0,48751763,433465,0,1,0,0,0,0,0,650426,sync,433465,119539729714,0,0,0,0,0,0,0,650426,32,433465,0,131081239,0,0,0,4415,256,256,256,512,512,433433,650381,433433,0,0,1,73178732,11807890783,1025583894,0,0,32,145847884173,65564492,0,0,0,0,0,0,13204855319,0.000000,32,ycsb_b,0.000000,30465.735925
2100,5,10,10,100,10000,0,50,32,1,10,0,95,100000,0,0,43,0.0001,5866,256,256,512,4096,1024,228.005798,4,5,0,58,0,-nan,0,24002976.250000,835448,5.945888,1276.516946,1,1.003012,835390,835433,208847.500000,0,20289.803107,35126.500000,100,10.501828,64.001149,55548.996836,8.000144,1313.294348,7.747982,104106.673770,10.501828,0.000000,8,8,43,208858.250000,0.000000,65536,3,985,435152 kB,ermia_async_dep_frontier_cstamp,2537.802907,45,358.059865,9.501201,127.330797,2,5,/home/sa2shun/tx-playground/ccbench/results/ermia_wal_pwal_cstamp_20260607_195430/logs/ycsb_b_ermia_async_dep_frontier_cstamp_th32_r2.err,/home/sa2shun/tx-playground/ccbench/results/ermia_wal_pwal_cstamp_20260607_195430/logs/ycsb_b_ermia_async_dep_frontier_cstamp_th32_r2.out,32,23587841,164064022,0,0,164998289,127413548,51185269114,78333058,203605674,394980380,157277883955,5487952044,481858908,98965821077,137.215919,1.003012,1.003012,7391.721011,1.003012,499.369478,5866,256,256,512,4096,1024,835448,190483568,835448,835448,557171,5,0,58,96011905,835448,1066444382,1,299119630767,53468672,6683584,6472920,837949,0,async_dep_frontier_cstamp,140506,16950771079,835448,140506,8773574,46407465074,1097169437,86974150788,8773574,0,8,835448,0,0,955,3,985,5866,256,256,512,4096,1024,835390,0,835433,43,45,1,0,0,2120164296,7937617,106376350,58,465487882940,114634707,837949,6175287659,837949,417189741,0,416385,4748115092,0.000000,32,ycsb_b,0.498406,5683.418170
2100,5,10,10,100,10000,0,50,1,1,10,0,95,100000,0,0,0,0.0000,0,0,0,0,0,0,0.000000,4,0,0,0,0,-nan,0,1410759.250000,51933,51933.000000,0.000000,0,0.000000,51933,51933,12983.250000,0,79362.421543,0.000000,0,0.000000,0.000000,0.000000,0.000000,0.000000,0.000000,0.000000,0.000000,0.000000,0,1,0,12983.250000,0.000000,0,0,0,220884 kB,ermia_single_wal,1801.216991,0,0.000000,0.000000,0.000000,3,5,/home/sa2shun/tx-playground/ccbench/results/ermia_wal_pwal_cstamp_20260607_195430/logs/ycsb_b_ermia_single_wal_th1_r3.err,/home/sa2shun/tx-playground/ccbench/results/ermia_wal_pwal_cstamp_20260607_195430/logs/ycsb_b_ermia_single_wal_th1_r3.out,1,0,3458250,0,0,4210920,1553972,270095387,1525747,1592459,3676978,4933326443,17592811,15178681,4614441238,0.000000,0.000000,0.000000,0.000000,0.000000,0.000000,,,,,,,,,,,88586,,,,5643037,51933,,,,,,,,,,,4121528638,,,,,,,,,,,,,,,,,,,,,,,,,,,,3159936,0,93542602,,,,4600577850,,,,,,,,382346674,0.000000,1,ycsb_b,0.000000,7362.306703
2100,5,10,10,100,10000,0,50,1,1,10,0,95,100000,0,0,0,0.0000,4168,64,64,64,128,128,0.000000,4,0,0,0,0,-nan,0,1369432.500000,51060,0.999980,0.000000,0,0.000000,51059,51059,12764.750000,0,79992.021426,12765.000000,0,0.000000,0.000000,0.000000,0.000000,0.000000,0.000000,0.000000,0.000000,1.492058,0,1,0,12764.750000,43.312345,0,0,0,221540 kB,ermia_plain_pwal,1891.257996,0,0.000000,0.000000,0.000000,3,5,/home/sa2shun/tx-playground/ccbench/results/ermia_wal_pwal_cstamp_20260607_195430/logs/ycsb_b_ermia_plain_pwal_th1_r3.err,/home/sa2shun/tx-playground/ccbench/results/ermia_wal_pwal_cstamp_20260607_195430/logs/ycsb_b_ermia_plain_pwal_th1_r3.out,1,0,3341337,0,0,4055752,1522345,315241444,1503900,1565736,3721894,4936912258,24249518,14425712,4567284620,99.286296,0.000000,0.000000,0.000000,0.000000,0.000000,4168,64,64,64,128,128,51060,0,51060,0,88714,0,0,0,5477730,51060,0,1,0,0,0,0,0,76183,sync,51060,4084312622,0,0,0,0,0,0,0,76183,1,51060,0,2211485,0,0,0,4168,64,64,64,128,128,51059,76180,51059,0,0,1,1691147,2654019,96565742,0,0,1,4529744976,5069459,0,0,0,0,0,0,337240502,0.000000,1,ycsb_b,0.000000,6604.917879
2100,5,10,10,100,10000,0,50,1,1,10,0,95,100000,0,0,0,0.0000,5978,128,256,512,4096,4096,137.554540,4,7,0,22,0,-nan,0,8250419.500000,289368,7.996684,558.097765,1,1.000000,289355,289368,72338.750000,0,10831.505128,9046.500000,100,10.498303,64.000000,940.527795,8.000000,490.945955,0.949687,5075.762275,10.498303,0.000000,8,8,13,72342.000000,0.000000,65536,1,417,255952 kB,ermia_async_dep_frontier_cstamp,966.948225,13,358.951292,9.498303,48.333651,3,5,/home/sa2shun/tx-playground/ccbench/results/ermia_wal_pwal_cstamp_20260607_195430/logs/ycsb_b_ermia_async_dep_frontier_cstamp_th1_r3.err,/home/sa2shun/tx-playground/ccbench/results/ermia_wal_pwal_cstamp_20260607_195430/logs/ycsb_b_ermia_async_dep_frontier_cstamp_th1_r3.out,1,0,11642279,0,0,21917141,8722767,2090613256,8907504,9064032,21252338,4712238465,206439895,80361905,2253317348,76.730406,1.000000,1.000000,364.381113,1.000000,185.044300,5978,128,256,512,4096,4096,289368,39803882,289368,289368,381173,7,0,22,33001678,289368,161495634,1,103864351167,18519552,2314944,274809,289368,0,async_dep_frontier_cstamp,36186,3134290976,289368,36186,3037873,272158647,142064049,1468763178,3037873,0,8,289368,0,0,417,1,417,5978,128,256,512,4096,4096,289355,0,289368,13,13,1,0,0,279803874,2748505,13986212,13,110299531295,22203324,289368,105440234,289368,53545899,0,145055,741624219,0.000000,1,ycsb_b,0.501282,2562.910270
2100,5,10,10,100,10000,0,50,2,1,10,0,95,100000,0,0,0,0.0000,0,0,0,0,0,0,0.000000,4,0,0,0,0,-nan,0,1289926.000000,47786,47786.000000,0.000000,0,0.000000,47786,47786,11946.500000,0,86785.032415,0.000000,0,0.000000,0.000000,0.000000,0.000000,0.000000,0.000000,0.000000,0.000000,0.000000,0,2,0,11946.500000,0.000000,0,0,0,221824 kB,ermia_single_wal,1750.658540,0,0.000000,0.000000,0.000000,3,5,/home/sa2shun/tx-playground/ccbench/results/ermia_wal_pwal_cstamp_20260607_195430/logs/ycsb_b_ermia_single_wal_th2_r3.err,/home/sa2shun/tx-playground/ccbench/results/ermia_wal_pwal_cstamp_20260607_195430/logs/ycsb_b_ermia_single_wal_th2_r3.out,2,0,13198006,0,0,13013159,1435895,267542656,1390770,1570154,10936216,9904942468,18129492,23912716,9553813404,0.000000,0.000000,0.000000,0.000000,0.000000,0.000000,,,,,,,,,,,197199,,,,5159704,47786,,,,,,,,,,,4147109559,,,,,,,,,,,,,,,,,,,,,,,,,,,,4808697453,0,83656969,,,,9423388537,,,,,,,,383924556,0.000000,2,ycsb_b,0.000000,8034.247604
2100,5,10,10,100,10000,0,50,2,1,10,0,95,100000,0,0,0,0.0000,3924,64,64,64,128,128,0.000000,4,0,0,0,0,-nan,0,2293849.500000,83965,0.999976,0.000000,0,0.000000,83963,83963,20990.750000,0,89356.542906,20991.250000,0,0.000000,0.000000,0.000000,0.000000,0.000000,0.000000,0.000000,0.000000,1.502031,0,2,0,20990.750000,184.894799,0,0,0,225320 kB,ermia_plain_pwal,2085.468230,0,0.000000,0.000000,0.000000,3,5,/home/sa2shun/tx-playground/ccbench/results/ermia_wal_pwal_cstamp_20260607_195430/logs/ycsb_b_ermia_plain_pwal_th2_r3.err,/home/sa2shun/tx-playground/ccbench/results/ermia_wal_pwal_cstamp_20260607_195430/logs/ycsb_b_ermia_plain_pwal_th2_r3.out,2,0,15575454,0,0,17053964,12431730,523945080,3106376,7137158,25756376,9752906096,48366821,38331768,9061201369,131.383645,0.000000,0.000000,0.000000,0.000000,0.000000,3924,64,64,64,128,128,83965,0,83965,0,105816,0,0,0,9175398,83965,0,1,0,0,0,0,0,126115,sync,83965,7502643412,0,0,0,0,0,0,0,126115,2,83965,0,15524322,0,0,0,3924,64,64,64,128,128,83963,126112,83963,0,0,1,16031321,124604053,175102169,0,0,2,8884853759,11031365,0,0,0,0,0,0,1039917117,0.000000,2,ycsb_b,0.000000,12385.421162
2100,5,10,10,100,10000,0,50,2,1,10,0,95,100000,0,0,1,0.0000,6275,128,256,256,4096,2048,139.547269,4,7,0,24,0,-nan,0,10750037.000000,377673,7.595825,501.490118,1,1.001011,377662,377672,94415.500000,0,12045.623734,12430.250000,100,10.500286,64.000169,1969.839567,8.000021,682.457000,1.905267,9235.680027,10.500286,0.000000,8,8,10,94418.000000,0.000000,65536,1,644,264312 kB,ermia_async_dep_frontier_cstamp,1144.432979,9,292.955083,9.500259,59.084629,3,5,/home/sa2shun/tx-playground/ccbench/results/ermia_wal_pwal_cstamp_20260607_195430/logs/ycsb_b_ermia_async_dep_frontier_cstamp_th2_r3.err,/home/sa2shun/tx-playground/ccbench/results/ermia_wal_pwal_cstamp_20260607_195430/logs/ycsb_b_ermia_async_dep_frontier_cstamp_th2_r3.out,2,700396,43980946,0,0,64467094,41500727,3375875076,13601530,19750424,92315920,9305259145,394544506,144654586,5113867940,90.423725,1.001011,1.001011,744.600574,1.001011,256.201145,6275,128,256,256,4096,2048,377673,52703096,377673,377673,323140,7,0,24,43000148,377673,189398776,1,110638002470,24171072,3021384,719566,378054,0,async_dep_frontier_cstamp,49721,4549294807,377673,49721,3965664,743953249,257744900,3488057747,3965664,0,8,377673,0,0,637,1,644,6275,128,256,256,4096,2048,377662,0,377672,10,9,1,0,0,432220292,3587982,22314610,11,122041458788,34150509,378054,281214788,378054,96759999,0,188551,1255643545,0.000000,2,ycsb_b,0.499245,3324.693239
2100,5,10,10,100,10000,0,50,4,1,10,0,95,100000,0,0,2,0.0000,0,0,0,0,0,0,0.000000,4,0,0,0,0,-nan,0,1394284.750000,51453,51453.000000,0.000000,0,0.000000,51453,51453,12863.250000,0,81552.874954,0.000000,0,0.000000,0.000000,0.000000,0.000000,0.000000,0.000000,0.000000,0.000000,0.000000,0,4,0,12863.250000,0.000000,0,0,0,224572 kB,ermia_single_wal,1744.894000,0,0.000000,0.000000,0.000000,3,5,/home/sa2shun/tx-playground/ccbench/results/ermia_wal_pwal_cstamp_20260607_195430/logs/ycsb_b_ermia_single_wal_th4_r3.err,/home/sa2shun/tx-playground/ccbench/results/ermia_wal_pwal_cstamp_20260607_195430/logs/ycsb_b_ermia_single_wal_th4_r3.out,4,583955,10632364,0,0,6974935,1535728,280003030,1517556,3983492,12541915,19920176101,17708039,21350944,19563344143,0.000000,0.000000,0.000000,0.000000,0.000000,0.000000,,,,,,,,,,,378427,,,,5577139,51453,,,,,,,,,,,4196140075,,,,,,,,,,,,,,,,,,,,,,,,,,,,14799121221,0,89780031,,,,19471235882,,,,,,,,386194555,0.000000,4,ycsb_b,0.000000,7505.773327
2100,5,10,10,100,10000,0,50,4,1,10,0,95,100000,0,0,1,0.0000,4085,64,64,128,128,128,0.000000,4,0,0,0,0,-nan,0,4613290.000000,166990,0.999976,0.000000,0,0.000000,166986,166986,41746.500000,0,89635.253309,41747.500000,0,0.000000,0.000000,0.000000,0.000000,0.000000,0.000000,0.000000,0.000000,1.501162,0,4,0,41746.500000,167.866402,0,0,0,234144 kB,ermia_plain_pwal,2051.934036,0,0.000000,0.000000,0.000000,3,5,/home/sa2shun/tx-playground/ccbench/results/ermia_wal_pwal_cstamp_20260607_195430/logs/ycsb_b_ermia_plain_pwal_th4_r3.err,/home/sa2shun/tx-playground/ccbench/results/ermia_wal_pwal_cstamp_20260607_195430/logs/ycsb_b_ermia_plain_pwal_th4_r3.out,4,350150,25312097,0,0,29053926,18057079,959721101,8367557,15963563,41256709,19574902877,87451451,69379780,18319989464,101.679758,0.000000,0.000000,0.000000,0.000000,0.000000,4085,64,64,128,128,128,166990,0,166990,0,107723,0,0,0,18453160,166990,0,1,0,0,0,0,0,250673,sync,166990,14967832409,0,0,0,0,0,0,0,250673,4,166990,0,28031339,0,0,0,4085,64,64,128,128,128,166986,250668,166986,0,0,1,25713947,517726510,342644257,0,0,4,17988731048,16979096,0,0,0,0,0,0,2089803490,0.000000,4,ycsb_b,0.000000,12514.842502
2100,5,10,10,100,10000,0,50,4,1,10,0,95,100000,0,0,3,0.0000,6078,128,256,256,4096,2048,155.209168,4,7,0,41,0,-nan,0,19069139.250000,667718,7.347146,531.517702,1,1.002878,667693,667716,166923.250000,0,13503.897602,22720.250000,100,10.499721,64.000192,2307.567130,8.000024,930.528710,3.869434,10381.782318,10.499721,0.000000,8,8,23,166929.000000,0.000000,65536,1,1028,333856 kB,ermia_async_dep_frontier_cstamp,1262.072398,23,299.640469,9.499666,69.432335,3,5,/home/sa2shun/tx-playground/ccbench/results/ermia_wal_pwal_cstamp_20260607_195430/logs/ycsb_b_ermia_async_dep_frontier_cstamp_th4_r3.err,/home/sa2shun/tx-playground/ccbench/results/ermia_wal_pwal_cstamp_20260607_195430/logs/ycsb_b_ermia_async_dep_frontier_cstamp_th4_r3.out,4,784,93713485,0,0,100651324,79156170,6795766263,29116868,51564274,176920662,18613746784,757718773,269489556,10259648625,97.690281,1.002878,1.002878,1221.091698,1.002878,257.457353,6078,128,256,256,4096,2048,667718,103635645,667718,667718,334652,7,0,41,76276557,667718,354902874,1,200067843620,42733952,5341744,2583683,669638,0,async_dep_frontier_cstamp,90881,9016768491,667718,90881,7010832,1540799494,621328908,6932082162,7010832,0,8,667718,0,0,1001,1,1028,6078,128,256,256,4096,2048,667693,0,667716,23,23,1,0,0,842705933,6343079,46361081,25,223453185660,65229364,669638,815342464,669638,171908394,0,333784,2874277230,0.000000,4,ycsb_b,0.499889,4304.640341
2100,5,10,10,100,10000,0,50,8,1,10,0,95,100000,0,0,1,0.0000,0,0,0,0,0,0,0.000000,4,0,0,0,0,-nan,0,1329602.750000,49051,49051.000000,0.000000,0,0.000000,49051,49051,12262.750000,0,84894.916515,0.000000,0,0.000000,0.000000,0.000000,0.000000,0.000000,0.000000,0.000000,0.000000,0.000000,0,8,0,12262.750000,0.000000,0,0,0,229928 kB,ermia_single_wal,1805.884447,0,0.000000,0.000000,0.000000,3,5,/home/sa2shun/tx-playground/ccbench/results/ermia_wal_pwal_cstamp_20260607_195430/logs/ycsb_b_ermia_single_wal_th8_r3.err,/home/sa2shun/tx-playground/ccbench/results/ermia_wal_pwal_cstamp_20260607_195430/logs/ycsb_b_ermia_single_wal_th8_r3.out,8,505,12510551,0,0,7998028,1466223,286730825,1449511,8293773,16495150,39915884429,20122751,25192936,39535624176,0.000000,0.000000,0.000000,0.000000,0.000000,0.000000,,,,,,,,,,,803617,,,,5318411,49051,,,,,,,,,,,4164180550,,,,,,,,,,,,,,,,,,,,,,,,,,,,34792856112,0,88580438,,,,39418231267,,,,,,,,372614167,0.000000,8,ycsb_b,0.000000,7596.464231
2100,5,10,10,100,10000,0,50,8,1,10,0,95,100000,0,0,4,0.0000,4188,128,128,128,256,128,0.000000,4,0,0,0,0,-nan,0,7312358.250000,263360,0.999970,0.000000,0,0.000000,263352,263352,65838.000000,0,110606.406372,65840.000000,0,0.000000,0.000000,0.000000,0.000000,0.000000,0.000000,0.000000,0.000000,1.500835,0,8,0,65838.000000,204.126572,0,0,0,252148 kB,ermia_plain_pwal,2100.145437,0,0.000000,0.000000,0.000000,3,5,/home/sa2shun/tx-playground/ccbench/results/ermia_wal_pwal_cstamp_20260607_195430/logs/ycsb_b_ermia_plain_pwal_th8_r3.err,/home/sa2shun/tx-playground/ccbench/results/ermia_wal_pwal_cstamp_20260607_195430/logs/ycsb_b_ermia_plain_pwal_th8_r3.out,8,2218501,61350059,0,0,58436559,34938263,1580007634,21672609,42654703,85632793,39149448266,161466716,131694421,36969376008,126.431738,0.000000,0.000000,0.000000,0.000000,0.000000,4188,128,128,128,256,128,263360,0,263360,0,137065,0,0,0,29249433,263360,0,1,0,0,0,0,0,395248,sync,263360,29128418331,0,0,0,0,0,0,0,395248,8,263360,0,53757141,0,0,0,4188,128,128,128,256,128,263352,395235,263352,0,0,1,36714766,1674293879,553077501,0,0,8,36097515356,33296051,0,0,0,0,0,0,4617957687,0.000000,8,ycsb_b,0.000000,17535.305170
2100,5,10,10,100,10000,0,50,8,1,10,0,95,100000,0,0,17,0.0000,6925,256,256,256,4096,512,234.045262,4,5,0,57,0,-nan,0,24933729.000000,872873,5.989926,930.524855,1,1.004361,872824,872870,218206.000000,0,19248.271298,36430.750000,100,10.499144,64.000220,4594.430213,8.000027,1121.157895,7.763708,17787.357928,10.499144,0.000000,8,8,46,218217.500000,0.000000,65536,1,1321,392204 kB,ermia_async_dep_frontier_cstamp,1672.656255,47,329.985493,9.498990,125.034413,3,5,/home/sa2shun/tx-playground/ccbench/results/ermia_wal_pwal_cstamp_20260607_195430/logs/ycsb_b_ermia_async_dep_frontier_cstamp_th8_r3.err,/home/sa2shun/tx-playground/ccbench/results/ermia_wal_pwal_cstamp_20260607_195430/logs/ycsb_b_ermia_async_dep_frontier_cstamp_th8_r3.out,8,11091015,149817138,0,0,155650439,119066968,11958672007,59675282,111480816,308594318,37711154394,1379205600,423181612,23034719199,125.821609,1.004361,1.004361,3462.509461,1.004361,301.508700,6925,256,256,256,4096,512,872873,204291088,872873,872873,385405,5,0,57,99734916,872873,812227230,1,288019258139,55863872,6982984,6776708,876677,0,async_dep_frontier_cstamp,145723,16801238568,872873,145723,9164388,4010340300,978625092,15526051115,9164388,0,8,872873,0,0,1247,1,1321,6925,256,256,256,4096,512,872824,0,872870,46,47,1,0,0,1460011465,8291383,109138788,49,336410436952,109825908,876677,3022320633,876677,263177899,0,436933,5093930727,0.000000,8,ycsb_b,0.500571,5835.841221
2100,5,10,10,100,10000,0,50,16,1,10,0,95,100000,0,0,3,0.0001,0,0,0,0,0,0,0.000000,4,0,0,0,0,-nan,0,1320993.750000,47995,47995.000000,0.000000,0,0.000000,47995,47995,11998.750000,0,87029.859965,0.000000,0,0.000000,0.000000,0.000000,0.000000,0.000000,0.000000,0.000000,0.000000,0.000000,0,16,0,11998.750000,0.000000,0,0,0,241096 kB,ermia_single_wal,1921.768497,0,0.000000,0.000000,0.000000,3,5,/home/sa2shun/tx-playground/ccbench/results/ermia_wal_pwal_cstamp_20260607_195430/logs/ycsb_b_ermia_single_wal_th16_r3.err,/home/sa2shun/tx-playground/ccbench/results/ermia_wal_pwal_cstamp_20260607_195430/logs/ycsb_b_ermia_single_wal_th16_r3.out,16,1051347,10145304,0,0,7174842,1476193,276063662,1444015,32282042,50277430,79922491395,22129342,25024109,79495423109,0.000000,0.000000,0.000000,0.000000,0.000000,0.000000,,,,,,,,,,,1653973,,,,5283975,47995,,,,,,,,,,,4176998129,,,,,,,,,,,,,,,,,,,,,,,,,,,,74756060409,0,92235279,,,,79382470124,,,,,,,,357176307,0.000000,16,ycsb_b,0.000000,7441.948265
2100,5,10,10,100,10000,0,50,16,1,10,0,95,100000,0,0,4,0.0000,2810,128,256,256,256,256,0.000000,4,0,0,0,0,-nan,0,10085285.500000,360821,0.999956,0.000000,0,0.000000,360805,360805,90201.250000,0,163235.333568,90205.250000,0,0.000000,0.000000,0.000000,0.000000,0.000000,0.000000,0.000000,0.000000,1.500121,0,16,0,90201.250000,277.358108,0,0,0,271116 kB,ermia_plain_pwal,2242.821067,0,0.000000,0.000000,0.000000,3,5,/home/sa2shun/tx-playground/ccbench/results/ermia_wal_pwal_cstamp_20260607_195430/logs/ycsb_b_ermia_plain_pwal_th16_r3.err,/home/sa2shun/tx-playground/ccbench/results/ermia_wal_pwal_cstamp_20260607_195430/logs/ycsb_b_ermia_plain_pwal_th16_r3.out,16,2337603,123663033,0,0,91748892,53528854,2167280498,58900857,100296575,156716294,78394104737,222796753,228930220,75187905158,134.389069,0.000000,0.000000,0.000000,0.000000,0.000000,2810,128,256,256,256,256,360821,0,360821,0,201090,0,0,0,40341142,360821,0,1,0,0,0,0,0,541251,sync,360821,58896124528,0,0,0,0,0,0,0,541251,16,360821,0,100072192,0,0,0,2810,128,256,256,256,256,360805,541226,360805,0,0,1,54772611,5525484192,809221055,0,0,16,72557666293,48488248,0,0,0,0,0,0,7123503467,0.000000,16,ycsb_b,0.000000,19743.361281
2100,5,10,10,100,10000,0,50,16,1,10,0,95,100000,0,0,23,0.0000,6186,256,256,256,4096,512,247.928835,4,6,0,60,0,-nan,0,26770085.250000,932192,6.409721,1255.481987,1,1.004058,932151,932185,233037.750000,0,17924.095625,36358.250000,100,10.499405,64.000481,14882.153401,8.000060,1253.567010,7.774890,41167.246824,10.499405,0.000000,8,8,34,233046.250000,0.000000,65536,2,1129,438376 kB,ermia_async_dep_frontier_cstamp,2205.537326,35,328.731225,9.499109,141.918208,3,5,/home/sa2shun/tx-playground/ccbench/results/ermia_wal_pwal_cstamp_20260607_195430/logs/ycsb_b_ermia_async_dep_frontier_cstamp_th16_r3.err,/home/sa2shun/tx-playground/ccbench/results/ermia_wal_pwal_cstamp_20260607_195430/logs/ycsb_b_ermia_async_dep_frontier_cstamp_th16_r3.out,16,13659140,180022576,0,0,158433614,143209937,21935894498,84301883,160903027,369643635,77120053361,2446050718,508686486,51119247847,139.679083,1.004058,1.004058,7248.388189,1.004058,454.467933,6186,256,256,256,4096,512,932192,231115541,932192,932192,421048,6,0,60,107080341,932192,1170341476,1,306427139691,59660288,7457536,7247636,935968,0,async_dep_frontier_cstamp,145433,16708573080,932192,145433,9787388,13872920168,1168556363,38375489981,9787388,0,8,932192,0,0,1071,2,1129,6186,256,256,256,4096,512,932151,0,932185,34,35,1,0,0,2055968812,8854927,132294025,41,392497934108,130206746,935968,6756838744,935968,423648190,0,466506,5044841291,0.000000,16,ycsb_b,0.500444,5411.845600
2100,5,10,10,100,10000,0,50,32,1,10,0,95,100000,0,0,4,0.0001,0,0,0,0,0,0,0.000000,4,0,0,0,0,-nan,0,1311618.250000,47600,47600.000000,0.000000,0,0.000000,47600,47600,11900.000000,0,88088.117017,0.000000,0,0.000000,0.000000,0.000000,0.000000,0.000000,0.000000,0.000000,0.000000,0.000000,0,32,0,11900.000000,0.000000,0,0,0,263464 kB,ermia_single_wal,1963.864055,0,0.000000,0.000000,0.000000,3,5,/home/sa2shun/tx-playground/ccbench/results/ermia_wal_pwal_cstamp_20260607_195430/logs/ycsb_b_ermia_single_wal_th32_r3.err,/home/sa2shun/tx-playground/ccbench/results/ermia_wal_pwal_cstamp_20260607_195430/logs/ycsb_b_ermia_single_wal_th32_r3.out,32,2219004,8721043,0,0,10830572,1470317,277854248,1466679,115961453,160542759,159973465559,23645631,24893379,159345860474,0.000000,0.000000,0.000000,0.000000,0.000000,0.000000,,,,,,,,,,,3345206,,,,5246473,47600,,,,,,,,,,,4192994370,,,,,,,,,,,,,,,,,,,,,,,,,,,,154605309814,0,93479929,,,,159231817839,,,,,,,,340033726,0.000000,32,ycsb_b,0.000000,7143.565672
2100,5,10,10,100,10000,0,50,32,1,10,0,95,100000,0,0,198,0.0004,1942,256,256,256,512,512,0.000000,4,0,0,0,0,-nan,0,12509291.500000,444324,0.999928,0.000000,0,0.000000,444292,444292,111073.000000,0,268936.208338,111081.000000,0,0.000000,0.000000,0.000000,0.000000,0.000000,0.000000,0.000000,0.000000,1.501463,0,32,0,111073.000000,297.951451,0,0,0,303664 kB,ermia_plain_pwal,2337.165117,0,0.000000,0.000000,0.000000,3,5,/home/sa2shun/tx-playground/ccbench/results/ermia_wal_pwal_cstamp_20260607_195430/logs/ycsb_b_ermia_plain_pwal_th32_r3.err,/home/sa2shun/tx-playground/ccbench/results/ermia_wal_pwal_cstamp_20260607_195430/logs/ycsb_b_ermia_plain_pwal_th32_r3.out,32,15555631,259099300,0,0,151432425,76266970,2734685780,135415323,270354361,268824380,156633244482,305060547,408416694,152008133071,148.345557,0.000000,0.000000,0.000000,0.000000,0.000000,1942,256,256,256,512,512,444324,0,444324,0,327656,0,0,0,50037166,444324,0,1,0,0,0,0,0,667088,sync,444324,119486205875,0,0,0,0,0,0,0,667088,32,444324,0,132377446,0,0,0,1942,256,256,256,512,512,444292,667032,444292,0,0,1,76115939,11744071737,1038383764,0,0,32,145585528090,65908744,0,0,0,0,0,0,13042464585,0.000000,32,ycsb_b,0.000000,29355.614292
2100,5,10,10,100,10000,0,50,32,1,10,0,95,100000,0,0,47,0.0001,3170,256,256,256,1024,512,233.609111,4,6,0,57,0,-nan,0,26088447.250000,902844,6.378645,1314.177886,1,1.003121,902758,902827,225689.500000,0,19054.515345,35384.750000,100,10.497885,64.001205,48020.408221,8.000151,1287.898401,7.771417,95896.916334,10.497885,0.000000,8,8,69,225706.750000,0.000000,65536,2,561,453600 kB,ermia_async_dep_frontier_cstamp,2574.993623,64,329.141085,9.497264,130.483103,3,5,/home/sa2shun/tx-playground/ccbench/results/ermia_wal_pwal_cstamp_20260607_195430/logs/ycsb_b_ermia_async_dep_frontier_cstamp_th32_r3.err,/home/sa2shun/tx-playground/ccbench/results/ermia_wal_pwal_cstamp_20260607_195430/logs/ycsb_b_ermia_async_dep_frontier_cstamp_th32_r3.out,32,26622143,187198008,0,0,183219911,139225794,48965704673,88936629,220113691,427481607,156999956831,5306249814,520037507,100935167054,137.641773,1.003121,1.003121,8844.376182,1.003121,496.742014,3170,256,256,256,1024,512,902844,210908613,902844,902844,512762,6,0,57,104353789,902844,1186475278,1,297134747295,57782016,7222752,7016245,905645,0,async_dep_frontier_cstamp,141539,17202930925,902844,141539,9477774,43354121093,1162749450,86578325283,9477774,0,8,902844,0,0,543,2,561,3170,256,256,256,1024,512,902758,0,902827,69,64,1,0,0,2324773768,8574386,117803668,86,462944883167,124266709,905645,7984941615,905645,448472102,0,453544,5114367368,0.000000,32,ycsb_b,0.502360,5664.836528
2100,5,10,10,100,10000,0,50,1,1,10,0,95,100000,0,0,0,0.0000,0,0,0,0,0,0,0.000000,4,0,0,0,0,-nan,0,1398465.250000,51753,51753.000000,0.000000,0,0.000000,51753,51753,12938.250000,0,80176.432342,0.000000,0,0.000000,0.000000,0.000000,0.000000,0.000000,0.000000,0.000000,0.000000,0.000000,0,1,0,12938.250000,0.000000,0,0,0,221108 kB,ermia_single_wal,1726.942245,0,0.000000,0.000000,0.000000,4,5,/home/sa2shun/tx-playground/ccbench/results/ermia_wal_pwal_cstamp_20260607_195430/logs/ycsb_b_ermia_single_wal_th1_r4.err,/home/sa2shun/tx-playground/ccbench/results/ermia_wal_pwal_cstamp_20260607_195430/logs/ycsb_b_ermia_single_wal_th1_r4.out,1,0,3359607,0,0,4133378,1545653,265663615,1523029,1577270,3651398,4935248371,16357116,14800332,4622636973,0.000000,0.000000,0.000000,0.000000,0.000000,0.000000,,,,,,,,,,,89054,,,,5593861,51753,,,,,,,,,,,4149370903,,,,,,,,,,,,,,,,,,,,,,,,,,,,3149410,0,89374442,,,,4608846006,,,,,,,,366951251,0.000000,1,ycsb_b,0.000000,7090.434390
2100,5,10,10,100,10000,0,50,1,1,10,0,95,100000,0,0,0,0.0000,3994,64,64,64,128,64,0.000000,4,0,0,0,0,-nan,0,1407467.000000,51746,0.999981,0.000000,0,0.000000,51745,51745,12936.250000,0,79404.408097,12936.500000,0,0.000000,0.000000,0.000000,0.000000,0.000000,0.000000,0.000000,0.000000,1.502290,0,1,0,12936.250000,43.185332,0,0,0,221336 kB,ermia_plain_pwal,1904.941560,0,0.000000,0.000000,0.000000,4,5,/home/sa2shun/tx-playground/ccbench/results/ermia_wal_pwal_cstamp_20260607_195430/logs/ycsb_b_ermia_plain_pwal_th1_r4.err,/home/sa2shun/tx-playground/ccbench/results/ermia_wal_pwal_cstamp_20260607_195430/logs/ycsb_b_ermia_plain_pwal_th1_r4.out,1,0,3353062,0,0,4080091,1547853,302283012,1546190,1604419,3757211,4936555611,23694168,14521846,4580167759,93.087042,0.000000,0.000000,0.000000,0.000000,0.000000,3994,64,64,64,128,64,51746,0,51746,0,87780,0,0,0,5629868,51746,0,1,0,0,0,0,0,77736,sync,51746,4108781097,0,0,0,0,0,0,0,77736,1,51746,0,2234625,0,0,0,3994,64,64,64,128,64,51745,77733,51745,0,0,1,1736594,2648595,98571201,0,0,1,4542288640,4816789,0,0,0,0,0,0,323499739,0.000000,1,ycsb_b,0.000000,6251.806725
2100,5,10,10,100,10000,0,50,1,1,10,0,95,100000,0,0,0,0.0000,773,128,128,256,512,256,109.520988,4,7,0,12,0,-nan,0,9217634.000000,323680,7.996023,350.054084,1,1.000003,323662,323679,80915.500000,0,10861.153291,10120.000000,100,10.500008,64.000198,927.782859,8.000025,484.347338,0.954659,4362.485252,10.500008,0.000000,8,8,17,80919.750000,0.000000,65536,1,51,258860 kB,ermia_async_dep_frontier_cstamp,876.689143,17,191.986710,9.500005,47.842767,4,5,/home/sa2shun/tx-playground/ccbench/results/ermia_wal_pwal_cstamp_20260607_195430/logs/ycsb_b_ermia_async_dep_frontier_cstamp_th1_r4.err,/home/sa2shun/tx-playground/ccbench/results/ermia_wal_pwal_cstamp_20260607_195430/logs/ycsb_b_ermia_async_dep_frontier_cstamp_th1_r4.out,1,0,13289413,0,0,24789998,9765890,2204480626,9985084,10010305,23748040,4683883928,208257133,88884358,2090673081,59.865203,1.000003,1.000003,244.818255,1.000003,136.674709,773,128,128,256,512,256,323680,35449644,323680,323680,212760,7,0,12,36870536,323680,113305156,1,62138802413,20715520,2589440,309003,323680,0,async_dep_frontier_cstamp,40480,3515527236,323680,40480,3398632,300303828,156773062,1412044864,3398632,0,8,323680,0,0,51,1,51,773,128,128,256,512,256,323662,0,323679,17,17,1,0,0,283765865,3074952,15485699,18,68866343394,19377109,323680,79242528,323680,44238733,0,161712,752027257,0.000000,1,ycsb_b,0.499606,2323.373642
2100,5,10,10,100,10000,0,50,2,1,10,0,95,100000,0,0,0,0.0000,0,0,0,0,0,0,0.000000,4,0,0,0,0,-nan,0,1414283.250000,52209,52209.000000,0.000000,0,0.000000,52209,52209,13052.250000,0,80263.905917,0.000000,0,0.000000,0.000000,0.000000,0.000000,0.000000,0.000000,0.000000,0.000000,0.000000,0,2,0,13052.250000,0.000000,0,0,0,222356 kB,ermia_single_wal,1761.721906,0,0.000000,0.000000,0.000000,4,5,/home/sa2shun/tx-playground/ccbench/results/ermia_wal_pwal_cstamp_20260607_195430/logs/ycsb_b_ermia_single_wal_th2_r4.err,/home/sa2shun/tx-playground/ccbench/results/ermia_wal_pwal_cstamp_20260607_195430/logs/ycsb_b_ermia_single_wal_th2_r4.out,2,0,10721431,0,0,9472889,1575315,278053520,1518778,1853938,7102719,9913562333,16940714,21139607,9565183422,0.000000,0.000000,0.000000,0.000000,0.000000,0.000000,,,,,,,,,,,181401,,,,5657133,52209,,,,,,,,,,,4190498264,,,,,,,,,,,,,,,,,,,,,,,,,,,,4798766145,0,91977739,,,,9470799842,,,,,,,,389557694,0.000000,2,ycsb_b,0.000000,7461.504606
2100,5,10,10,100,10000,0,50,2,1,10,0,95,100000,0,0,0,0.0000,4017,64,64,64,256,128,0.000000,4,0,0,0,0,-nan,0,2475492.000000,90855,0.999978,0.000000,0,0.000000,90853,90853,22713.250000,0,83454.089628,22713.750000,0,0.000000,0.000000,0.000000,0.000000,0.000000,0.000000,0.000000,0.000000,1.499312,0,2,0,22713.250000,92.493743,0,0,0,225668 kB,ermia_plain_pwal,1990.621730,0,0.000000,0.000000,0.000000,4,5,/home/sa2shun/tx-playground/ccbench/results/ermia_wal_pwal_cstamp_20260607_195430/logs/ycsb_b_ermia_plain_pwal_th2_r4.err,/home/sa2shun/tx-playground/ccbench/results/ermia_wal_pwal_cstamp_20260607_195430/logs/ycsb_b_ermia_plain_pwal_th2_r4.out,2,0,10231732,0,0,12242195,6334621,539630463,3036510,4146722,14935380,9831370245,43243675,31003580,9166565367,92.211429,0.000000,0.000000,0.000000,0.000000,0.000000,4017,64,64,64,256,128,90855,0,90855,0,99663,0,0,0,9901968,90855,0,1,0,0,0,0,0,136217,sync,90855,7582054405,0,0,0,0,0,0,0,136217,2,90855,0,8403334,0,0,0,4017,64,64,64,256,128,90853,136215,90853,0,0,1,7943065,90919064,180853956,0,0,2,9054969082,8377685,0,0,0,0,0,0,1176417573,0.000000,2,ycsb_b,0.000000,12948.582578
2100,5,10,10,100,10000,0,50,2,1,10,0,95,100000,0,0,1,0.0000,5959,128,256,256,4096,4096,125.423790,4,7,0,29,0,-nan,0,13789542.250000,482201,7.994313,389.772898,1,1.001363,482179,482201,120544.750000,0,10983.594277,15079.500000,100,10.498317,64.000000,1379.442110,8.000000,653.017742,1.926004,6541.091920,10.498317,0.000000,8,8,22,120550.250000,0.000000,65536,1,625,272120 kB,ermia_async_dep_frontier_cstamp,992.997810,22,299.389409,9.498298,50.360706,4,5,/home/sa2shun/tx-playground/ccbench/results/ermia_wal_pwal_cstamp_20260607_195430/logs/ycsb_b_ermia_async_dep_frontier_cstamp_th2_r4.err,/home/sa2shun/tx-playground/ccbench/results/ermia_wal_pwal_cstamp_20260607_195430/logs/ycsb_b_ermia_async_dep_frontier_cstamp_th2_r4.out,2,700375,38591621,0,0,62810246,36671284,3840495101,16387814,20207143,84347606,9311493976,396660449,157539723,4657082614,59.655994,1.001363,1.001363,481.004473,1.001363,187.302704,5959,128,256,256,4096,4096,482201,60479477,482201,482201,324568,7,0,29,55158169,482201,187948881,1,144359286032,30860864,3857608,928721,482858,0,async_dep_frontier_cstamp,60318,5296300144,482201,60318,5062299,665168365,314885808,3154121065,5062299,0,8,482201,0,0,614,1,625,5959,128,256,256,4096,4096,482179,0,482201,22,22,1,0,0,478824537,4580089,24283983,22,156507207674,28766180,482858,231940838,482858,90317551,0,241703,1614884813,0.000000,2,ycsb_b,0.501249,3348.986860
2100,5,10,10,100,10000,0,50,4,1,10,0,95,100000,0,0,0,0.0000,0,0,0,0,0,0,0.000000,4,0,0,0,0,-nan,0,1407705.000000,51859,51859.000000,0.000000,0,0.000000,51859,51859,12964.750000,0,81000.438805,0.000000,0,0.000000,0.000000,0.000000,0.000000,0.000000,0.000000,0.000000,0.000000,0.000000,0,4,0,12964.750000,0.000000,0,0,0,225068 kB,ermia_single_wal,1729.235003,0,0.000000,0.000000,0.000000,4,5,/home/sa2shun/tx-playground/ccbench/results/ermia_wal_pwal_cstamp_20260607_195430/logs/ycsb_b_ermia_single_wal_th4_r4.err,/home/sa2shun/tx-playground/ccbench/results/ermia_wal_pwal_cstamp_20260607_195430/logs/ycsb_b_ermia_single_wal_th4_r4.out,4,0,10741985,0,0,7208828,1531957,273383187,1523447,2529892,11957789,19919707842,17131729,20783052,19572915976,0.000000,0.000000,0.000000,0.000000,0.000000,0.000000,,,,,,,,,,,375620,,,,5630820,51859,,,,,,,,,,,4200601756,,,,,,,,,,,,,,,,,,,,,,,,,,,,14810782669,0,89676398,,,,19479279526,,,,,,,,378218703,0.000000,4,ycsb_b,0.000000,7293.212422
2100,5,10,10,100,10000,0,50,4,1,10,0,95,100000,0,0,1,0.0000,4195,64,64,128,128,128,0.000000,4,0,0,0,0,-nan,0,4694862.750000,170245,0.999977,0.000000,0,0.000000,170241,170241,42560.250000,0,88833.822822,42561.250000,0,0.000000,0.000000,0.000000,0.000000,0.000000,0.000000,0.000000,0.000000,1.499633,0,4,0,42560.250000,140.870437,0,0,0,236860 kB,ermia_plain_pwal,1982.123319,0,0.000000,0.000000,0.000000,4,5,/home/sa2shun/tx-playground/ccbench/results/ermia_wal_pwal_cstamp_20260607_195430/logs/ycsb_b_ermia_plain_pwal_th4_r4.err,/home/sa2shun/tx-playground/ccbench/results/ermia_wal_pwal_cstamp_20260607_195430/logs/ycsb_b_ermia_plain_pwal_th4_r4.out,4,1166937,23077518,0,0,24841749,16174123,950271907,8558178,15703947,34454211,19623504241,82320265,60193362,18406742044,77.867840,0.000000,0.000000,0.000000,0.000000,0.000000,4195,64,64,128,128,128,170245,0,170245,0,106735,0,0,0,18779451,170245,0,1,0,0,0,0,0,255299,sync,170245,15123158831,0,0,0,0,0,0,0,255299,4,170245,0,23981924,0,0,0,4195,64,64,128,128,128,170241,255294,170241,0,0,1,19258358,516372064,337438656,0,0,4,18171177000,13256299,0,0,0,0,0,0,2137710868,0.000000,4,ycsb_b,0.000000,12556.968462
2100,5,10,10,100,10000,0,50,4,1,10,0,95,100000,0,0,7,0.0000,6024,128,256,256,4096,1024,137.111470,4,7,0,46,0,-nan,0,23004617.250000,804849,7.961274,447.614777,1,1.003125,804793,804845,201198.250000,0,13160.964183,25273.750000,100,10.499958,64.000318,1794.038494,8.000040,905.811232,3.891437,8278.095080,10.499958,0.000000,8,8,52,201211.250000,0.000000,65536,1,1009,401304 kB,ermia_async_dep_frontier_cstamp,1111.401090,52,284.260995,9.499896,67.659467,4,5,/home/sa2shun/tx-playground/ccbench/results/ermia_wal_pwal_cstamp_20260607_195430/logs/ycsb_b_ermia_async_dep_frontier_cstamp_th4_r4.err,/home/sa2shun/tx-playground/ccbench/results/ermia_wal_pwal_cstamp_20260607_195430/logs/ycsb_b_ermia_async_dep_frontier_cstamp_th4_r4.out,4,4553343,84356048,0,0,102234606,68261092,7278197704,32915425,49680083,162344666,18679734688,742318964,285184711,9869688046,69.735456,1.003125,1.003125,948.261652,1.003125,209.248806,6024,128,256,256,4096,1024,804849,110353481,804849,804849,315400,7,0,46,92018469,804849,360260515,1,228771258596,51510336,6438792,3132004,807360,0,async_dep_frontier_cstamp,101095,10592536218,804849,101095,8450839,1443922912,729037641,6662583435,8450839,0,8,804849,0,0,966,1,1009,6024,128,256,256,4096,1024,804793,0,804845,52,52,1,0,0,894505610,7645944,54455384,56,253849503351,56126233,807360,763203649,807360,168412855,0,402170,3242846822,0.000000,4,ycsb_b,0.499686,4029.156946
2100,5,10,10,100,10000,0,50,8,1,10,0,95,100000,0,0,0,0.0000,0,0,0,0,0,0,0.000000,4,0,0,0,0,-nan,0,1347916.500000,49772,49772.000000,0.000000,0,0.000000,49772,49772,12443.000000,0,84576.130535,0.000000,0,0.000000,0.000000,0.000000,0.000000,0.000000,0.000000,0.000000,0.000000,0.000000,0,8,0,12443.000000,0.000000,0,0,0,230220 kB,ermia_single_wal,1806.372499,0,0.000000,0.000000,0.000000,4,5,/home/sa2shun/tx-playground/ccbench/results/ermia_wal_pwal_cstamp_20260607_195430/logs/ycsb_b_ermia_single_wal_th8_r4.err,/home/sa2shun/tx-playground/ccbench/results/ermia_wal_pwal_cstamp_20260607_195430/logs/ycsb_b_ermia_single_wal_th8_r4.out,8,0,10366086,0,0,6381571,1479844,266203598,1469434,7443133,14946384,39925598052,16722976,20754892,39579830134,0.000000,0.000000,0.000000,0.000000,0.000000,0.000000,,,,,,,,,,,793372,,,,5391666,49772,,,,,,,,,,,4209523169,,,,,,,,,,,,,,,,,,,,,,,,,,,,34811042376,0,89906772,,,,39487717231,,,,,,,,377244914,0.000000,8,ycsb_b,0.000000,7579.460620
2100,5,10,10,100,10000,0,50,8,1,10,0,95,100000,0,0,27,0.0001,4311,128,128,128,256,128,0.000000,4,0,0,0,0,-nan,0,7414366.000000,267538,0.999970,0.000000,0,0.000000,267530,267530,66882.500000,0,106406.944324,66884.500000,0,0.000000,0.000000,0.000000,0.000000,0.000000,0.000000,0.000000,0.000000,1.499316,0,8,0,66882.500000,200.197772,0,0,0,249484 kB,ermia_plain_pwal,2118.040825,0,0.000000,0.000000,0.000000,4,5,/home/sa2shun/tx-playground/ccbench/results/ermia_wal_pwal_cstamp_20260607_195430/logs/ycsb_b_ermia_plain_pwal_th8_r4.err,/home/sa2shun/tx-playground/ccbench/results/ermia_wal_pwal_cstamp_20260607_195430/logs/ycsb_b_ermia_plain_pwal_th8_r4.out,8,2221608,66020759,0,0,57585608,37538037,1578690239,28005899,50108388,88888634,39057101921,161973025,136241238,36849828486,125.159324,0.000000,0.000000,0.000000,0.000000,0.000000,4311,128,128,128,256,128,267538,0,267538,0,134168,0,0,0,29657464,267538,0,1,0,0,0,0,0,401112,sync,267538,28467049815,0,0,0,0,0,0,0,401112,8,267538,0,53558910,0,0,0,4311,128,128,128,256,128,267530,401099,267530,0,0,1,46220881,1854511883,566639462,0,0,8,35895129738,33483874,0,0,0,0,0,0,4873664913,0.000000,8,ycsb_b,0.000000,18217.265028
2100,5,10,10,100,10000,0,50,8,1,10,0,95,100000,0,0,15,0.0000,6384,256,256,512,4096,2048,265.241984,4,6,0,73,0,-nan,0,26787656.500000,937120,6.525196,1133.261724,1,1.005748,937057,937116,234264.250000,0,19364.538858,35903.750000,100,10.499019,64.000273,3723.129472,8.000034,1153.168886,7.776592,14967.293082,10.499019,0.000000,8,8,59,234279.000000,0.000000,65536,3,1597,447988 kB,ermia_async_dep_frontier_cstamp,1564.259262,61,391.903906,9.498878,131.880771,4,5,/home/sa2shun/tx-playground/ccbench/results/ermia_wal_pwal_cstamp_20260607_195430/logs/ycsb_b_ermia_async_dep_frontier_cstamp_th8_r4.err,/home/sa2shun/tx-playground/ccbench/results/ermia_wal_pwal_cstamp_20260607_195430/logs/ycsb_b_ermia_async_dep_frontier_cstamp_th8_r4.out,8,8523936,152256539,0,0,138384710,122323214,12058139877,61802994,115498322,299147743,37721697712,1296746514,434611556,23034262307,126.418895,1.005748,1.005748,4792.501897,1.005748,271.858943,6384,256,256,512,4096,2048,937120,248562507,937120,937120,445013,6,0,73,107150626,937120,1061997694,1,367236298258,59975680,7496960,7287569,942503,0,async_dep_frontier_cstamp,143615,18146819196,937120,143615,9838799,3489004198,1080653014,14026089824,9838799,0,8,937120,0,0,1518,3,1597,6384,256,256,512,4096,2048,937057,0,937116,59,61,1,0,0,1465892383,8901551,123587581,63,417030750950,118469169,942503,4491130208,942503,254763365,0,469216,5287483553,0.000000,8,ycsb_b,0.500702,5642.293540
2100,5,10,10,100,10000,0,50,16,1,10,0,95,100000,0,0,0,0.0000,0,0,0,0,0,0,0.000000,4,0,0,0,0,-nan,0,1275393.250000,46834,46834.000000,0.000000,0,0.000000,46834,46834,11708.500000,0,89005.981402,0.000000,0,0.000000,0.000000,0.000000,0.000000,0.000000,0.000000,0.000000,0.000000,0.000000,0,16,0,11708.500000,0.000000,0,0,0,240956 kB,ermia_single_wal,1849.246893,0,0.000000,0.000000,0.000000,4,5,/home/sa2shun/tx-playground/ccbench/results/ermia_wal_pwal_cstamp_20260607_195430/logs/ycsb_b_ermia_single_wal_th16_r4.err,/home/sa2shun/tx-playground/ccbench/results/ermia_wal_pwal_cstamp_20260607_195430/logs/ycsb_b_ermia_single_wal_th16_r4.out,16,0,10695801,0,0,7275952,1406064,271304013,1403287,35106759,37733527,79924511662,19372351,24027204,79516186704,0.000000,0.000000,0.000000,0.000000,0.000000,0.000000,,,,,,,,,,,1695332,,,,5101573,46834,,,,,,,,,,,4168506133,,,,,,,,,,,,,,,,,,,,,,,,,,,,74778067062,0,86607629,,,,79399188814,,,,,,,,366007990,0.000000,16,ycsb_b,0.000000,7815.005979
2100,5,10,10,100,10000,0,50,16,1,10,0,95,100000,0,0,8,0.0000,4458,128,256,256,256,256,0.000000,4,0,0,0,0,-nan,0,9691227.750000,346260,0.999954,0.000000,0,0.000000,346244,346244,86561.000000,0,172854.231964,86565.000000,0,0.000000,0.000000,0.000000,0.000000,0.000000,0.000000,0.000000,0.000000,1.501343,0,16,0,86561.000000,274.571834,0,0,0,266928 kB,ermia_plain_pwal,2243.493955,0,0.000000,0.000000,0.000000,4,5,/home/sa2shun/tx-playground/ccbench/results/ermia_wal_pwal_cstamp_20260607_195430/logs/ycsb_b_ermia_plain_pwal_th16_r4.err,/home/sa2shun/tx-playground/ccbench/results/ermia_wal_pwal_cstamp_20260607_195430/logs/ycsb_b_ermia_plain_pwal_th16_r4.out,16,4203411,122093078,0,0,86892883,53759485,2113915311,59770770,105750525,145830064,78370757550,213822504,222229977,75242489542,135.671616,0.000000,0.000000,0.000000,0.000000,0.000000,4458,128,256,256,256,256,346260,0,346260,0,210308,0,0,0,38764911,346260,0,1,0,0,0,0,0,519831,sync,346260,59849740692,0,0,0,0,0,0,0,519831,16,346260,0,95068850,0,0,0,4458,128,256,256,256,256,346244,519808,346244,0,0,1,53602275,5309728901,776796321,0,0,16,72821288094,46975483,0,0,0,0,0,0,6689375572,0.000000,16,ycsb_b,0.000000,19319.831021
2100,5,10,10,100,10000,0,50,16,1,10,0,95,100000,0,0,27,0.0000,6086,256,256,256,4096,512,251.438777,4,6,0,65,0,-nan,0,27461747.500000,957078,6.682897,1243.309759,1,1.004568,957011,957071,239252.750000,0,18553.055597,35803.000000,100,10.500102,64.000468,14396.831432,8.000059,1257.961026,7.778815,38871.388248,10.500102,0.000000,8,8,60,239267.750000,0.000000,65536,2,1161,456684 kB,ermia_async_dep_frontier_cstamp,2176.037714,61,348.144570,9.499806,102.572535,4,5,/home/sa2shun/tx-playground/ccbench/results/ermia_wal_pwal_cstamp_20260607_195430/logs/ycsb_b_ermia_async_dep_frontier_cstamp_th16_r4.err,/home/sa2shun/tx-playground/ccbench/results/ermia_wal_pwal_cstamp_20260607_195430/logs/ycsb_b_ermia_async_dep_frontier_cstamp_th16_r4.out,16,16695525,178186046,0,0,170821421,143960058,22246483573,83520015,162823149,379921998,77124971548,2466549626,519503857,50756506280,141.425391,1.004568,1.004568,7563.473232,1.004568,490.365953,6086,256,256,256,4096,512,957078,240644762,957078,957078,438269,6,0,65,109846990,957078,1189935714,1,333178182911,61252992,7656624,7444878,961443,0,async_dep_frontier_cstamp,143212,17756591473,957078,143212,10049343,13778789855,1203958017,37202678422,10049343,0,8,957078,0,0,1095,2,1161,6086,256,256,256,4096,512,957011,0,957071,60,61,1,0,0,2082622591,9091989,98169199,67,419458015960,135354140,961443,7238780890,961443,469315033,0,478306,4882992953,0.000000,16,ycsb_b,0.499760,5102.017461
2100,5,10,10,100,10000,0,50,32,1,10,0,95,100000,0,0,7,0.0001,0,0,0,0,0,0,0.000000,4,0,0,0,0,-nan,0,1332351.500000,48416,48416.000000,0.000000,0,0.000000,48416,48416,12104.000000,0,86416.860439,0.000000,0,0.000000,0.000000,0.000000,0.000000,0.000000,0.000000,0.000000,0.000000,0.000000,0,32,0,12104.000000,0.000000,0,0,0,263548 kB,ermia_single_wal,1967.504978,0,0.000000,0.000000,0.000000,4,5,/home/sa2shun/tx-playground/ccbench/results/ermia_wal_pwal_cstamp_20260607_195430/logs/ycsb_b_ermia_single_wal_th32_r4.err,/home/sa2shun/tx-playground/ccbench/results/ermia_wal_pwal_cstamp_20260607_195430/logs/ycsb_b_ermia_single_wal_th32_r4.out,32,4436368,9005834,0,0,10949856,1508824,294321617,1478970,110043222,136659724,159966382099,30890128,25725224,159341362332,0.000000,0.000000,0.000000,0.000000,0.000000,0.000000,,,,,,,,,,,3288765,,,,5329406,48416,,,,,,,,,,,4183958715,,,,,,,,,,,,,,,,,,,,,,,,,,,,154602133597,0,95258721,,,,159228861213,,,,,,,,347510180,0.000000,32,ycsb_b,0.000000,7177.589640
2100,5,10,10,100,10000,0,50,32,1,10,0,95,100000,0,0,50,0.0001,4453,256,256,256,1024,512,0.000000,4,0,0,0,0,-nan,0,12086222.000000,430892,0.999926,0.000000,0,0.000000,430860,430860,107715.000000,0,275037.314940,107723.000000,0,0.000000,0.000000,0.000000,0.000000,0.000000,0.000000,0.000000,0.000000,1.498823,0,32,0,107715.000000,322.080258,0,0,0,297296 kB,ermia_plain_pwal,2430.981270,0,0.000000,0.000000,0.000000,4,5,/home/sa2shun/tx-playground/ccbench/results/ermia_wal_pwal_cstamp_20260607_195430/logs/ycsb_b_ermia_plain_pwal_th32_r4.err,/home/sa2shun/tx-playground/ccbench/results/ermia_wal_pwal_cstamp_20260607_195430/logs/ycsb_b_ermia_plain_pwal_th32_r4.out,32,12616482,232507532,0,0,156622341,70561659,2916213042,155532098,312029523,255454380,156467072519,302674492,379860012,151673000958,151.629940,0.000000,0.000000,0.000000,0.000000,0.000000,4453,256,256,256,1024,512,430892,0,430892,0,336911,0,0,0,48344888,430892,0,1,0,0,0,0,0,645783,sync,430892,118502577515,0,0,0,0,0,0,0,645783,32,430892,0,138771500,0,0,0,4453,256,256,256,1024,512,430860,645738,430860,0,0,1,80699371,12337636095,1047412590,0,0,32,145172394055,65331276,0,0,0,0,0,0,12999965708,0.000000,32,ycsb_b,0.000000,30172.134122
2100,5,10,10,100,10000,0,50,32,1,10,0,95,100000,0,0,35,0.0000,8630,256,256,512,4096,2048,230.015706,4,6,0,65,0,-nan,0,24697256.250000,859289,6.255582,1305.268899,1,1.003747,859215,859273,214803.750000,0,20373.321990,34340.250000,100,10.501621,64.001192,52238.936082,8.000149,1326.145998,7.753843,101290.212350,10.501621,0.000000,8,8,58,214818.250000,0.000000,65536,2,1520,424840 kB,ermia_async_dep_frontier_cstamp,2543.272948,59,389.425182,9.501017,127.394904,4,5,/home/sa2shun/tx-playground/ccbench/results/ermia_wal_pwal_cstamp_20260607_195430/logs/ycsb_b_ermia_async_dep_frontier_cstamp_th32_r4.err,/home/sa2shun/tx-playground/ccbench/results/ermia_wal_pwal_cstamp_20260607_195430/logs/ycsb_b_ermia_async_dep_frontier_cstamp_th32_r4.out,32,20434756,178835252,0,0,178011054,139010211,50119658671,82340688,204075746,409945396,157188394539,5402186306,495655495,99958240964,135.487561,1.003747,1.003747,8038.735000,1.003747,516.623265,8630,256,256,512,4096,2048,859289,197646286,859289,859289,583493,6,0,65,98789025,859289,1121582323,1,334599957794,54994496,6874312,6662668,862493,0,async_dep_frontier_cstamp,137361,17506245506,859289,137361,9023759,44887507324,1139521450,87035944637,9023759,0,8,859289,0,0,1422,2,1520,8630,256,256,512,4096,2048,859215,0,859273,58,59,1,0,0,2185365776,8163967,109467001,74,501389958763,116420803,862493,6907467940,862493,443920423,0,428435,5138911500,0.000000,32,ycsb_b,0.498602,5980.534126
